id,name,lat,lon,instagram_handle,access_token,tags,tier,type,time_category,energy_ramp,price,duration,cover,city,slug,description,contact,hours,address,vibe
ab3aa2f7-6e7d-4503-9c9b-1dc12332be98,"""mu""",51.5421793,-0.0758792,mu.ldn,,"[""jazz"",""vinyl"",""listening"",""cocktails"",""performances"",""djs"",""sake"",""noodles"",""sound"",""nightlife""]",,"[""dinner""]","[""evening""]",1,$$$,1,,london,mu-ldn,,"[""https://www.instagram.com/mu.ldn/?hl=en""]","{""Fri"": {""open1"": ""6:00 pm"", ""close1"": ""12:30 am""}, ""Mon"": null, ""Sat"": {""open1"": ""6:00 pm"", ""close1"": ""12:30 am""}, ""Sun"": {""open1"": ""6:00 pm"", ""close1"": ""11:00 pm""}, ""Thu"": {""open1"": ""6:00 pm"", ""close1"": ""11:30 pm""}, ""Tue"": null, ""Wed"": {""open1"": ""6:00 pm"", ""close1"": ""11:30 pm""}}","432-434 Kingsland Rd, London E8 4AA, United Kingdom","[""immersive"",""experimental"",""intimate"",""sonic"",""moody"",""underground""]"
5022f221-f5cd-4856-995a-a9f9b2000708,107 Wine Bar,51.552093,-0.0525645,107_e5,,"[""naturalwine"",""charcuterie"",""cheeses"",""bottles"",""vermouth"",""oysters"",""spritzes"",""pairings"",""seafood"",""aperitifs""]",,"[""wine bar""]","[""afternoon"",""evening""]",1,$$,1,,london,107-wine-bar-ldn,,"[""https://www.instagram.com/107_e5/?hl=en""]","{""Fri"": {""open1"": ""12:00 pm"", ""close1"": ""11:00 pm""}, ""Mon"": {""open1"": ""12:00 pm"", ""close1"": ""10:00 pm""}, ""Sat"": {""open1"": ""12:00 pm"", ""close1"": ""11:00 pm""}, ""Sun"": {""open1"": ""12:00 pm"", ""close1"": ""10:00 pm""}, ""Thu"": {""open1"": ""12:00 pm"", ""close1"": ""10:00 pm""}, ""Tue"": null, ""Wed"": {""open1"": ""12:00 pm"", ""close1"": ""10:00 pm""}}","107 Lower Clapton Rd, Lower Clapton, London E5 0NP, United Kingdom","[""candlelit"",""relaxed"",""intimate"",""convivial"",""understated"",""warm""]"
f8e68d39-720e-4557-909b-7cb09dbc7f9a,180 Studios,51.5124516,-0.1150753,180.studios,,"[""installations"",""exhibitions"",""performances"",""screenings"",""commissions"",""photography"",""talks"",""soundscapes"",""projections"",""artists""]",,"[""event venue""]","[""afternoon""]",1,$,1,,london,180-studios-ldn,,"[""https://www.instagram.com/180.studios/""]","{""Fri"": {""open1"": ""9:00 am"", ""close1"": ""8:00 pm""}, ""Mon"": {""open1"": ""9:00 am"", ""close1"": ""8:00 pm""}, ""Sat"": {""open1"": ""9:00 am"", ""close1"": ""8:00 pm""}, ""Sun"": {""open1"": ""9:00 am"", ""close1"": ""8:00 pm""}, ""Thu"": {""open1"": ""9:00 am"", ""close1"": ""8:00 pm""}, ""Tue"": {""open1"": ""9:00 am"", ""close1"": ""8:00 pm""}, ""Wed"": {""open1"": ""9:00 am"", ""close1"": ""8:00 pm""}}","Level 2, 180 Strand, Surrey St, Temple, London WC2R 1EA, United Kingdom","[""industrial"",""immersive"",""futuristic"",""expansive"",""experimental"",""cultural""]"
dc2dc987-0e95-4384-85a9-62256819ce67,26 Grains,51.5143846,-0.1262916,26grains,,"[""porridge"",""oats"",""granola"",""brioche"",""ricepudding"",""sourdough"",""omelette"",""brunch"",""coffee"",""seasonal""]",,"[""breakfast"",""lunch""]","[""morning"",""midday""]",1,$$,1,,london,26-grains-ldn,,"[""https://www.instagram.com/26grains/?hl=en""]","{""Fri"": {""open1"": ""8:00 am"", ""close1"": ""7:00 pm""}, ""Mon"": {""open1"": ""8:00 am"", ""close1"": ""7:00 pm""}, ""Sat"": {""open1"": ""9:00 am"", ""close1"": ""7:00 pm""}, ""Sun"": {""open1"": ""9:00 am"", ""close1"": ""4:00 pm""}, ""Thu"": {""open1"": ""8:00 am"", ""close1"": ""7:00 pm""}, ""Tue"": {""open1"": ""8:00 am"", ""close1"": ""7:00 pm""}, ""Wed"": {""open1"": ""8:00 am"", ""close1"": ""7:00 pm""}}","1 Neal's Yard, London WC2H 9DP, United Kingdom","[""wholesome"",""warm"",""bright"",""nourishing"",""calm"",""intimate""]"
9e357227-b8e3-47b2-b20a-0f265639ef96,51 Cave à Manger,51.526139,-0.1088053,51.exmouth,,"[""wine"",""bistro"",""seasonal"",""small plates"",""bottles"",""dinner"",""european"",""pours"",""sharing"",""pairings""]",,"[""dinner""]","[""evening""]",1,$$$,1,,london,51-cave-a-manger-ldn,,"[""https://www.instagram.com/51.exmouth/""]","{""Fri"": {""open1"": ""5:00 pm"", ""close1"": ""11:00 pm""}, ""Mon"": null, ""Sat"": {""open1"": ""4:00 pm"", ""close1"": ""11:00 pm""}, ""Sun"": null, ""Thu"": {""open1"": ""5:00 pm"", ""close1"": ""11:00 pm""}, ""Tue"": {""open1"": ""5:00 pm"", ""close1"": ""11:00 pm""}, ""Wed"": {""open1"": ""5:00 pm"", ""close1"": ""11:00 pm""}}","51 Exmouth Market, London EC1R 4QL, United Kingdom","[""polished"",""intimate"",""modern"",""relaxed"",""thoughtful"",""convivial""]"
8d3f85ff-157f-4a77-8227-bbc789509bcd,74 Duke,51.5134342,-0.1511498,74dukemayfair,,"[""tartare"",""caviar"",""cecina"",""beurre"",""calamari"",""steak"",""desserts"",""wine"",""cocktails"",""lunch""]",,"[""lunch"",""dinner""]","[""midday"",""evening""]",1,$$$,1,,london,74-duke-ldn,,"[""https://www.instagram.com/74dukemayfair/""]","{""Fri"": {""open1"": ""12:00 pm"", ""close1"": ""11:30 pm""}, ""Mon"": {""open1"": ""12:00 pm"", ""close1"": ""11:00 pm""}, ""Sat"": {""open1"": ""12:00 pm"", ""close1"": ""11:30 pm""}, ""Sun"": {""open1"": ""12:00 pm"", ""close1"": ""10:00 pm""}, ""Thu"": {""open1"": ""12:00 pm"", ""close1"": ""11:00 pm""}, ""Tue"": {""open1"": ""12:00 pm"", ""close1"": ""11:00 pm""}, ""Wed"": {""open1"": ""12:00 pm"", ""close1"": ""11:00 pm""}}","74 Duke St, London W1K 6TA, United Kingdom","[""parisian"",""polished"",""elegant"",""refined"",""classic"",""composed""]"
2d0d4d69-29a6-44ba-bd8a-159eeacb16d1,A Bar with Shapes for a Name,51.5356735,-0.0767291,a_bar_with_shapes_for_a_name_,,"[""cocktails"",""highballs"",""spirits"",""ice"",""martinis"",""apertifs"",""bauhaus"",""forms"",""colours"",""drinking""]",,"[""cocktail""]","[""evening"",""late""]",1,$$$,1,,london,a-bar-with-shapes-for-a-name-ldn,,"[""https://www.instagram.com/a_bar_with_shapes_for_a_name_/?hl=en""]","{""Fri"": {""open1"": ""5:00 pm"", ""close1"": ""4:00 am""}, ""Mon"": {""open1"": ""5:00 pm"", ""close1"": ""4:00 am""}, ""Sat"": {""open1"": ""5:00 pm"", ""close1"": ""4:00 am""}, ""Sun"": {""open1"": ""5:00 pm"", ""close1"": ""4:00 am""}, ""Thu"": {""open1"": ""5:00 pm"", ""close1"": ""4:00 am""}, ""Tue"": {""open1"": ""5:00 pm"", ""close1"": ""4:00 am""}, ""Wed"": {""open1"": ""5:00 pm"", ""close1"": ""4:00 am""}}","232 Kingsland Rd, Whitmore Estate, London E2 8AX, United Kingdom","[""bauhaus"",""minimalist"",""playful"",""cerebral"",""geometric"",""experimental""]"
6cda9d4c-ae8d-48bd-a9e4-14c39433e54c,AA Bookshop,51.5184982,-0.1308906,aabookshop,,"[""architecture"",""design"",""urbanism"",""monographs"",""magazines"",""exhibitions"",""publishing"",""journals"",""photography"",""theory""]",,"[""bookstore""]","[""midday"",""afternoon""]",1,$,1,,london,aa-bookshop-ldn,,"[""https://www.instagram.com/aabookshop/?hl=en""]","{""Fri"": {""open1"": ""10:00 am"", ""close1"": ""6:00 pm""}, ""Mon"": {""open1"": ""10:00 am"", ""close1"": ""6:00 pm""}, ""Sat"": {""open1"": ""11:00 am"", ""close1"": ""6:00 pm""}, ""Sun"": null, ""Thu"": {""open1"": ""10:00 am"", ""close1"": ""6:00 pm""}, ""Tue"": {""open1"": ""10:00 am"", ""close1"": ""6:00 pm""}, ""Wed"": {""open1"": ""10:00 am"", ""close1"": ""6:00 pm""}}","33 Bedford Square, London WC1B 3ES, United Kingdom","[""curated"",""contemplative"",""refined"",""intellectual"",""minimal"",""architectural""]"
1a6a2c36-98f1-4edc-933f-99e80364039a,Abuelo,51.5112198,-0.1226052,abuelocafeuk,,"[""espresso"",""coffee"",""brunches"",""pastries"",""latin"",""argentinian"",""australian"",""lattes"",""sandwiches"",""produce""]",,"[""coffee"",""cafe""]","[""morning"",""midday""]",1,$,1,,london,abuelo-ldn,,"[""https://www.instagram.com/abuelocafeuk""]","{""Fri"": {""open1"": ""8:30 am"", ""close1"": ""5:00 pm""}, ""Mon"": {""open1"": ""8:30 am"", ""close1"": ""5:00 pm""}, ""Sat"": {""open1"": ""9:00 am"", ""close1"": ""5:00 pm""}, ""Sun"": {""open1"": ""9:00 am"", ""close1"": ""5:00 pm""}, ""Thu"": {""open1"": ""8:30 am"", ""close1"": ""5:00 pm""}, ""Tue"": {""open1"": ""8:30 am"", ""close1"": ""5:00 pm""}, ""Wed"": {""open1"": ""8:30 am"", ""close1"": ""5:00 pm""}}","26 Southampton St, London WC2E 7RS, United Kingdom","[""warm"",""airy"",""relaxed"",""polished"",""thoughtful"",""welcoming""]"
75525a7d-a800-4964-a946-5422e95c44e6,AGORA souvla bar,51.505369,-0.0899916,agora.ldn,,"[""souvlaki"",""gyros"",""pita"",""tzatziki"",""lamb"",""feta"",""seafood"",""grilledmeats"",""salads"",""wine""]",,"[""lunch"",""dinner""]","[""midday"",""evening""]",1,$$$,1,,london,agora-souvla-bar-ldn,,"[""https://www.instagram.com/agora.ldn/?hl=en""]","{""Fri"": {""open1"": ""12:00 pm"", ""close1"": ""11:00 pm""}, ""Mon"": {""open1"": ""12:00 pm"", ""close1"": ""10:00 pm""}, ""Sat"": {""open1"": ""12:00 pm"", ""close1"": ""11:00 pm""}, ""Sun"": {""open1"": ""12:00 pm"", ""close1"": ""10:00 pm""}, ""Thu"": {""open1"": ""12:00 pm"", ""close1"": ""11:00 pm""}, ""Tue"": {""open1"": ""12:00 pm"", ""close1"": ""10:30 pm""}, ""Wed"": {""open1"": ""12:00 pm"", ""close1"": ""10:30 pm""}}","4 Bedale St, London SE1 9AL, United Kingdom","[""lively"",""casual"",""warm"",""bustling"",""convivial"",""rustic""]"
92f51785-2859-4ba5-a0d4-a677a1680da4,Akub Restaurant,51.5084652,-0.1983637,akub.london,,"[""palestinian"",""monkfish"",""labaneh"",""sumac"",""zaatar"",""mousakhan"",""fatteh"",""brunch"",""arak"",""sharing""]",,"[""lunch"",""dinner""]","[""midday"",""evening""]",1,$$$,1,,london,akub-restaurant-ldn,,"[""https://www.instagram.com/akub.london""]","{""Fri"": {""open1"": ""12:00 pm"", ""open2"": ""6:00 pm"", ""close1"": ""3:00 pm"", ""close2"": ""11:30 pm""}, ""Mon"": null, ""Sat"": {""open1"": ""11:00 am"", ""open2"": ""6:00 pm"", ""close1"": ""3:00 pm"", ""close2"": ""11:30 pm""}, ""Sun"": {""open1"": ""11:00 am"", ""close1"": ""3:00 pm""}, ""Thu"": {""open1"": ""12:00 pm"", ""open2"": ""6:00 pm"", ""close1"": ""3:00 pm"", ""close2"": ""11:00 pm""}, ""Tue"": {""open1"": ""12:00 pm"", ""open2"": ""6:00 pm"", ""close1"": ""3:00 pm"", ""close2"": ""11:00 pm""}, ""Wed"": {""open1"": ""12:00 pm"", ""open2"": ""6:00 pm"", ""close1"": ""3:00 pm"", ""close2"": ""11:00 pm""}}","27 Uxbridge St, London W8 7TQ, United Kingdom","[""soulful"",""refined"",""warm"",""contemporary"",""aromatic"",""elegant""]"
38a55f33-b310-4678-841a-e217dc7e9aec,Al Arez 2,51.4989389,-0.1652833,alarez.london,,"[""lebanese"",""mezze"",""shawarma"",""hummus"",""falafel"",""kebabs"",""tabbouleh"",""baklava"",""lamb"",""grills""]",,"[""lunch"",""dinner""]","[""midday"",""afternoon""]",1,$$,1,,london,al-arez-2-ldn,,"[""https://www.instagram.com/alarez.london/""]","{""Fri"": {""open1"": ""10:00 am"", ""close1"": ""11:30 pm""}, ""Mon"": {""open1"": ""10:00 am"", ""close1"": ""11:30 pm""}, ""Sat"": {""open1"": ""10:00 am"", ""close1"": ""11:30 pm""}, ""Sun"": {""open1"": ""10:00 am"", ""close1"": ""11:30 pm""}, ""Thu"": {""open1"": ""10:00 am"", ""close1"": ""11:30 pm""}, ""Tue"": {""open1"": ""10:00 am"", ""close1"": ""11:30 pm""}, ""Wed"": {""open1"": ""10:00 am"", ""close1"": ""11:30 pm""}}","128 Brompton Rd, London SW3 1JD, United Kingdom","[""aromatic"",""bustling"",""generous"",""traditional"",""warm"",""casual""]"
546f9658-8d3e-4050-869d-8b265e113369,ALAÏA cafe & Bookstore,51.5117452,-0.144136,clairederouenbooks,,"[""espresso"",""pastries"",""fashion"",""magazines"",""salads"",""coffee"",""desserts"",""retail"",""sandwiches"",""matcha""]",,"[""cafe"",""bookstore"",""lifestyle""]","[""midday"",""afternoon""]",1,$,1,,london,alaia-cafe-bookstore-ldn,,"[""https://www.instagram.com/clairederouenbooks/ ; https://www.instagram.com/violetcakeslondon/""]","{""Fri"": {""open1"": ""12:00 pm"", ""close1"": ""6:00 pm""}, ""Mon"": null, ""Sat"": {""open1"": ""11:00 am"", ""close1"": ""6:00 pm""}, ""Sun"": null, ""Thu"": {""open1"": ""12:00 pm"", ""close1"": ""6:00 pm""}, ""Tue"": {""open1"": ""12:00 pm"", ""close1"": ""6:00 pm""}, ""Wed"": {""open1"": ""12:00 pm"", ""close1"": ""6:00 pm""}}","139 New Bond St, London W1S 2TL, United Kingdom","[""serene"",""refined"",""minimal"",""polished"",""elegant"",""curated""]"
a4d6a67b-946b-4477-ae7e-71df8ac721d5,Albers,51.5426069,-0.080012,albers.london,,"[""seasonal"",""vegetables"",""crudo"",""lamb"",""venison"",""cocktails"",""wine"",""desserts"",""seafood"",""lunch""]",,"[""lunch"",""dinner""]","[""midday"",""evening""]",1,$$$,1,,london,albers-ldn,,"[""https://www.instagram.com/albers.london/""]","{""Fri"": {""open1"": ""12:00 pm"", ""open2"": ""6:00 pm"", ""close1"": ""3:00 pm"", ""close2"": ""9:30 pm""}, ""Mon"": null, ""Sat"": {""open1"": ""12:00 pm"", ""open2"": ""6:00 pm"", ""close1"": ""3:00 pm"", ""close2"": ""9:30 pm""}, ""Sun"": null, ""Thu"": {""open1"": ""12:00 pm"", ""open2"": ""6:00 pm"", ""close1"": ""3:00 pm"", ""close2"": ""9:30 pm""}, ""Tue"": {""open1"": ""6:00 pm"", ""close1"": ""9:30 pm""}, ""Wed"": {""open1"": ""12:00 pm"", ""open2"": ""6:00 pm"", ""close1"": ""3:00 pm"", ""close2"": ""9:30 pm""}}","23A Englefield Rd, London N1 4JX, United Kingdom","[""airy"",""polished"",""relaxed"",""neighborhood"",""seasonal"",""thoughtful""]"
06580083-8b33-4dd6-bb18-5dd03b188694,All My Friends,51.5425759,-0.0218531,allmyfriends.uk,,"[""espresso"",""naturalwine"",""sandwiches"",""pastries"",""vinyl"",""cocktails"",""records"",""brunches"",""beers"",""music""]",,"[""lifestyle"",""lunch"",""bar""]","[""midday"",""evening"",""late""]",1,$$,1,,london,all-my-friends-ldn,,"[""https://www.instagram.com/allmyfriends.uk/?hl=en""]","{""Fri"": {""open1"": ""10:00 am"", ""close1"": ""2:00 am""}, ""Mon"": null, ""Sat"": {""open1"": ""10:00 am"", ""close1"": ""2:00 am""}, ""Sun"": {""open1"": ""10:00 am"", ""close1"": ""8:00 pm""}, ""Thu"": {""open1"": ""10:00 am"", ""close1"": ""1:00 am""}, ""Tue"": {""open1"": ""12:00 pm"", ""close1"": ""10:00 pm""}, ""Wed"": {""open1"": ""10:00 am"", ""close1"": ""11:00 pm""}}","Unit 1, Hamlet Estate, 96 White Post Ln, London E9 5EN, United Kingdom","[""playful"",""nostalgic"",""colorful"",""lively"",""eclectic"",""casual""]"
a5b88f8a-f3cb-44da-b51f-ab97609bde1c,Almas Art Foundation,51.5031628,-0.101845,almasartfoundationuk,,"[""exhibitions"",""archives"",""publications"",""collectors"",""commissions"",""residencies"",""photography"",""sculpture"",""screenings"",""talks""]",,"[""gallery""]","[""midday"",""afternoon""]",1,$,1,,london,almas-art-foundation-ldn,,"[""https://www.instagram.com/almasartfoundationuk/""]","{""Fri"": {""open1"": ""11:00 am"", ""close1"": ""6:00 pm""}, ""Mon"": {""open1"": ""11:00 am"", ""close1"": ""6:00 pm""}, ""Sat"": {""open1"": ""11:00 am"", ""close1"": ""6:00 pm""}, ""Sun"": null, ""Thu"": {""open1"": ""11:00 am"", ""close1"": ""6:00 pm""}, ""Tue"": {""open1"": ""11:00 am"", ""close1"": ""6:00 pm""}, ""Wed"": {""open1"": ""11:00 am"", ""close1"": ""6:00 pm""}}","Arch 28, Old union yard arches, 229 Union St, London SE1 0LR, United Kingdom","[""cerebral"",""diasporic"",""contemplative"",""refined"",""progressive"",""focused""]"
a22bfa22-a7b9-48a9-8d1d-c1c38d50e88b,ALTA Kingly Court,51.5127213,-0.1389203,alta.london,,"[""cocktails"",""tacos"",""mezcal"",""tequila"",""ceviche"",""dancing"",""djs"",""margaritas"",""nightlife"",""seafood""]",,"[""lunch"",""dinner""]","[""midday"",""evening""]",1,$$$$,1,,london,alta-kingly-court-ldn,,"[""https://www.instagram.com/alta.london/""]","{""Fri"": {""open1"": ""12:00 pm"", ""open2"": ""5:30 pm"", ""close1"": ""2:30 pm"", ""close2"": ""9:30 pm""}, ""Mon"": null, ""Sat"": {""open1"": ""12:00 pm"", ""open2"": ""5:30 pm"", ""close1"": ""2:30 pm"", ""close2"": ""9:30 pm""}, ""Sun"": null, ""Thu"": {""open1"": ""12:00 pm"", ""open2"": ""5:30 pm"", ""close1"": ""2:30 pm"", ""close2"": ""9:30 pm""}, ""Tue"": {""open1"": ""12:00 pm"", ""open2"": ""5:30 pm"", ""close1"": ""2:30 pm"", ""close2"": ""9:30 pm""}, ""Wed"": {""open1"": ""12:00 pm"", ""open2"": ""5:30 pm"", ""close1"": ""2:30 pm"", ""close2"": ""9:30 pm""}}","Ground Floor, Kingly Ct, Carnaby, London W1B 5PW, United Kingdom","[""glamorous"",""vibrant"",""eclectic"",""energetic"",""polished"",""lively""]"
53bd255c-54c5-4e87-b146-309180239421,amie wine studio,51.4937403,-0.1489303,amiewinestudio,,"[""natural wine"",""bottles"",""tastings"",""cheeses"",""aperitifs"",""charcuterie"",""spritzes"",""pairings"",""vermouth"",""snacks""]",,"[""wine bar""]","[""afternoon"",""evening""]",1,$$,1,,london,amie-wine-studio-ldn,,"[""https://www.instagram.com/amiewinestudio/""]","{""Fri"": {""open1"": ""12:00 pm"", ""close1"": ""11:00 pm""}, ""Mon"": {""open1"": ""12:00 pm"", ""close1"": ""11:00 pm""}, ""Sat"": {""open1"": ""12:00 pm"", ""close1"": ""11:00 pm""}, ""Sun"": {""open1"": ""12:00 pm"", ""close1"": ""11:00 pm""}, ""Thu"": {""open1"": ""12:00 pm"", ""close1"": ""11:00 pm""}, ""Tue"": {""open1"": ""12:00 pm"", ""close1"": ""11:00 pm""}, ""Wed"": {""open1"": ""12:00 pm"", ""close1"": ""11:00 pm""}}","13 Eccleston Yards, London SW1W 9AZ, United Kingdom","[""polished"",""relaxed"",""contemporary"",""convivial"",""approachable"",""bright""]"
3f91e12b-6ac4-43be-952c-c903acafaffa,Ancestrel Wines,51.4403258,-0.0516009,ancestrelwines,,"[""wine"",""bottles"",""tastings"",""pours"",""producers"",""shop"",""snacks"",""glasses"",""natural wine"",""gatherings""]",,"[""wine bar""]","[""afternoon"",""evening""]",1,$$,1,,london,ancestrel-wines-ldn,,"[""https://www.instagram.com/ancestrelwines/""]","{""Fri"": {""open1"": ""12:00 pm"", ""close1"": ""10:00 pm""}, ""Mon"": null, ""Sat"": {""open1"": ""12:00 pm"", ""close1"": ""10:00 pm""}, ""Sun"": {""open1"": ""12:00 pm"", ""close1"": ""6:00 pm""}, ""Thu"": {""open1"": ""12:00 pm"", ""close1"": ""10:00 pm""}, ""Tue"": null, ""Wed"": null}","9 Stanstead Rd, London SE23 1HG, United Kingdom","[""intimate"",""relaxed"",""lowlit"",""thoughtful"",""independent"",""convivial""]"
c9f0d888-d2e9-4d44-b187-487bb73d585e,Around,51.5258175,-0.1094829,aroundbar,,"[""cocktails"",""negronis"",""martinis"",""vinyl"",""spritzes"",""tequila"",""djs"",""dancing"",""aperitifs"",""spirits""]",,"[""cocktail""]","[""evening"",""late""]",1,$$,1,,london,around-ldn,,"[""https://www.instagram.com/aroundbar/""]","{""Fri"": {""open1"": ""4:00 pm"", ""close1"": ""11:00 pm""}, ""Mon"": null, ""Sat"": {""open1"": ""4:00 pm"", ""close1"": ""11:00 pm""}, ""Sun"": null, ""Thu"": {""open1"": ""4:00 pm"", ""close1"": ""11:00 pm""}, ""Tue"": {""open1"": ""4:00 pm"", ""close1"": ""11:00 pm""}, ""Wed"": {""open1"": ""4:00 pm"", ""close1"": ""11:00 pm""}}","27 Exmouth Market, London EC1R 4QL, United Kingdom","[""lowlit"",""intimate"",""relaxed"",""playful"",""understated"",""sociable""]"
ef56b8c1-5e72-48cd-8e3e-d468cc0499c6,Artwords Bookshop,51.536147,-0.061815,artwordsbookshop,,"[""magazines"",""photography"",""fashion"",""art"",""publishing"",""journals"",""zines"",""theory"",""design"",""books""]",,"[""bookstore""]","[""midday"",""afternoon""]",1,$,1,,london,artwords-bookshop-ldn,,"[""https://www.instagram.com/artwordsbookshop/?hl=en""]","{""Fri"": {""open1"": ""9:00 am"", ""close1"": ""8:00 pm""}, ""Mon"": {""open1"": ""9:00 am"", ""close1"": ""8:00 pm""}, ""Sat"": {""open1"": ""10:00 am"", ""close1"": ""6:00 pm""}, ""Sun"": {""open1"": ""10:00 am"", ""close1"": ""6:00 pm""}, ""Thu"": {""open1"": ""9:00 am"", ""close1"": ""8:00 pm""}, ""Tue"": {""open1"": ""9:00 am"", ""close1"": ""8:00 pm""}, ""Wed"": {""open1"": ""9:00 am"", ""close1"": ""8:00 pm""}}","20-22 Broadway Market, London E8 4QJ, United Kingdom","[""countercultural"",""eclectic"",""artistic"",""independent"",""niche"",""intellectual""]"
69e7e8f1-6e7e-43c5-845f-8a3839874081,Bambi,51.5377627,-0.0575528,bambi_e8,,"[""vinyl"",""cocktails"",""listening"",""records"",""naturalwine"",""djs"",""jazz"",""oysters"",""sake"",""music""]",,"[""lunch"",""dinner"",""cocktail""]","[""evening"",""late""]",1,$$,1,,london,bambi-ldn,,"[""https://www.instagram.com/bambi_e8/""]","{""Fri"": {""open1"": ""6:00 pm"", ""close1"": ""1:00 am""}, ""Mon"": null, ""Sat"": {""open1"": ""12:00 pm"", ""close1"": ""1:00 am""}, ""Sun"": {""open1"": ""1:00 pm"", ""close1"": ""10:30 pm""}, ""Thu"": {""open1"": ""6:00 pm"", ""close1"": ""12:00 am""}, ""Tue"": {""open1"": ""6:00 pm"", ""close1"": ""12:00 am""}, ""Wed"": {""open1"": ""6:00 pm"", ""close1"": ""12:00 am""}}","1 Westgate St, London E8 3RL, United Kingdom","[""analog"",""eclectic"",""intimate"",""artsy"",""soulful"",""relaxed""]"
4b5ed4e7-0286-40aa-98e2-c2471d149490,Bar Crispin,51.5129094,-0.13954,bar_crispin,,"[""naturalwine"",""seasonal"",""smallplates"",""oysters"",""charcuterie"",""bottles"",""brunches"",""pastries"",""seafood"",""sharing""]",,"[""lunch"",""dinner"",""wine bar""]","[""midday"",""evening""]",1,$$$,1,,london,bar-crispin-ldn,,"[""https://www.instagram.com/bar_crispin/""]","{""Fri"": {""open1"": ""12:00 pm"", ""close1"": ""11:00 pm""}, ""Mon"": {""open1"": ""12:00 pm"", ""close1"": ""11:00 pm""}, ""Sat"": {""open1"": ""1:00 pm"", ""close1"": ""11:00 pm""}, ""Sun"": {""open1"": ""1:00 pm"", ""close1"": ""6:00 pm""}, ""Thu"": {""open1"": ""12:00 pm"", ""close1"": ""11:00 pm""}, ""Tue"": {""open1"": ""12:00 pm"", ""close1"": ""11:00 pm""}, ""Wed"": {""open1"": ""12:00 pm"", ""close1"": ""11:00 pm""}}","19 Kingly St, Carnaby, London W1B 5PY, United Kingdom","[""stylish"",""intimate"",""eclectic"",""convivial"",""polished"",""relaxed""]"
c8fbddc4-abca-44b9-a7af-950476db538a,Bar Jackie,51.5138372,-0.135404,dearjackielondon,,"[""martinis"",""cocktails"",""spritzes"",""tequila"",""djs"",""dancing"",""vodka"",""music"",""brunches"",""parties""]",,"[""breakfast"",""lunch"",""dinner""]","[""morning"",""midday"",""evening""]",1,$$$,1,,london,bar-jackie-ldn,,"[""https://www.instagram.com/dearjackielondon/""]","{""Fri"": {""open1"": ""7:30 am"", ""close1"": ""12:30 am""}, ""Mon"": {""open1"": ""7:30 am"", ""close1"": ""12:00 am""}, ""Sat"": {""open1"": ""7:30 am"", ""close1"": ""12:30 am""}, ""Sun"": {""open1"": ""7:30 am"", ""close1"": ""12:00 am""}, ""Thu"": {""open1"": ""7:30 am"", ""close1"": ""12:00 am""}, ""Tue"": {""open1"": ""7:30 am"", ""close1"": ""12:00 am""}, ""Wed"": {""open1"": ""7:30 am"", ""close1"": ""12:00 am""}}","20 Broadwick St, London W1F 8TH, United Kingdom","[""retro"",""lively"",""playful"",""colorful"",""spirited"",""energetic""]"
d558e3e8-616f-4d99-9f91-52fbe6bb2c4e,Bar Levan,51.4696763,-0.0692753,levanlondon,,"[""naturalwine"",""charcuterie"",""oysters"",""bottarga"",""anchovies"",""spritzes"",""vermouth"",""bottles"",""seafood"",""sharing""]",,"[""wine bar""]","[""afternoon"",""evening""]",1,$$,1,,london,bar-levan-ldn,,"[""https://www.instagram.com/levanlondon/""]","{""Fri"": {""open1"": ""5:00 pm"", ""close1"": ""1:00 am""}, ""Mon"": {""open1"": ""5:00 pm"", ""close1"": ""11:00 pm""}, ""Sat"": {""open1"": ""3:00 pm"", ""close1"": ""1:00 am""}, ""Sun"": null, ""Thu"": {""open1"": ""5:00 pm"", ""close1"": ""12:00 am""}, ""Tue"": {""open1"": ""5:00 pm"", ""close1"": ""12:00 am""}, ""Wed"": {""open1"": ""5:00 pm"", ""close1"": ""12:00 am""}}","5, 12-16 Blenheim Grove, London SE15 4QL, United Kingdom","[""intimate"",""lowlit"",""relaxed"",""soulful"",""convivial"",""understated""]"
24c1c2c7-8b1a-462a-b439-c435647653d7,Bar Lina Soho,51.5123401,-0.1342553,bar___lina,,"[""cocktails"",""aperitifs"",""negronis"",""spritzes"",""amaro"",""pasta"",""panini"",""pastries"",""espresso"",""snacks""]",,"[""cocktail""]","[""evening"",""late""]",1,$$$,1,,london,bar-lina-soho-ldn,,"[""https://www.instagram.com/bar___lina/?hl=en""]","{""Fri"": {""open1"": ""5:00 pm"", ""close1"": ""11:30 pm""}, ""Mon"": {""open1"": ""5:00 pm"", ""close1"": ""11:30 pm""}, ""Sat"": {""open1"": ""5:00 pm"", ""close1"": ""11:30 pm""}, ""Sun"": {""open1"": ""4:00 pm"", ""close1"": ""10:30 pm""}, ""Thu"": {""open1"": ""5:00 pm"", ""close1"": ""11:30 pm""}, ""Tue"": {""open1"": ""5:00 pm"", ""close1"": ""11:30 pm""}, ""Wed"": {""open1"": ""5:00 pm"", ""close1"": ""11:30 pm""}}","18 Brewer St, London W1F 0SG, United Kingdom","[""subterranean"",""chic"",""lowlit"",""italianate"",""intimate"",""polished""]"
2d223648-c944-4293-a2fe-e9aff80ae848,Bar Termini,51.5136795,-0.1298017,terminisoho,,"[""negronis"",""espresso"",""cocktails"",""vermouth"",""pastries"",""glassware"",""takeaway"",""amaro"",""martinis"",""coffee""]",,"[""cocktail""]","[""evening"",""late""]",1,$$,1,,london,bar-termini-ldn,,"[""https://www.instagram.com/terminisoho/?hl=en""]","{""Fri"": {""open1"": ""10:00 am"", ""close1"": ""1:00 am""}, ""Mon"": {""open1"": ""10:00 am"", ""close1"": ""11:30 pm""}, ""Sat"": {""open1"": ""10:00 am"", ""close1"": ""1:00 am""}, ""Sun"": {""open1"": ""11:00 am"", ""close1"": ""10:30 pm""}, ""Thu"": {""open1"": ""10:00 am"", ""close1"": ""11:30 pm""}, ""Tue"": {""open1"": ""10:00 am"", ""close1"": ""11:30 pm""}, ""Wed"": {""open1"": ""10:00 am"", ""close1"": ""11:30 pm""}}","7 Old Compton St, London W1D 5JE, United Kingdom","[""nostalgic"",""elegant"",""compact"",""polished"",""italianate"",""cinematic""]"
d3a64d28-76a9-4974-b11b-ade3288b4ed3,Barbican Centre,51.5202077,-0.0937864,barbicancentre,,"[""concerts"",""theater"",""screenings"",""exhibitions"",""talks"",""performances"",""orchestras"",""installations"",""cinema"",""tickets""]",,"[""theater""]","[""afternoon"",""evening""]",1,$$,1,,london,barbican-centre-ldn,,"[""https://www.instagram.com/barbicancentre/?hl=en""]","{""Fri"": null, ""Mon"": null, ""Sat"": null, ""Sun"": null, ""Thu"": null, ""Tue"": null, ""Wed"": null}","Silk St, Barbican, London EC2Y 8DS, United Kingdom","[""brutalist"",""expansive"",""intellectual"",""atmospheric"",""cultural"",""immersive""]"
d7ee281b-2c4a-4395-b048-9ed95e32ae0c,Basing House,51.5288974,-0.0780368,basing_house,,"[""djs"",""dancing"",""house"",""techno"",""tickets"",""soundsystem"",""crowds"",""events"",""music"",""late""]",,"[""club""]","[""late""]",1,$$,1,,london,basing-house-ldn,,"[""https://www.instagram.com/basing_house/""]","{""Fri"": {""open1"": ""10:00 pm"", ""close1"": ""4:00 am""}, ""Mon"": null, ""Sat"": {""open1"": ""10:00 pm"", ""close1"": ""4:00 am""}, ""Sun"": null, ""Thu"": null, ""Tue"": null, ""Wed"": null}","25 Kingsland Rd, London E2 8AA, United Kingdom","[""underground"",""pulsing"",""sweaty"",""nocturnal"",""raw"",""electric""]"
b5a464d1-91da-4c32-8e55-6ccd77c9d684,Batch Baby,51.5391583,-0.0813921,batchbabycoffee,,"[""espresso"",""batchbrew"",""beans"",""lattes"",""pastries"",""sandwiches"",""filters"",""coffee"",""brunches"",""cakes""]",,"[""coffee"",""cafe""]","[""morning"",""midday""]",1,$,1,,london,batch-baby-ldn,,"[""https://www.instagram.com/batchbabycoffee/""]","{""Fri"": {""open1"": ""7:30 am"", ""close1"": ""5:00 pm""}, ""Mon"": {""open1"": ""7:30 am"", ""close1"": ""5:00 pm""}, ""Sat"": {""open1"": ""8:30 am"", ""close1"": ""5:00 pm""}, ""Sun"": {""open1"": ""9:00 am"", ""close1"": ""4:00 pm""}, ""Thu"": {""open1"": ""7:30 am"", ""close1"": ""5:00 pm""}, ""Tue"": {""open1"": ""7:30 am"", ""close1"": ""5:00 pm""}, ""Wed"": {""open1"": ""7:30 am"", ""close1"": ""5:00 pm""}}","Rose Lipman Building, 43 De Beauvoir Rd, London N1 5SF, United Kingdom","[""bright"",""retro"",""relaxed"",""friendly"",""creative"",""warm""]"
b5c0e596-6db7-4c04-9508-58b36ca8094b,Beam,51.5151426,-0.1933383,cafebeam,,"[""brunch"",""shakshuka"",""halal"",""english"",""doughnuts"",""coffee"",""pastries"",""eggs"",""smoothies"",""pancakes""]",,"[""cafe""]","[""midday"",""afternoon""]",1,$$,1,,london,beam-ldn,,"[""https://www.instagram.com/cafebeam/""]","{""Fri"": {""open1"": ""8:00 am"", ""close1"": ""5:30 pm""}, ""Mon"": {""open1"": ""8:00 am"", ""close1"": ""5:30 pm""}, ""Sat"": {""open1"": ""8:00 am"", ""close1"": ""5:30 pm""}, ""Sun"": {""open1"": ""8:00 am"", ""close1"": ""5:30 pm""}, ""Thu"": {""open1"": ""8:00 am"", ""close1"": ""5:30 pm""}, ""Tue"": {""open1"": ""8:00 am"", ""close1"": ""5:30 pm""}, ""Wed"": {""open1"": ""8:00 am"", ""close1"": ""5:30 pm""}}","103 Westbourne Grove, London W2 4UW, United Kingdom","[""bright"",""familial"",""welcoming"",""airy"",""casual"",""wholesome""]"
578c1151-25f2-401b-aa29-40fa132abf78,Beam,51.5598307,-0.0987723,cafebeam,,"[""brunches"",""shakshuka"",""pancakes"",""eggs"",""smoothies"",""coffee"",""pastries"",""sandwiches"",""juices"",""doughnuts""]",,"[""brunch""]","[""midday""]",1,$$,1,,london,beam-ldn,,"[""https://www.instagram.com/cafebeam/""]","{""Fri"": {""open1"": ""8:00 am"", ""close1"": ""5:00 pm""}, ""Mon"": {""open1"": ""8:00 am"", ""close1"": ""5:00 pm""}, ""Sat"": {""open1"": ""8:00 am"", ""close1"": ""5:00 pm""}, ""Sun"": {""open1"": ""8:00 am"", ""close1"": ""5:00 pm""}, ""Thu"": {""open1"": ""8:00 am"", ""close1"": ""5:00 pm""}, ""Tue"": {""open1"": ""8:00 am"", ""close1"": ""5:00 pm""}, ""Wed"": {""open1"": ""8:00 am"", ""close1"": ""5:00 pm""}}","184 Blackstock Rd, London N5 1EG, United Kingdom","[""bright"",""familial"",""wholesome"",""airy"",""relaxed"",""casual""]"
c259fb5a-e9a5-47c7-9266-2faca1b40b07,Bedales of Borough Market,51.5054378,-0.0902386,bedaleswines,,"[""wine"",""small plates"",""bottles"",""cellar"",""tastings"",""produce"",""cheese"",""charcuterie"",""seafood"",""glasses""]",,"[""wine bar""]","[""afternoon"",""evening""]",1,$$,1,,london,bedales-of-borough-market-ldn,,"[""https://www.instagram.com/bedaleswines/""]","{""Fri"": {""open1"": ""11:00 am"", ""close1"": ""11:00 pm""}, ""Mon"": {""open1"": ""11:00 am"", ""close1"": ""11:00 pm""}, ""Sat"": {""open1"": ""11:00 am"", ""close1"": ""11:00 pm""}, ""Sun"": {""open1"": ""12:00 pm"", ""close1"": ""7:00 pm""}, ""Thu"": {""open1"": ""11:00 am"", ""close1"": ""11:00 pm""}, ""Tue"": {""open1"": ""11:00 am"", ""close1"": ""11:00 pm""}, ""Wed"": {""open1"": ""11:00 am"", ""close1"": ""11:00 pm""}}","5 Bedale St, London SE1 9AL, United Kingdom","[""rustic"",""marketdriven"",""convivial"",""lively"",""atmospheric"",""intimate""]"
4a397b5d-6228-4a9a-bbe4-16dedc434948,Behind This Wall,51.5492516,-0.0551381,btwldn,,"[""cocktails"",""vinyl"",""jazz"",""whisky"",""sake"",""listening"",""fermentation"",""spirits"",""records"",""highballs""]",,"[""cocktail""]","[""evening"",""late""]",1,$$,1,,london,behind-this-wall-ldn,,"[""https://www.instagram.com/btwldn/?hl=en""]","{""Fri"": {""open1"": ""6:00 pm"", ""close1"": ""12:00 am""}, ""Mon"": null, ""Sat"": {""open1"": ""6:00 pm"", ""close1"": ""12:00 am""}, ""Sun"": null, ""Thu"": {""open1"": ""6:00 pm"", ""close1"": ""12:00 am""}, ""Tue"": null, ""Wed"": {""open1"": ""6:00 pm"", ""close1"": ""12:00 am""}}","411 Mare St, London E8 1HY, United Kingdom","[""sonic"",""minimal"",""moody"",""intimate"",""experimental"",""nocturnal""]"
fe60dce2-b30f-4e56-9dd2-29120fa7c259,Beigel Bake,51.5244985,-0.0717608,beigel_bake,,"[""beigels"",""saltbeef"",""salmon"",""creamcheese"",""mustard"",""herring"",""bagels"",""baking"",""takeaway"",""sandwiches""]",,"[""bakery""]","[""morning"",""midday""]",1,$,1,,london,beigel-bake-ldn,,"[""https://www.instagram.com/beigel_bake/?hl=en""]","{""Fri"": {""open1"": ""12:00 am"", ""close1"": ""12:00 am""}, ""Mon"": {""open1"": ""12:00 am"", ""close1"": ""12:00 am""}, ""Sat"": {""open1"": ""12:00 am"", ""close1"": ""12:00 am""}, ""Sun"": {""open1"": ""12:00 am"", ""close1"": ""12:00 am""}, ""Thu"": {""open1"": ""12:00 am"", ""close1"": ""12:00 am""}, ""Tue"": {""open1"": ""12:00 am"", ""close1"": ""12:00 am""}, ""Wed"": {""open1"": ""12:00 am"", ""close1"": ""12:00 am""}}","159 Brick Ln, London E1 6SB, United Kingdom","[""bustling"",""nostalgic"",""nofrills"",""historic"",""steamy"",""iconic""]"
ec07b28a-5883-4334-86c1-3fb689a47d9e,Belly,51.5454542,-0.1418067,belly_bistro,,"[""filipino"",""fermentation"",""dryaging"",""wagyu"",""pandesal"",""tempura"",""picanha"",""seafood"",""vegetables"",""cocktails""]",,"[""lunch"",""dinner""]","[""midday"",""evening""]",1,$$$,1,,london,belly-ldn,,"[""https://www.instagram.com/belly_bistro/""]","{""Fri"": {""open1"": ""5:00 pm"", ""close1"": ""10:30 pm""}, ""Mon"": null, ""Sat"": {""open1"": ""12:00 pm"", ""close1"": ""10:30 pm""}, ""Sun"": {""open1"": ""12:00 pm"", ""close1"": ""10:30 pm""}, ""Thu"": {""open1"": ""5:00 pm"", ""close1"": ""10:30 pm""}, ""Tue"": null, ""Wed"": {""open1"": ""5:00 pm"", ""close1"": ""10:30 pm""}}","157 Kentish Town Rd, London NW1 8PD, United Kingdom","[""warm"",""unfussy"",""candlelit"",""soulful"",""contemporary"",""welcoming""]"
5ade3a5a-a46a-4b27-bcfd-bd57747773b1,Berners Tavern,51.5166544,-0.1361045,BernersTavern,,"[""british"",""crab"",""scallops"",""lamb"",""roasts"",""brunches"",""cocktails"",""wine"",""puddings"",""breakfast""]",,"[""breakfast"",""lunch"",""dinner""]","[""morning"",""midday"",""afternoon""]",1,$$,1,,london,berners-tavern-ldn,,"[""https://www.instagram.com/BernersTavern/""]","{""Fri"": {""open1"": ""7:00 am"", ""close1"": ""9:45 pm""}, ""Mon"": {""open1"": ""7:00 am"", ""close1"": ""9:45 pm""}, ""Sat"": {""open1"": ""7:00 am"", ""close1"": ""9:45 pm""}, ""Sun"": {""open1"": ""7:00 am"", ""close1"": ""9:45 pm""}, ""Thu"": {""open1"": ""7:00 am"", ""close1"": ""9:45 pm""}, ""Tue"": {""open1"": ""7:00 am"", ""close1"": ""9:45 pm""}, ""Wed"": {""open1"": ""7:00 am"", ""close1"": ""9:45 pm""}}","10 Berners St, London W1T 3NP, United Kingdom","[""grand"",""stately"",""cinematic"",""polished"",""sophisticated"",""historic""]"
f4e9519c-4b4c-4e7a-a880-1dae9b597c3e,BiBi,51.5124392,-0.1533455,bibi_ldn,,"[""indian"",""tasting"",""chaat"",""kofta"",""lahori"",""lamb"",""spices"",""chutneys"",""cocktails"",""naan""]",,"[""lunch"",""dinner""]","[""midday"",""evening""]",1,$$$$,1,,london,bibi-ldn,,"[""https://www.instagram.com/bibi_ldn/?hl=en""]","{""Fri"": {""open1"": ""12:00 pm"", ""open2"": ""5:30 pm"", ""close1"": ""2:00 pm"", ""close2"": ""10:00 pm""}, ""Mon"": {""open1"": ""5:30 pm"", ""close1"": ""10:00 pm""}, ""Sat"": {""open1"": ""12:00 pm"", ""open2"": ""5:30 pm"", ""close1"": ""2:00 pm"", ""close2"": ""10:00 pm""}, ""Sun"": null, ""Thu"": {""open1"": ""12:00 pm"", ""open2"": ""5:30 pm"", ""close1"": ""2:00 pm"", ""close2"": ""10:00 pm""}, ""Tue"": {""open1"": ""5:30 pm"", ""close1"": ""10:00 pm""}, ""Wed"": {""open1"": ""5:30 pm"", ""close1"": ""10:00 pm""}}","42 N Audley St, London W1K 6ZP, United Kingdom","[""refined"",""aromatic"",""intimate"",""polished"",""inventive"",""elegant""]"
3f0a0de4-d47a-430d-9510-f2d00180f67a,bibida,51.5086129,-0.1977272,bibidaforever,,"[""korean"",""japanese"",""barbecue"",""bibimbap"",""noodles"",""rice"",""soju"",""kimchi"",""sushi"",""beverages""]",,"[""lunch"",""dinner""]","[""midday"",""evening""]",1,$$,1,,london,bibida-ldn,,"[""https://www.instagram.com/bibidaforever/?hl=en""]","{""Fri"": {""open1"": ""12:00 pm"", ""open2"": ""5:30 pm"", ""close1"": ""3:00 pm"", ""close2"": ""10:30 pm""}, ""Mon"": {""open1"": ""12:00 pm"", ""open2"": ""5:30 pm"", ""close1"": ""3:00 pm"", ""close2"": ""10:30 pm""}, ""Sat"": {""open1"": ""12:00 pm"", ""close1"": ""10:30 pm""}, ""Sun"": {""open1"": ""12:00 pm"", ""close1"": ""10:00 pm""}, ""Thu"": {""open1"": ""12:00 pm"", ""open2"": ""5:30 pm"", ""close1"": ""3:00 pm"", ""close2"": ""10:30 pm""}, ""Tue"": {""open1"": ""12:00 pm"", ""open2"": ""5:30 pm"", ""close1"": ""3:00 pm"", ""close2"": ""10:30 pm""}, ""Wed"": {""open1"": ""12:00 pm"", ""open2"": ""5:30 pm"", ""close1"": ""3:00 pm"", ""close2"": ""10:30 pm""}}","1 Hillgate St, Notting Hill Gate, London W8 7SP, United Kingdom","[""lively"",""casual"",""aromatic"",""warm"",""colorful"",""convivial""]"
becc3ee2-702a-42b9-bf93-0df1ff6a410a,Birley Bakery,51.4906378,-0.1671767,birleybakery,,"[""pastries"",""sourdough"",""cakes"",""chocolate"",""icecream"",""croissants"",""tarts"",""bread"",""patisserie"",""coffee""]",,"[""bakery""]","[""morning"",""midday""]",1,$,1,,london,birley-bakery-ldn,,"[""https://www.instagram.com/birleybakery/""]","{""Fri"": {""open1"": ""7:00 am"", ""close1"": ""6:00 pm""}, ""Mon"": {""open1"": ""7:00 am"", ""close1"": ""6:00 pm""}, ""Sat"": {""open1"": ""8:00 am"", ""close1"": ""6:00 pm""}, ""Sun"": {""open1"": ""8:00 am"", ""close1"": ""6:00 pm""}, ""Thu"": {""open1"": ""7:00 am"", ""close1"": ""6:00 pm""}, ""Tue"": {""open1"": ""7:00 am"", ""close1"": ""6:00 pm""}, ""Wed"": {""open1"": ""7:00 am"", ""close1"": ""6:00 pm""}}","28-30 Cale St, London SW3 3QU, United Kingdom","[""elegant"",""buttery"",""artisanal"",""polished"",""fragrant"",""refined""]"
396a48d4-5e29-43c4-8a4c-e36314833c97,BISTROTHEQUE,51.5341701,-0.0559454,bistrotheque,,"[""brunches"",""oysters"",""martinis"",""steaks"",""cocktails"",""wine"",""seafood"",""eggs"",""desserts"",""performances""]",,"[""brunch"",""dinner""]","[""midday"",""evening""]",1,$$$,1,,london,bistrotheque-ldn,,"[""https://www.instagram.com/bistrotheque/?hl=en""]","{""Fri"": {""open1"": ""6:00 pm"", ""close1"": ""12:00 am""}, ""Mon"": null, ""Sat"": {""open1"": ""11:00 am"", ""open2"": ""6:00 pm"", ""close1"": ""5:30 pm"", ""close2"": ""12:00 am""}, ""Sun"": {""open1"": ""11:00 am"", ""close1"": ""6:00 pm""}, ""Thu"": {""open1"": ""6:00 pm"", ""close1"": ""11:30 pm""}, ""Tue"": null, ""Wed"": {""open1"": ""6:00 pm"", ""close1"": ""11:30 pm""}}","23-27 Wadeson St, London E2 9DR, United Kingdom","[""theatrical"",""stylish"",""eclectic"",""polished"",""lively"",""artistic""]"
58f1056a-02fb-4302-a344-ea1b03654bc3,BLACK LACQUER,51.515969,-0.1026269,blacklacquer.london,,"[""cocktails"",""vinyl"",""djs"",""japanese"",""highballs"",""spirits"",""sound"",""booths"",""dancing"",""canapes""]",,"[""cocktail""]","[""evening"",""late""]",1,$$$,1,,london,black-lacquer-ldn,,"[""https://www.instagram.com/blacklacquer.london/""]","{""Fri"": {""open1"": ""5:00 pm"", ""close1"": ""2:00 am""}, ""Mon"": null, ""Sat"": {""open1"": ""5:00 pm"", ""close1"": ""2:00 am""}, ""Sun"": null, ""Thu"": {""open1"": ""5:00 pm"", ""close1"": ""2:00 am""}, ""Tue"": {""open1"": ""5:00 pm"", ""close1"": ""12:00 am""}, ""Wed"": {""open1"": ""5:00 pm"", ""close1"": ""12:00 am""}}","15 Old Bailey, London EC4M 7EF, United Kingdom","[""subterranean"",""sonic"",""nocturnal"",""lacquered"",""immersive"",""sleek""]"
cae68e47-02dd-4031-a20d-74dc5798ee83,Bocca di Lupo,51.5116537,-0.13395,bocca_di_lupo,,"[""pasta"",""antipasti"",""gelato"",""wine"",""tiramisu"",""seafood"",""parmesan"",""cocktails"",""salumi"",""espresso""]",,"[""lunch"",""dinner""]","[""midday"",""evening""]",1,$$$,1,,london,bocca-di-lupo-ldn,,"[""https://www.instagram.com/bocca_di_lupo/""]","{""Fri"": {""open1"": ""12:00 pm"", ""open2"": ""5:00 pm"", ""close1"": ""3:00 pm"", ""close2"": ""12:00 am""}, ""Mon"": {""open1"": ""12:00 pm"", ""open2"": ""5:00 pm"", ""close1"": ""3:00 pm"", ""close2"": ""12:00 am""}, ""Sat"": {""open1"": ""12:00 pm"", ""open2"": ""5:00 pm"", ""close1"": ""3:00 pm"", ""close2"": ""12:00 am""}, ""Sun"": {""open1"": ""12:00 pm"", ""open2"": ""5:00 pm"", ""close1"": ""3:00 pm"", ""close2"": ""12:00 am""}, ""Thu"": {""open1"": ""12:00 pm"", ""open2"": ""5:00 pm"", ""close1"": ""3:00 pm"", ""close2"": ""12:00 am""}, ""Tue"": {""open1"": ""12:00 pm"", ""open2"": ""5:00 pm"", ""close1"": ""3:00 pm"", ""close2"": ""12:00 am""}, ""Wed"": {""open1"": ""12:00 pm"", ""open2"": ""5:00 pm"", ""close1"": ""3:00 pm"", ""close2"": ""12:00 am""}}","12 Archer St, London W1D 7BB, United Kingdom","[""bustling"",""theatrical"",""rustic"",""lively"",""convivial"",""warm""]"
3170e98c-ea4b-4803-8c30-fa53af880f02,Bonne Route,51.5774323,-0.1061357,bonnerouten4,,"[""wine"",""naturalwine"",""bottles"",""cheese"",""pate"",""gildas"",""pours"",""snacks"",""jazz"",""aperitifs""]",,"[""wine bar""]","[""afternoon"",""evening""]",1,$$,1,,london,bonne-route-ldn,,"[""https://www.instagram.com/bonnerouten4/""]","{""Fri"": {""open1"": ""3:00 pm"", ""close1"": ""10:00 pm""}, ""Mon"": null, ""Sat"": {""open1"": ""3:00 pm"", ""close1"": ""10:00 pm""}, ""Sun"": null, ""Thu"": {""open1"": ""5:00 pm"", ""close1"": ""10:00 pm""}, ""Tue"": null, ""Wed"": {""open1"": ""5:00 pm"", ""close1"": ""10:00 pm""}}","42 Quernmore Rd, Finsbury Park, London N4 4QP, United Kingdom","[""cozy"",""twinkling"",""intimate"",""relaxed"",""convivial"",""charming""]"
16ace979-e056-4f61-822a-62f02f5b4a41,Books for Cooks,51.5159241,-0.205429,booksforcookslondon,,"[""cookbooks"",""recipes"",""classes"",""kitchen"",""demonstrations"",""authors"",""lunch"",""cakes"",""testing"",""sofa""]",,"[""bookstore""]","[""midday"",""afternoon""]",1,$,1,,london,books-for-cooks-ldn,,"[""https://www.instagram.com/booksforcookslondon/?hl=en""]","{""Fri"": {""open1"": ""10:00 am"", ""close1"": ""6:00 pm""}, ""Mon"": null, ""Sat"": {""open1"": ""10:00 am"", ""close1"": ""6:00 pm""}, ""Sun"": null, ""Thu"": {""open1"": ""10:00 am"", ""close1"": ""6:00 pm""}, ""Tue"": {""open1"": ""10:00 am"", ""close1"": ""6:00 pm""}, ""Wed"": {""open1"": ""10:00 am"", ""close1"": ""6:00 pm""}}","4 Blenheim Cres, London W11 1NN, United Kingdom","[""cozy"",""nostalgic"",""culinary"",""charming"",""homely"",""tactile""]"
81fdbb9f-06a5-4500-aef7-7ae2d06434fc,Borough Market,51.5055826,-0.0904808,boroughmarket,,"[""traders"",""produce"",""oysters"",""pastries"",""cheese"",""bread"",""spices"",""streetfood"",""coffee"",""seafood""]",,"[""market""]","[""midday"",""afternoon""]",1,$,1,,london,borough-market-ldn,,"[""https://www.instagram.com/boroughmarket/?hl=en""]","{""Fri"": {""open1"": ""10:00 am"", ""close1"": ""5:00 pm""}, ""Mon"": null, ""Sat"": {""open1"": ""9:00 am"", ""close1"": ""5:00 pm""}, ""Sun"": {""open1"": ""10:00 am"", ""close1"": ""4:00 pm""}, ""Thu"": {""open1"": ""10:00 am"", ""close1"": ""5:00 pm""}, ""Tue"": {""open1"": ""10:00 am"", ""close1"": ""5:00 pm""}, ""Wed"": {""open1"": ""10:00 am"", ""close1"": ""5:00 pm""}}","London SE1 9AH, United Kingdom","[""bustling"",""historic"",""abundant"",""sensory"",""convivial"",""eclectic""]"
164bd805-6895-4a0a-8d74-2c99adc785b3,Bottarga,51.4833646,-0.1765098,bottargalondon,,"[""greek"",""feta"",""salad"",""lamb"",""cheesecake"",""seafood"",""aegean"",""wine"",""lunch"",""dinner""]",,"[""lunch"",""dinner""]","[""midday"",""evening""]",1,$$$,1,,london,bottarga-ldn,,"[""https://www.instagram.com/bottargalondon""]","{""Fri"": {""open1"": ""12:00 pm"", ""open2"": ""6:00 pm"", ""close1"": ""3:30 pm"", ""close2"": ""10:30 pm""}, ""Mon"": {""open1"": ""12:00 pm"", ""open2"": ""6:00 pm"", ""close1"": ""3:30 pm"", ""close2"": ""10:30 pm""}, ""Sat"": {""open1"": ""12:00 pm"", ""open2"": ""6:00 pm"", ""close1"": ""3:30 pm"", ""close2"": ""10:30 pm""}, ""Sun"": {""open1"": ""12:00 pm"", ""open2"": ""6:00 pm"", ""close1"": ""3:30 pm"", ""close2"": ""9:30 pm""}, ""Thu"": {""open1"": ""12:00 pm"", ""open2"": ""6:00 pm"", ""close1"": ""3:30 pm"", ""close2"": ""10:30 pm""}, ""Tue"": {""open1"": ""12:00 pm"", ""open2"": ""6:00 pm"", ""close1"": ""3:30 pm"", ""close2"": ""10:30 pm""}, ""Wed"": {""open1"": ""12:00 pm"", ""open2"": ""6:00 pm"", ""close1"": ""3:30 pm"", ""close2"": ""10:30 pm""}}","383 King's Rd, London SW10 0LP, United Kingdom","[""vibrant"",""coastal"",""polished"",""greek"",""sunny"",""elegant""]"
64e4db33-a3d2-44ee-ba64-75bc8b2dac0f,Bounce Farringdon,51.5180075,-0.1082512,bouncepingpong,,"[""pingpong"",""cocktails"",""pizza"",""parties"",""tournaments"",""games"",""groups"",""events"",""paddles"",""beers""]",,"[""bar""]","[""evening"",""late""]",1,$$,1,,london,bounce-farringdon-ldn,,"[""https://www.instagram.com/bouncepingpong/?hl=en""]","{""Fri"": {""open1"": ""1:30 pm"", ""close1"": ""12:00 am""}, ""Mon"": {""open1"": ""4:30 pm"", ""close1"": ""11:00 pm""}, ""Sat"": {""open1"": ""11:30 am"", ""close1"": ""12:00 am""}, ""Sun"": {""open1"": ""11:30 am"", ""close1"": ""10:00 pm""}, ""Thu"": {""open1"": ""1:30 pm"", ""close1"": ""12:00 am""}, ""Tue"": {""open1"": ""4:30 pm"", ""close1"": ""11:00 pm""}, ""Wed"": {""open1"": ""3:00 pm"", ""close1"": ""11:00 pm""}}","121 Holborn, London EC1N 2TD, United Kingdom","[""playful"",""energetic"",""social"",""loud"",""competitive"",""colourful""]"
eae0fa6a-a14e-4041-bb1f-d7bda4cfe42d,Boxcar Marylebone,51.519538,-0.1615314,boxcarlondon,,"[""breakfast"",""brunch"",""sandwiches"",""pastries"",""deli"",""coffee"",""biodynamic"",""wine"",""lunch"",""bread""]",,"[""bakery""]","[""morning"",""midday""]",1,$,1,,london,boxcar-marylebone-ldn,,"[""https://www.instagram.com/boxcarlondon/?hl=en""]","{""Fri"": {""open1"": ""8:00 am"", ""close1"": ""5:00 pm""}, ""Mon"": {""open1"": ""8:00 am"", ""close1"": ""5:00 pm""}, ""Sat"": {""open1"": ""8:00 am"", ""close1"": ""6:00 pm""}, ""Sun"": {""open1"": ""8:00 am"", ""close1"": ""6:00 pm""}, ""Thu"": {""open1"": ""8:00 am"", ""close1"": ""5:00 pm""}, ""Tue"": {""open1"": ""8:00 am"", ""close1"": ""5:00 pm""}, ""Wed"": {""open1"": ""8:00 am"", ""close1"": ""5:00 pm""}}","7A Wyndham Pl, London W1H 1PN, United Kingdom","[""sunny"",""relaxed"",""artisanal"",""bustling"",""welcoming"",""casual""]"
baca6dc2-faf2-460e-8b20-3e5223209304,BRAT Restaurant,51.5242042,-0.0767031,bratrestaurant,,"[""turbot"",""oysters"",""grilling"",""seafood"",""charcoal"",""bread"",""wine"",""cheesecake"",""sharing"",""produce""]",,"[""pub""]","[""afternoon"",""evening""]",1,$$$,1,,london,brat-restaurant-ldn,,"[""https://www.instagram.com/bratrestaurant/""]","{""Fri"": {""open1"": ""12:00 pm"", ""close1"": ""10:00 pm""}, ""Mon"": {""open1"": ""12:00 pm"", ""close1"": ""10:00 pm""}, ""Sat"": {""open1"": ""12:00 pm"", ""close1"": ""10:00 pm""}, ""Sun"": {""open1"": ""12:00 pm"", ""close1"": ""10:00 pm""}, ""Thu"": {""open1"": ""12:00 pm"", ""close1"": ""10:00 pm""}, ""Tue"": {""open1"": ""12:00 pm"", ""close1"": ""10:00 pm""}, ""Wed"": {""open1"": ""12:00 pm"", ""close1"": ""10:00 pm""}}","4 Redchurch St, London E1 6JL, United Kingdom","[""smoky"",""elemental"",""rustic"",""energetic"",""firelit"",""confident""]"
036ff5bd-1c74-46f1-81e1-b0250519aa6f,Brawn,51.528968,-0.070239,brawn49,,"[""terrines"",""pork"",""game"",""anchovies"",""wines"",""vegetables"",""seafood"",""charcuterie"",""roasts"",""puddings""]",,"[""lunch"",""dinner""]","[""midday"",""evening""]",1,$$$,1,,london,brawn-ldn,,"[""https://www.instagram.com/brawn49/""]","{""Fri"": {""open1"": ""12:00 pm"", ""open2"": ""6:00 pm"", ""close1"": ""2:15 pm"", ""close2"": ""10:15 pm""}, ""Mon"": {""open1"": ""6:00 pm"", ""close1"": ""10:15 pm""}, ""Sat"": {""open1"": ""12:00 pm"", ""open2"": ""6:00 pm"", ""close1"": ""2:15 pm"", ""close2"": ""10:15 pm""}, ""Sun"": null, ""Thu"": {""open1"": ""12:00 pm"", ""open2"": ""6:00 pm"", ""close1"": ""2:15 pm"", ""close2"": ""10:15 pm""}, ""Tue"": {""open1"": ""12:00 pm"", ""open2"": ""6:00 pm"", ""close1"": ""2:15 pm"", ""close2"": ""10:15 pm""}, ""Wed"": {""open1"": ""12:00 pm"", ""open2"": ""6:00 pm"", ""close1"": ""2:15 pm"", ""close2"": ""10:15 pm""}}","49 Columbia Rd, London E2 7RG, United Kingdom","[""rustic"",""ingredientdriven"",""convivial"",""unfussy"",""warm"",""honest""]"
9ae01364-7e78-4d02-9bb2-bc9a6849b938,Brilliant Corners,51.5430543,-0.0759088,brilliant_cnrs,,"[""vinyl"",""japanese"",""cocktails"",""sake"",""jazz"",""listening"",""noodles"",""records"",""djs"",""seafood""]",,"[""dinner"",""cocktail""]","[""evening"",""late""]",1,$$$,1,,london,brilliant-corners-ldn,,"[""https://www.instagram.com/brilliant_cnrs/?hl=en""]","{""Fri"": {""open1"": ""5:00 pm"", ""close1"": ""1:30 am""}, ""Mon"": {""open1"": ""5:00 pm"", ""close1"": ""12:00 am""}, ""Sat"": {""open1"": ""5:00 pm"", ""close1"": ""1:30 am""}, ""Sun"": {""open1"": ""5:00 pm"", ""close1"": ""12:00 am""}, ""Thu"": {""open1"": ""5:00 pm"", ""close1"": ""12:00 am""}, ""Tue"": {""open1"": ""5:00 pm"", ""close1"": ""12:00 am""}, ""Wed"": {""open1"": ""5:00 pm"", ""close1"": ""12:00 am""}}","470 Kingsland Rd, London E8 4AE, United Kingdom","[""soulful"",""intimate"",""analog"",""relaxed"",""nocturnal"",""cultured""]"
4ab4bced-8ad5-4534-a666-6c5c6412c890,Bruno,51.5383137,-0.0452271,bruno___london,,"[""wine"",""bottles"",""tastings"",""producers"",""seafood"",""cheeses"",""vegetables"",""charcuterie"",""pours"",""shopping""]",,"[""wine bar""]","[""afternoon"",""evening""]",1,$$,1,,london,bruno-ldn,,"[""https://www.instagram.com/bruno___london/""]","{""Fri"": {""open1"": ""12:00 pm"", ""close1"": ""11:00 pm""}, ""Mon"": {""open1"": ""5:00 pm"", ""close1"": ""11:00 pm""}, ""Sat"": {""open1"": ""12:00 pm"", ""close1"": ""11:00 pm""}, ""Sun"": {""open1"": ""12:00 pm"", ""close1"": ""11:00 pm""}, ""Thu"": {""open1"": ""5:00 pm"", ""close1"": ""11:00 pm""}, ""Tue"": {""open1"": ""5:00 pm"", ""close1"": ""11:00 pm""}, ""Wed"": {""open1"": ""5:00 pm"", ""close1"": ""11:00 pm""}}","211a Victoria Park Rd, London E9 7JN, United Kingdom","[""intimate"",""stylish"",""polished"",""relaxed"",""convivial"",""neighbourhood""]"
d874ada9-b77e-424d-8a1f-1cde1de886aa,Brunswick House,51.4847537,-0.1265278,brunswick_house,,"[""cocktails"",""chandeliers"",""antiques"",""oysters"",""roasts"",""martinis"",""weddings"",""banquets"",""feasting"",""champagne""]",,"[""lunch"",""dinner""]","[""afternoon"",""evening""]",1,$$$,1,,london,brunswick-house-ldn,,"[""https://www.instagram.com/brunswick_house/?hl=en""]","{""Fri"": {""open1"": ""12:00 pm"", ""close1"": ""11:00 pm""}, ""Mon"": null, ""Sat"": {""open1"": ""12:00 pm"", ""close1"": ""11:00 pm""}, ""Sun"": {""open1"": ""12:00 pm"", ""close1"": ""5:00 pm""}, ""Thu"": {""open1"": ""12:00 pm"", ""close1"": ""11:00 pm""}, ""Tue"": {""open1"": ""5:00 pm"", ""close1"": ""11:00 pm""}, ""Wed"": {""open1"": ""12:00 pm"", ""close1"": ""11:00 pm""}}","30 Wandsworth Rd, London SW8 2LG, United Kingdom","[""theatrical"",""eccentric"",""grand"",""romantic"",""atmospheric"",""opulent""]"
656b7076-6345-441c-815f-d6c00f92c4b2,Bunhead Bakery,51.4525594,-0.1023694,thebunheadbakery,,"[""palestinian"",""buns"",""zaatar"",""knafeh"",""cinnamon"",""coffee"",""pastries"",""kataifi"",""sweets"",""merch""]",,"[""bakery""]","[""midday"",""afternoon""]",1,$,1,,london,bunhead-bakery-ldn,,"[""https://www.instagram.com/thebunheadbakery/?hl=en""]","{""Fri"": {""open1"": ""9:00 am"", ""close1"": ""4:00 pm""}, ""Mon"": null, ""Sat"": {""open1"": ""10:00 am"", ""close1"": ""4:00 pm""}, ""Sun"": {""open1"": ""10:00 am"", ""close1"": ""4:00 pm""}, ""Thu"": {""open1"": ""9:00 am"", ""close1"": ""4:00 pm""}, ""Tue"": null, ""Wed"": null}","145 Dulwich Rd, London SE24 0NG, United Kingdom","[""bright"",""warm"",""aromatic"",""heartfelt"",""artisanal"",""expressive""]"
7c6577ba-6f7a-401d-8181-d058bf7c35fb,Burley Fisher Books,51.5414485,-0.0760605,burleyfisher,,"[""books"",""publishing"",""fiction"",""essays"",""poetry"",""readings"",""magazines"",""paperbacks"",""launches"",""authors""]",,"[""bookstore""]","[""midday"",""afternoon""]",1,$,1,,london,burley-fisher-books-ldn,,"[""https://www.instagram.com/burleyfisher/""]","{""Fri"": {""open1"": ""10:00 am"", ""close1"": ""6:00 pm""}, ""Mon"": {""open1"": ""10:00 am"", ""close1"": ""6:00 pm""}, ""Sat"": {""open1"": ""10:00 am"", ""close1"": ""6:00 pm""}, ""Sun"": {""open1"": ""12:00 pm"", ""close1"": ""6:00 pm""}, ""Thu"": {""open1"": ""10:00 am"", ""close1"": ""6:00 pm""}, ""Tue"": {""open1"": ""10:00 am"", ""close1"": ""6:00 pm""}, ""Wed"": {""open1"": ""10:00 am"", ""close1"": ""6:00 pm""}}","400 Kingsland Rd, London E8 4AA, United Kingdom","[""intellectual"",""independent"",""eclectic"",""literary"",""contemplative"",""intimate""]"
3376e2ac-a47f-4389-b37f-346f95ab6e2d,Cabotte,51.5149331,-0.0916843,cabotte_,,"[""french"",""burgundy"",""wine"",""bistro"",""pâté"",""oysters"",""seafood"",""cheeses"",""pairings"",""champagne""]",,"[""lunch"",""dinner""]","[""midday"",""evening""]",1,$$$,1,,london,cabotte-ldn,,"[""https://www.instagram.com/cabotte_""]","{""Fri"": {""open1"": ""12:00 pm"", ""close1"": ""9:30 pm""}, ""Mon"": {""open1"": ""12:00 pm"", ""close1"": ""9:30 pm""}, ""Sat"": null, ""Sun"": null, ""Thu"": {""open1"": ""12:00 pm"", ""close1"": ""9:30 pm""}, ""Tue"": {""open1"": ""12:00 pm"", ""close1"": ""9:30 pm""}, ""Wed"": {""open1"": ""12:00 pm"", ""close1"": ""9:30 pm""}}","48 Gresham St, London EC2V 7AY, United Kingdom","[""refined"",""rustic"",""polished"",""elegant"",""intimate"",""sophisticated""]"
e81c03b3-1a78-4403-9a5d-30578e1d8718,Cafe 1001,51.5209341,-0.0719882,cafe1001music,,"[""espresso"",""cocktails"",""djs"",""vinyl"",""music"",""beers"",""terrace"",""brunches"",""pastries"",""events""]",,"[""cafe"",""brunch"",""cocktail""]","[""morning"",""midday"",""afternoon""]",1,$$,1,,london,cafe-1001-ldn,,"[""https://www.instagram.com/cafe1001music/""]","{""Fri"": {""open1"": ""9:00 am"", ""close1"": ""12:00 am""}, ""Mon"": {""open1"": ""9:00 am"", ""close1"": ""9:00 pm""}, ""Sat"": {""open1"": ""9:00 am"", ""close1"": ""12:00 am""}, ""Sun"": {""open1"": ""9:00 am"", ""close1"": ""9:00 pm""}, ""Thu"": {""open1"": ""9:00 am"", ""close1"": ""12:00 am""}, ""Tue"": {""open1"": ""9:00 am"", ""close1"": ""11:30 pm""}, ""Wed"": {""open1"": ""9:00 am"", ""close1"": ""11:30 pm""}}","91 Brick Ln, London E1 6QL, United Kingdom","[""eclectic"",""artsy"",""laidback"",""energetic"",""youthful"",""colorful""]"
dccbefbe-20aa-4042-8953-de309f0aff2f,cafe Kitsuné - Belgravia,51.4992268,-0.157074,maisonkitsune,,"[""espresso"",""matcha"",""beans"",""lattes"",""pastries"",""tableware"",""sandwiches"",""mugs"",""sweets"",""retail""]",,"[""cafe"",""coffee"",""cocktail""]","[""morning"",""midday"",""afternoon""]",1,$$,1,,london,cafe-kitsune-belgravia-ldn,,"[""https://www.instagram.com/maisonkitsune""]","{""Fri"": {""open1"": ""8:30 am"", ""close1"": ""8:00 pm""}, ""Mon"": {""open1"": ""8:30 am"", ""close1"": ""8:00 pm""}, ""Sat"": {""open1"": ""9:00 am"", ""close1"": ""8:00 pm""}, ""Sun"": {""open1"": ""9:00 am"", ""close1"": ""6:00 pm""}, ""Thu"": {""open1"": ""8:30 am"", ""close1"": ""8:00 pm""}, ""Tue"": {""open1"": ""8:30 am"", ""close1"": ""8:00 pm""}, ""Wed"": {""open1"": ""8:30 am"", ""close1"": ""8:00 pm""}}","19 Motcomb St, London SW1X 8LB, United Kingdom","[""polished"",""compact"",""serene"",""stylish"",""bright"",""cosmopolitan""]"
f113e177-2b84-490a-9607-98d87099162e,Cafe OTO,51.546942,-0.0747723,cafeotodalston,,"[""concerts"",""improvisation"",""jazz"",""records"",""tapes"",""books"",""pastries"",""snacks"",""performances"",""tickets""]",,"[""cafe""]","[""morning"",""midday""]",1,$,1,,london,cafe-oto-ldn,,"[""https://www.instagram.com/cafeotodalston/""]","{""Fri"": {""open1"": ""9:00 am"", ""close1"": ""5:00 pm""}, ""Mon"": {""open1"": ""9:00 am"", ""close1"": ""5:00 pm""}, ""Sat"": {""open1"": ""9:00 am"", ""close1"": ""5:00 pm""}, ""Sun"": {""open1"": ""10:00 am"", ""close1"": ""5:00 pm""}, ""Thu"": {""open1"": ""9:00 am"", ""close1"": ""5:00 pm""}, ""Tue"": {""open1"": ""9:00 am"", ""close1"": ""5:00 pm""}, ""Wed"": {""open1"": ""9:00 am"", ""close1"": ""5:00 pm""}}","18-22 Ashwin St, London E8 3DL, United Kingdom","[""experimental"",""raw"",""sonic"",""intimate"",""cerebral"",""communal""]"
80ab635c-9440-432d-b6d6-826834a0b269,cafe Vins,51.5133513,-0.138808,cafevins,,"[""natural wine"",""charcuterie"",""cheeses"",""oysters"",""aperitifs"",""vermouth"",""bottles"",""sharing plates"",""pasta"",""spritzes""]",,"[""coffee"",""bookstore""]","[""morning"",""midday"",""afternoon""]",1,$,1,,london,cafe-vins-ldn,,"[""https://www.instagram.com/cafevins/""]","{""Fri"": {""open1"": ""8:00 am"", ""close1"": ""6:00 pm""}, ""Mon"": {""open1"": ""8:00 am"", ""close1"": ""6:00 pm""}, ""Sat"": {""open1"": ""9:00 am"", ""close1"": ""6:00 pm""}, ""Sun"": {""open1"": ""9:00 am"", ""close1"": ""6:00 pm""}, ""Thu"": {""open1"": ""8:00 am"", ""close1"": ""6:00 pm""}, ""Tue"": {""open1"": ""8:00 am"", ""close1"": ""6:00 pm""}, ""Wed"": {""open1"": ""8:00 am"", ""close1"": ""6:00 pm""}}","1 Marlborough Ct, Carnaby, London W1F 7EE, United Kingdom","[""intimate"",""cozy"",""relaxed"",""rustic"",""convivial"",""charming""]"
99e4a2c1-ea6a-4999-ba5d-b7748604f7a4,Cahoots Underground,51.5124824,-0.1385496,cahootslondon,,"[""cocktails"",""swing"",""gin"",""whisky"",""music"",""flasks"",""croquettes"",""peppers"",""chips"",""parties""]",,"[""cocktail""]","[""evening"",""late""]",1,$,1,,london,cahoots-underground-ldn,,"[""https://www.instagram.com/cahootslondon/""]","{""Fri"": {""open1"": ""4:00 pm"", ""close1"": ""2:00 am""}, ""Mon"": {""open1"": ""5:00 pm"", ""close1"": ""1:00 am""}, ""Sat"": {""open1"": ""12:00 pm"", ""close1"": ""2:00 am""}, ""Sun"": {""open1"": ""4:00 pm"", ""close1"": ""12:00 am""}, ""Thu"": {""open1"": ""4:00 pm"", ""close1"": ""2:00 am""}, ""Tue"": {""open1"": ""4:00 pm"", ""close1"": ""1:00 am""}, ""Wed"": {""open1"": ""4:00 pm"", ""close1"": ""1:00 am""}}","13 Kingly Ct, Carnaby, London W1B 5PW, United Kingdom","[""nostalgic"",""theatrical"",""playful"",""immersive"",""eccentric"",""clandestine""]"
fa6e236b-9c9b-4836-b9fb-e833909acbc3,Caia,51.5226641,-0.20761,caia.london,,"[""woodfire"",""naturalwine"",""vinyl"",""oysters"",""concerts"",""listening"",""seafood"",""cocktails"",""performances"",""sharing""]",,"[""dinner"",""cocktail""]","[""evening"",""late""]",1,$$$,1,,london,caia-ldn,,"[""https://www.instagram.com/caia.london/""]","{""Fri"": {""open1"": ""5:30 pm"", ""close1"": ""1:00 am""}, ""Mon"": null, ""Sat"": {""open1"": ""12:00 pm"", ""close1"": ""1:00 am""}, ""Sun"": null, ""Thu"": {""open1"": ""5:30 pm"", ""close1"": ""12:00 am""}, ""Tue"": {""open1"": ""5:30 pm"", ""close1"": ""12:00 am""}, ""Wed"": {""open1"": ""5:30 pm"", ""close1"": ""12:00 am""}}","46 Golborne Rd, London W10 5PR, United Kingdom","[""eclectic"",""smoky"",""artistic"",""atmospheric"",""warm"",""immersive""]"
0c3e6604-3de1-404e-8a8c-692b228ce7c2,Camden Market,51.5414026,-0.1465084,camdenmarket,,"[""traders"",""streetfood"",""fashion"",""crafts"",""music"",""stalls"",""vintage"",""accessories"",""souvenirs"",""experiences""]",,"[""market""]","[""morning"",""midday""]",1,$,1,,london,camden-market-ldn,,"[""https://www.instagram.com/camdenmarket/?hl=en""]","{""Fri"": {""open1"": ""10:00 am"", ""close1"": ""7:00 pm""}, ""Mon"": {""open1"": ""10:00 am"", ""close1"": ""7:00 pm""}, ""Sat"": {""open1"": ""10:00 am"", ""close1"": ""7:00 pm""}, ""Sun"": {""open1"": ""10:00 am"", ""close1"": ""7:00 pm""}, ""Thu"": {""open1"": ""10:00 am"", ""close1"": ""7:00 pm""}, ""Tue"": {""open1"": ""10:00 am"", ""close1"": ""7:00 pm""}, ""Wed"": {""open1"": ""10:00 am"", ""close1"": ""7:00 pm""}}","54-56 Camden Lock Pl, London NW1 8AF, United Kingdom","[""eclectic"",""bustling"",""colorful"",""rebellious"",""youthful"",""chaotic""]"
71f03cb6-9053-43f9-a542-332d642afa49,Campania,51.5297263,-0.0696149,campaniaandjones,,"[""pasta"",""focaccia"",""burrata"",""antipasti"",""tiramisu"",""espresso"",""wine"",""seafood"",""gelato"",""cannoli""]",,"[""lunch"",""dinner""]","[""midday"",""evening""]",1,$$$,1,,london,campania-ldn,,"[""https://www.instagram.com/campaniaandjones/?hl=en""]","{""Fri"": {""open1"": ""12:00 pm"", ""open2"": ""6:00 pm"", ""close1"": ""3:30 pm"", ""close2"": ""11:00 pm""}, ""Mon"": null, ""Sat"": {""open1"": ""12:00 pm"", ""open2"": ""6:00 pm"", ""close1"": ""4:00 pm"", ""close2"": ""11:00 pm""}, ""Sun"": {""open1"": ""12:00 pm"", ""close1"": ""5:00 pm""}, ""Thu"": {""open1"": ""12:00 pm"", ""open2"": ""6:00 pm"", ""close1"": ""3:30 pm"", ""close2"": ""10:30 pm""}, ""Tue"": {""open1"": ""12:00 pm"", ""open2"": ""6:00 pm"", ""close1"": ""3:30 pm"", ""close2"": ""10:30 pm""}, ""Wed"": {""open1"": ""12:00 pm"", ""open2"": ""6:00 pm"", ""close1"": ""3:30 pm"", ""close2"": ""10:30 pm""}}","23 Ezra St, London E2 7RH, United Kingdom","[""rustic"",""charming"",""warm"",""intimate"",""relaxed"",""soulful""]"
34a18e90-0c71-490f-8069-e66898a12ede,Canal Restaurant,51.5225391,-0.1998125,canal.canal.canal,,"[""seafood"",""pasta"",""oysters"",""cocktails"",""brunches"",""crudo"",""salads"",""wine"",""spritzes"",""desserts""]",,"[""lunch"",""dinner""]","[""midday"",""evening""]",1,$$$,1,,london,canal-restaurant-ldn,,"[""https://www.instagram.com/canal.canal.canal/?hl=en""]","{""Fri"": {""open1"": ""12:00 pm"", ""close1"": ""10:00 pm""}, ""Mon"": {""open1"": ""12:00 pm"", ""open2"": ""6:00 pm"", ""close1"": ""3:00 pm"", ""close2"": ""10:00 pm""}, ""Sat"": {""open1"": ""12:00 pm"", ""close1"": ""10:00 pm""}, ""Sun"": {""open1"": ""12:00 pm"", ""close1"": ""9:00 pm""}, ""Thu"": {""open1"": ""12:00 pm"", ""open2"": ""6:00 pm"", ""close1"": ""3:00 pm"", ""close2"": ""10:00 pm""}, ""Tue"": {""open1"": ""12:00 pm"", ""open2"": ""6:00 pm"", ""close1"": ""3:00 pm"", ""close2"": ""10:00 pm""}, ""Wed"": {""open1"": ""12:00 pm"", ""open2"": ""6:00 pm"", ""close1"": ""3:00 pm"", ""close2"": ""10:00 pm""}}","11b Woodfield Rd, London W9 2BA, United Kingdom","[""airy"",""scenic"",""polished"",""relaxed"",""contemporary"",""bright""]"
8df1c1fa-d549-499c-b5cd-fdbd76550b9a,Candid Cafe,51.5321604,-0.105287,candidartscafe,,"[""espresso"",""sandwiches"",""cakes"",""exhibitions"",""studios"",""workshops"",""coffees"",""pastries"",""lunches"",""browsing""]",,"[""cafe""]","[""midday"",""afternoon""]",1,$,1,,london,candid-cafe-ldn,,"[""https://www.instagram.com/candidartscafe/""]","{""Fri"": {""open1"": ""11:00 am"", ""close1"": ""10:00 pm""}, ""Mon"": null, ""Sat"": {""open1"": ""11:00 am"", ""close1"": ""6:00 pm""}, ""Sun"": {""open1"": ""11:00 am"", ""close1"": ""6:00 pm""}, ""Thu"": {""open1"": ""11:00 am"", ""close1"": ""10:00 pm""}, ""Tue"": {""open1"": ""11:00 am"", ""close1"": ""10:00 pm""}, ""Wed"": {""open1"": ""11:00 am"", ""close1"": ""10:00 pm""}}","3 Torrens St, London EC1V 1NQ, United Kingdom","[""bohemian"",""eclectic"",""relaxed"",""artsy"",""colorful"",""informal""]"
5b8a734b-d1b1-4528-8e42-80a3bd609599,Canton Arms,51.4771509,-0.123007,cantonarms,,"[""ales"",""cocktails"",""lowintervention"",""wines"",""toasties"",""roasts"",""pies"",""cask"",""pints"",""puddings""]",,"[""pub""]","[""afternoon"",""evening""]",1,$$,1,,london,canton-arms-ldn,,"[""https://www.instagram.com/cantonarms/?hl=en""]","{""Fri"": {""open1"": ""11:00 am"", ""close1"": ""11:00 pm""}, ""Mon"": {""open1"": ""5:00 pm"", ""close1"": ""10:30 pm""}, ""Sat"": {""open1"": ""11:00 am"", ""close1"": ""11:00 pm""}, ""Sun"": {""open1"": ""11:00 am"", ""close1"": ""10:30 pm""}, ""Thu"": {""open1"": ""11:00 am"", ""close1"": ""11:00 pm""}, ""Tue"": {""open1"": ""11:00 am"", ""close1"": ""11:00 pm""}, ""Wed"": {""open1"": ""11:00 am"", ""close1"": ""11:00 pm""}}","177 S Lambeth Rd, London SW8 1XP, United Kingdom","[""traditional"",""bustling"",""unpretentious"",""hearty"",""convivial"",""weathered""]"
4f7232ef-72d9-420f-8ab3-7b5588b8768c,Carlotta,51.5209688,-0.1521323,bigmamma.uk,,"[""pasta"",""meatballs"",""martinis"",""antipasti"",""tiramisu"",""seafood"",""cannoli"",""parmesan"",""cocktails"",""wine""]",,"[""lunch"",""dinner""]","[""midday"",""evening""]",1,$$$,1,,london,carlotta-ldn,,"[""https://www.instagram.com/bigmamma.uk/""]","{""Fri"": {""open1"": ""11:45 am"", ""close1"": ""11:00 pm""}, ""Mon"": {""open1"": ""11:45 am"", ""open2"": ""4:45 pm"", ""close1"": ""3:30 pm"", ""close2"": ""10:30 pm""}, ""Sat"": {""open1"": ""11:30 am"", ""close1"": ""11:00 pm""}, ""Sun"": {""open1"": ""11:30 am"", ""close1"": ""9:30 pm""}, ""Thu"": {""open1"": ""11:45 am"", ""open2"": ""4:45 pm"", ""close1"": ""3:30 pm"", ""close2"": ""10:30 pm""}, ""Tue"": {""open1"": ""11:45 am"", ""open2"": ""4:45 pm"", ""close1"": ""3:30 pm"", ""close2"": ""10:30 pm""}, ""Wed"": {""open1"": ""11:45 am"", ""open2"": ""4:45 pm"", ""close1"": ""3:30 pm"", ""close2"": ""10:30 pm""}}","77-78 Marylebone High St, London W1U 5JX, United Kingdom","[""theatrical"",""nostalgic"",""decadent"",""lively"",""maximal"",""convivial""]"
660b3abf-61b2-4555-9d7b-8f723c7260d9,Chiave,51.5242963,-0.0753527,chiave.shoreditch,,"[""cocktails"",""martinis"",""negronis"",""amaro"",""vinyl"",""spirits"",""tequila"",""spritzes"",""aperitifs"",""dancing""]",,"[""cocktail""]","[""evening"",""late""]",1,$$,1,,london,chiave-ldn,,"[""https://www.instagram.com/chiave.shoreditch/""]","{""Fri"": {""open1"": ""5:00 pm"", ""close1"": ""2:00 am""}, ""Mon"": null, ""Sat"": {""open1"": ""4:00 pm"", ""close1"": ""2:00 am""}, ""Sun"": {""open1"": ""4:00 pm"", ""close1"": ""10:00 pm""}, ""Thu"": {""open1"": ""5:00 pm"", ""close1"": ""2:00 am""}, ""Tue"": {""open1"": ""5:00 pm"", ""close1"": ""12:00 am""}, ""Wed"": {""open1"": ""5:00 pm"", ""close1"": ""12:00 am""}}","36 Redchurch St, London E2 7DP, United Kingdom","[""moody"",""cinematic"",""intimate"",""polished"",""seductive"",""nocturnal""]"
ad85b9f1-deb1-444e-b362-67e679db7496,Choosing Keeping,51.5131544,-0.1275069,choosingkeeping,,"[""stationery"",""notebooks"",""paper"",""pens"",""pencils"",""inks"",""wrapping"",""tools"",""writing"",""gifts""]",,"[""lifestyle""]","[""midday"",""afternoon""]",1,$,1,,london,choosing-keeping-ldn,,"[""https://www.instagram.com/choosingkeeping/?hl=en""]","{""Fri"": {""open1"": ""10:00 am"", ""close1"": ""6:30 pm""}, ""Mon"": {""open1"": ""10:00 am"", ""close1"": ""6:30 pm""}, ""Sat"": {""open1"": ""10:00 am"", ""close1"": ""6:30 pm""}, ""Sun"": {""open1"": ""11:30 am"", ""close1"": ""5:30 pm""}, ""Thu"": {""open1"": ""10:00 am"", ""close1"": ""6:30 pm""}, ""Tue"": {""open1"": ""10:00 am"", ""close1"": ""6:30 pm""}, ""Wed"": {""open1"": ""10:00 am"", ""close1"": ""6:30 pm""}}","21 Tower St, London WC2H 9NS, United Kingdom","[""nostalgic"",""meticulous"",""refined"",""tactile"",""whimsical"",""thoughtful""]"
b01bd917-581a-4d9d-b851-bceb3284c2df,CLAP London,51.5008833,-0.1606683,claplondon,,"[""sushi"",""sashimi"",""omakase"",""robata"",""wagyu"",""sake"",""tempura"",""cocktails"",""nigiri"",""seafood""]",,"[""brunch"",""lunch"",""dinner"",""rooftop""]","[""midday"",""evening""]",1,$$$$,1,,london,clap-london-ldn,,"[""https://www.instagram.com/claplondon/?hl=en""]","{""Fri"": {""open1"": ""12:00 pm"", ""close1"": ""1:00 am""}, ""Mon"": null, ""Sat"": {""open1"": ""12:00 pm"", ""close1"": ""1:00 am""}, ""Sun"": {""open1"": ""12:00 pm"", ""close1"": ""11:00 pm""}, ""Thu"": {""open1"": ""12:00 pm"", ""close1"": ""12:30 am""}, ""Tue"": {""open1"": ""12:00 pm"", ""close1"": ""12:30 am""}, ""Wed"": {""open1"": ""12:00 pm"", ""close1"": ""12:30 am""}}","Sixth and seventh Floor, 12-14 Basil St, London SW3 1AJ, United Kingdom","[""dramatic"",""glossy"",""electric"",""luxurious"",""immersive"",""polished""]"
546724f8-d37f-4465-957e-6a3e11c692e0,Clara's Wine & Bistro,51.5239065,-0.0745873,clarasbistro,,"[""wines"",""aperitifs"",""charcuterie"",""oysters"",""bottles"",""spritzes"",""cheeses"",""martinis"",""snacks"",""pairings""]",,"[""lunch"",""dinner"",""wine bar""]","[""afternoon"",""evening""]",1,$$,1,,london,claras-wine-bistro-ldn,,"[""https://www.instagram.com/clarasbistro/""]","{""Fri"": {""open1"": ""12:00 pm"", ""close1"": ""11:00 pm""}, ""Mon"": null, ""Sat"": {""open1"": ""12:00 pm"", ""close1"": ""11:00 pm""}, ""Sun"": {""open1"": ""12:00 pm"", ""close1"": ""10:00 pm""}, ""Thu"": {""open1"": ""12:00 pm"", ""close1"": ""11:00 pm""}, ""Tue"": {""open1"": ""4:00 pm"", ""close1"": ""11:00 pm""}, ""Wed"": {""open1"": ""12:00 pm"", ""close1"": ""11:00 pm""}}","17 Bethnal Grn Rd, London E1 6LA, United Kingdom","[""neighborhood"",""candlelit"",""relaxed"",""convivial"",""understated"",""warm""]"
f41f9c0c-8e66-4dd9-a714-2cd20cba656a,Claridge's ArtSpace cafe,51.5123965,-0.14714,claridgesartspacecafe,,"[""exhibitions"",""paintings"",""sculptures"",""collectors"",""installations"",""photography"",""curations"",""archives"",""talks"",""auctions""]",,"[""cafe"",""breakfast"",""brunch""]","[""morning"",""midday""]",1,$$,1,,london,claridges-artspace-cafe-ldn,,"[""https://www.instagram.com/claridgesartspacecafe/""]","{""Fri"": {""open1"": ""8:00 am"", ""close1"": ""6:00 pm""}, ""Mon"": {""open1"": ""8:00 am"", ""close1"": ""6:00 pm""}, ""Sat"": {""open1"": ""10:00 am"", ""close1"": ""6:00 pm""}, ""Sun"": {""open1"": ""10:00 am"", ""close1"": ""5:00 pm""}, ""Thu"": {""open1"": ""8:00 am"", ""close1"": ""6:00 pm""}, ""Tue"": {""open1"": ""8:00 am"", ""close1"": ""6:00 pm""}, ""Wed"": {""open1"": ""8:00 am"", ""close1"": ""6:00 pm""}}","Brook's Mews, London W1K 4HR, United Kingdom","[""elegant"",""refined"",""contemplative"",""luxurious"",""polished"",""serene""]"
f70ec8ae-e724-4ef3-b238-db9f845c066e,Cobalto,51.4859526,-0.2029164,cobalto_winebar,,"[""wine"",""natural wine"",""negronis"",""martinis"",""mezcalitas"",""charcuterie"",""cheeses"",""ricotta"",""small plates"",""beer""]",,"[""wine bar""]","[""afternoon"",""evening""]",1,$$,1,,london,cobalto-ldn,,"[""https://www.instagram.com/cobalto_winebar/""]","{""Fri"": {""open1"": ""4:00 pm"", ""close1"": ""11:00 pm""}, ""Mon"": null, ""Sat"": {""open1"": ""4:00 pm"", ""close1"": ""11:00 pm""}, ""Sun"": {""open1"": ""4:00 pm"", ""close1"": ""10:00 pm""}, ""Thu"": {""open1"": ""5:00 pm"", ""close1"": ""11:00 pm""}, ""Tue"": {""open1"": ""5:00 pm"", ""close1"": ""11:00 pm""}, ""Wed"": {""open1"": ""5:00 pm"", ""close1"": ""11:00 pm""}}","226 North End Rd, London W14 9NU, United Kingdom","[""intimate"",""candlelit"",""soulful"",""refined"",""relaxed"",""elegant""]"
ab2bd5f5-a5a8-43ca-b35b-5ed451f16b60,Colbert,51.4927777,-0.1565658,colbertchelsea,,"[""escargots"",""croquemonsieur"",""omelettes"",""soufflé"",""patisseries"",""breakfast"",""coffee"",""cocktails"",""steakfrites"",""desserts""]",,"[""breakfast"",""lunch"",""dinner""]","[""midday"",""evening""]",1,$$$,1,,london,colbert-ldn,,"[""https://www.instagram.com/colbertchelsea/?hl=en""]","{""Fri"": {""open1"": ""8:00 am"", ""close1"": ""10:30 pm""}, ""Mon"": {""open1"": ""8:00 am"", ""close1"": ""10:30 pm""}, ""Sat"": {""open1"": ""8:00 am"", ""close1"": ""10:00 pm""}, ""Sun"": {""open1"": ""8:30 am"", ""close1"": ""9:30 pm""}, ""Thu"": {""open1"": ""8:00 am"", ""close1"": ""10:30 pm""}, ""Tue"": {""open1"": ""8:00 am"", ""close1"": ""10:30 pm""}, ""Wed"": {""open1"": ""8:00 am"", ""close1"": ""10:30 pm""}}","50-52 Sloane Square, London SW1W 8AX, United Kingdom","[""parisian"",""elegant"",""timeless"",""polished"",""lively"",""urbane""]"
aad24b83-2c35-4b1f-b396-906b87231463,Coqfighter Soho,51.5128573,-0.1365543,coqfighteruk,,"[""friedchicken"",""wings"",""tenders"",""bao"",""burgers"",""hotsauce"",""fries"",""beer"",""sesame"",""buffalo""]",,"[""lunch"",""dinner""]","[""midday"",""evening""]",1,$$,1,,london,coqfighter-soho-ldn,,"[""https://www.instagram.com/coqfighteruk/""]","{""Fri"": {""open1"": ""12:00 pm"", ""close1"": ""10:00 pm""}, ""Mon"": {""open1"": ""12:00 pm"", ""close1"": ""10:00 pm""}, ""Sat"": {""open1"": ""12:00 pm"", ""close1"": ""10:00 pm""}, ""Sun"": {""open1"": ""12:00 pm"", ""close1"": ""9:00 pm""}, ""Thu"": {""open1"": ""12:00 pm"", ""close1"": ""10:00 pm""}, ""Tue"": {""open1"": ""12:00 pm"", ""close1"": ""10:00 pm""}, ""Wed"": {""open1"": ""12:00 pm"", ""close1"": ""10:00 pm""}}","75 Beak St, Carnaby, London W1F 9SS, United Kingdom","[""loud"",""casual"",""youthful"",""playful"",""energetic"",""indulgent""]"
5b05191d-99d0-4b43-9209-2553a3a8afa9,Corner Shop,51.5113685,-0.113956,cornershop180,,"[""espresso"",""pastries"",""sandwiches"",""brunches"",""matcha"",""lattes"",""salads"",""beans"",""bakedgoods"",""juices""]",,"[""bakery"",""cafe""]","[""morning"",""midday""]",1,$,1,,london,corner-shop-ldn,,"[""https://www.instagram.com/cornershop180/?hl=en""]","{""Fri"": {""open1"": ""7:00 am"", ""close1"": ""9:00 pm""}, ""Mon"": {""open1"": ""7:00 am"", ""close1"": ""9:00 pm""}, ""Sat"": {""open1"": ""9:00 am"", ""close1"": ""6:00 pm""}, ""Sun"": {""open1"": ""9:00 am"", ""close1"": ""6:00 pm""}, ""Thu"": {""open1"": ""7:00 am"", ""close1"": ""10:00 pm""}, ""Tue"": {""open1"": ""7:00 am"", ""close1"": ""10:00 pm""}, ""Wed"": {""open1"": ""7:00 am"", ""close1"": ""10:00 pm""}}","7 Arundel St, Temple, London WC2R 3DA, United Kingdom","[""cozy"",""nostalgic"",""relaxed"",""inviting"",""casual"",""warm""]"
f7de24bb-2df7-4060-b87a-53738c9268c7,Couverture & The Garbstore,51.5154753,-0.2055043,couverture,,"[""apparel"",""menswear"",""womenswear"",""homeware"",""accessories"",""designers"",""textiles"",""gifts"",""ceramics"",""fragrances""]",,"[""lifestyle""]","[""midday"",""afternoon""]",1,$$,1,,london,couverture-the-garbstore-ldn,,"[""https://www.instagram.com/couverture/""]","{""Fri"": {""open1"": ""10:00 am"", ""close1"": ""6:00 pm""}, ""Mon"": {""open1"": ""10:00 am"", ""close1"": ""6:00 pm""}, ""Sat"": {""open1"": ""10:00 am"", ""close1"": ""6:00 pm""}, ""Sun"": {""open1"": ""12:00 pm"", ""close1"": ""5:00 pm""}, ""Thu"": {""open1"": ""10:00 am"", ""close1"": ""6:00 pm""}, ""Tue"": {""open1"": ""10:00 am"", ""close1"": ""6:00 pm""}, ""Wed"": {""open1"": ""10:00 am"", ""close1"": ""6:00 pm""}}","188 Kensington Park Rd, London W11 2ES, United Kingdom","[""elegant"",""curated"",""refined"",""tactile"",""serene"",""understated""]"
8e280b9c-34a4-4d74-8336-9888b7179e94,Crypt Gallery,51.5272675,-0.1297583,thecryptgallerylondon,,"[""exhibitions"",""installations"",""performances"",""photography"",""screenings"",""sculpture"",""projections"",""artists"",""commissions"",""events""]",,"[""gallery""]","[""midday"",""afternoon""]",1,$,1,,london,crypt-gallery-ldn,,"[""https://www.instagram.com/thecryptgallerylondon/""]","{""Fri"": null, ""Mon"": null, ""Sat"": null, ""Sun"": null, ""Thu"": null, ""Tue"": null, ""Wed"": null}","St Pancras new church, 165 Euston Rd., London NW1 2BA, United Kingdom","[""subterranean"",""eerie"",""raw"",""immersive"",""atmospheric"",""experimental""]"
a569d8f1-b2f6-44a0-8ea0-de89dc7cebad,Dalla Terra Wine Bar & Restaurant,51.5129048,-0.1263936,dallaterrawine,,"[""wine"",""cicchetti"",""antipasti"",""pasta"",""seasonal"",""italian"",""pairings"",""tastings"",""terrace"",""lunch""]",,"[""wine bar"",""lunch"",""dinner""]","[""afternoon"",""evening""]",1,$$$,1,,london,dalla-terra-wine-bar-restaurant-ldn,,"[""https://www.instagram.com/dallaterrawine/""]","{""Fri"": {""open1"": ""12:00 pm"", ""close1"": ""11:30 pm""}, ""Mon"": {""open1"": ""12:00 pm"", ""close1"": ""10:30 pm""}, ""Sat"": {""open1"": ""12:00 pm"", ""close1"": ""11:30 pm""}, ""Sun"": {""open1"": ""12:00 pm"", ""close1"": ""9:30 pm""}, ""Thu"": {""open1"": ""12:00 pm"", ""close1"": ""11:30 pm""}, ""Tue"": {""open1"": ""12:00 pm"", ""close1"": ""10:30 pm""}, ""Wed"": {""open1"": ""12:00 pm"", ""close1"": ""11:30 pm""}}","The Yards, 25 Slingsby Pl, London WC2E 9AB, United Kingdom","[""polished"",""italian"",""warm"",""convivial"",""relaxed"",""generous""]"
ab8ef53b-5a13-436d-bfd2-a8b7c404c2dc,Daly's Wine Bar & Beer Hall,51.5130801,-0.1131277,dalyswinebeer,,"[""wine"",""beer"",""darts"",""sport"",""british"",""cheese"",""pretzels"",""croquettes"",""rarebit"",""burgers""]",,"[""pub""]","[""afternoon"",""evening""]",1,$$,1,,london,dalys-wine-bar-beer-hall-ldn,,"[""https://www.instagram.com/dalyswinebeer/""]","{""Fri"": {""open1"": ""11:00 am"", ""close1"": ""11:00 pm""}, ""Mon"": {""open1"": ""11:00 am"", ""close1"": ""11:00 pm""}, ""Sat"": {""open1"": ""11:00 am"", ""close1"": ""11:00 pm""}, ""Sun"": null, ""Thu"": {""open1"": ""11:00 am"", ""close1"": ""11:30 pm""}, ""Tue"": {""open1"": ""11:00 am"", ""close1"": ""11:00 pm""}, ""Wed"": {""open1"": ""11:00 am"", ""close1"": ""11:00 pm""}}","210 Strand, Temple, London WC2R 1AP, United Kingdom","[""refined"",""energetic"",""versatile"",""traditional"",""lively"",""polished""]"
09654539-5bb0-42e4-8b22-d6c2e94e05ef,dan's,51.5451914,-0.0763589,dans.ldn,,"[""naturalwine"",""bottles"",""cheeses"",""charcuterie"",""snacks"",""oysters"",""spritzes"",""vermouth"",""sandwiches"",""pairings""]",,"[""wine bar""]","[""afternoon"",""evening""]",1,$$,1,,london,dans-ldn,,"[""https://www.instagram.com/dans.ldn/?hl=en""]","{""Fri"": {""open1"": ""2:00 pm"", ""close1"": ""11:00 pm""}, ""Mon"": {""open1"": ""3:00 pm"", ""close1"": ""10:00 pm""}, ""Sat"": {""open1"": ""1:00 pm"", ""close1"": ""11:00 pm""}, ""Sun"": {""open1"": ""2:00 pm"", ""close1"": ""9:00 pm""}, ""Thu"": {""open1"": ""2:00 pm"", ""close1"": ""11:00 pm""}, ""Tue"": {""open1"": ""3:00 pm"", ""close1"": ""10:00 pm""}, ""Wed"": {""open1"": ""3:00 pm"", ""close1"": ""10:00 pm""}}","2-4 Tottenham Rd, London N1 4BZ, United Kingdom","[""compact"",""casual"",""neighborhood"",""relaxed"",""convivial"",""unfussy""]"
4a23f406-3535-4a4a-8f28-c1e0f2a9afec,De Beauvoir Arms,51.5417,-0.0851806,debeauvoirarms,,"[""groceries"",""sandwiches"",""coffee"",""cakes"",""catering"",""produce"",""deli"",""salads"",""pantry"",""breakfast""]",,"[""pub""]","[""afternoon"",""evening""]",1,$$,1,,london,de-beauvoir-arms-ldn,,"[""https://www.instagram.com/debeauvoirarms/?hl=en""]","{""Fri"": {""open1"": ""12:00 pm"", ""close1"": ""12:00 am""}, ""Mon"": {""open1"": ""12:00 pm"", ""close1"": ""11:00 pm""}, ""Sat"": {""open1"": ""12:00 pm"", ""close1"": ""12:00 am""}, ""Sun"": {""open1"": ""12:00 pm"", ""close1"": ""10:00 pm""}, ""Thu"": {""open1"": ""12:00 pm"", ""close1"": ""11:00 pm""}, ""Tue"": {""open1"": ""12:00 pm"", ""close1"": ""11:00 pm""}, ""Wed"": {""open1"": ""12:00 pm"", ""close1"": ""11:00 pm""}}","113 Southgate Rd, London N1 3JS, United Kingdom","[""wholesome"",""local"",""warm"",""bustling"",""familial"",""welcoming""]"
27d478d1-598e-4e36-83ff-24180ae66c37,Discount Suit Company,51.516763,-0.0754558,discountsuitco,,"[""cocktails"",""whisky"",""negronis"",""highballs"",""soul"",""rocknroll"",""spirits"",""vinyl"",""martinis"",""aperitifs""]",,"[""cocktail""]","[""evening"",""late""]",1,$$,1,,london,discount-suit-company-ldn,,"[""https://www.instagram.com/discountsuitco/?hl=en""]","{""Fri"": {""open1"": ""5:00 pm"", ""close1"": ""2:00 am""}, ""Mon"": {""open1"": ""5:00 pm"", ""close1"": ""12:00 am""}, ""Sat"": {""open1"": ""2:00 pm"", ""close1"": ""2:00 am""}, ""Sun"": {""open1"": ""5:00 pm"", ""close1"": ""12:00 am""}, ""Thu"": {""open1"": ""5:00 pm"", ""close1"": ""1:00 am""}, ""Tue"": {""open1"": ""5:00 pm"", ""close1"": ""12:00 am""}, ""Wed"": {""open1"": ""5:00 pm"", ""close1"": ""12:00 am""}}","29A Wentworth St, London E1 7TB, United Kingdom","[""clandestine"",""vintage"",""soulful"",""intimate"",""lowlit"",""rakish""]"
7cbf6a41-b165-4eb2-9730-f90ef4f1a8f4,Dishoom Shoreditch,51.5245002,-0.0765998,dishoom,,"[""indian"",""naan"",""chai"",""eggs"",""kejriwal"",""granola"",""curries"",""biryani"",""chutneys"",""cocktails""]",,"[""breakfast"",""lunch"",""dinner""]","[""morning"",""midday"",""evening""]",1,$$$,1,,london,dishoom-shoreditch-ldn,,"[""https://www.instagram.com/dishoom/?hl=en""]","{""Fri"": {""open1"": ""8:00 am"", ""close1"": ""12:00 am""}, ""Mon"": {""open1"": ""8:00 am"", ""close1"": ""11:00 pm""}, ""Sat"": {""open1"": ""9:00 am"", ""close1"": ""12:00 am""}, ""Sun"": {""open1"": ""9:00 am"", ""close1"": ""11:00 pm""}, ""Thu"": {""open1"": ""8:00 am"", ""close1"": ""12:00 am""}, ""Tue"": {""open1"": ""8:00 am"", ""close1"": ""11:00 pm""}, ""Wed"": {""open1"": ""8:00 am"", ""close1"": ""11:00 pm""}}","7 Boundary St, London E2 7JE, United Kingdom","[""nostalgic"",""aromatic"",""bustling"",""cinematic"",""warm"",""atmospheric""]"
5af60791-5ce4-4c60-befc-80e2cfe8c051,Disrepute - Cocktail Bar in Soho,51.5122358,-0.1383323,disreputebar,,"[""cocktails"",""narratives"",""martinis"",""spirits"",""champagne"",""mixology"",""late"",""negronis"",""whisky"",""parties""]",,"[""cocktail""]","[""evening"",""late""]",1,$$,1,,london,disrepute-cocktail-bar-in-soho-ldn,,"[""https://www.instagram.com/disreputebar/?hl=en""]","{""Fri"": {""open1"": ""5:00 pm"", ""close1"": ""3:00 am""}, ""Mon"": {""open1"": ""5:00 pm"", ""close1"": ""3:00 am""}, ""Sat"": {""open1"": ""4:00 pm"", ""close1"": ""3:00 am""}, ""Sun"": {""open1"": ""4:00 pm"", ""close1"": ""1:00 am""}, ""Thu"": {""open1"": ""5:00 pm"", ""close1"": ""3:00 am""}, ""Tue"": {""open1"": ""5:00 pm"", ""close1"": ""3:00 am""}, ""Wed"": {""open1"": ""5:00 pm"", ""close1"": ""3:00 am""}}","4 Kingly Ct, Carnaby, London W1F 9RR, United Kingdom","[""plush"",""seductive"",""clandestine"",""elegant"",""mischievous"",""decadent""]"
cec23cba-2ffb-4ed6-a7a3-c367a6d5c4b0,Don't Tell Dad,51.5373519,-0.203387,donttelldad_qp,,"[""pastries"",""doughnuts"",""espresso"",""breads"",""sandwiches"",""butter"",""cakes"",""viennoiserie"",""coffee"",""flour""]",,"[""bakery"",""lunch"",""dinner""]","[""morning"",""midday"",""evening""]",1,$$$,1,,london,dont-tell-dad-ldn,,"[""https://www.instagram.com/donttelldad_qp/""]","{""Fri"": {""open1"": ""8:00 am"", ""open2"": ""5:30 pm"", ""close1"": ""4:00 pm"", ""close2"": ""11:30 pm""}, ""Mon"": {""open1"": ""8:00 am"", ""close1"": ""4:00 pm""}, ""Sat"": {""open1"": ""8:00 am"", ""close1"": ""11:30 pm""}, ""Sun"": {""open1"": ""8:00 am"", ""close1"": ""11:30 pm""}, ""Thu"": {""open1"": ""8:00 am"", ""open2"": ""5:30 pm"", ""close1"": ""4:00 pm"", ""close2"": ""11:30 pm""}, ""Tue"": {""open1"": ""8:00 am"", ""open2"": ""5:30 pm"", ""close1"": ""4:00 pm"", ""close2"": ""11:30 pm""}, ""Wed"": {""open1"": ""8:00 am"", ""open2"": ""5:30 pm"", ""close1"": ""4:00 pm"", ""close2"": ""11:30 pm""}}","10-14 Lonsdale Rd, London NW6 6RD, United Kingdom","[""artisanal"",""cozy"",""warm"",""rustic"",""inviting"",""unfussy""]"
7107e3a5-a523-4b7d-b658-6c7de4d955ec,Donlon Books,51.5376522,-0.0611015,donlonbooks,,"[""books"",""zines"",""photography"",""theory"",""art"",""fashion"",""publishing"",""essays"",""counterculture"",""editions""]",,"[""bookstore""]","[""midday"",""afternoon""]",1,$,1,,london,donlon-books-ldn,,"[""https://www.instagram.com/donlonbooks/""]","{""Fri"": {""open1"": ""11:00 am"", ""close1"": ""7:00 pm""}, ""Mon"": {""open1"": ""11:00 am"", ""close1"": ""6:00 pm""}, ""Sat"": {""open1"": ""10:30 am"", ""close1"": ""6:00 pm""}, ""Sun"": {""open1"": ""11:00 am"", ""close1"": ""6:00 pm""}, ""Thu"": {""open1"": ""11:00 am"", ""close1"": ""7:00 pm""}, ""Tue"": {""open1"": ""11:00 am"", ""close1"": ""6:00 pm""}, ""Wed"": {""open1"": ""11:00 am"", ""close1"": ""6:00 pm""}}","75 Broadway Market, London E8 4PH, United Kingdom","[""esoteric"",""intellectual"",""countercultural"",""eclectic"",""independent"",""niche""]"
dc686a5e-c5b4-48af-bd29-44409270990f,Dough Hands East,51.5453747,-0.0632078,doughhandspizza,,"[""pizza"",""slices"",""pies"",""tuna"",""chilli"",""mozzarella"",""crusts"",""tomatoes"",""producers"",""beer""]",,"[""lunch"",""dinner""]","[""afternoon"",""evening""]",1,$,1,,london,dough-hands-east-ldn,,"[""https://www.instagram.com/doughhandspizza/?hl=en""]","{""Fri"": {""open1"": ""3:30 pm"", ""close1"": ""8:00 pm""}, ""Mon"": {""open1"": ""4:30 pm"", ""close1"": ""9:00 pm""}, ""Sat"": {""open1"": ""12:00 pm"", ""close1"": ""9:00 pm""}, ""Sun"": {""open1"": ""12:00 pm"", ""close1"": ""6:00 pm""}, ""Thu"": {""open1"": ""4:30 pm"", ""close1"": ""9:00 pm""}, ""Tue"": {""open1"": ""4:30 pm"", ""close1"": ""9:00 pm""}, ""Wed"": {""open1"": ""4:30 pm"", ""close1"": ""9:00 pm""}}","The Spurstowe Arms, 68 Greenwood Rd, London E8 1AB, United Kingdom","[""casual"",""playful"",""crispy"",""lively"",""nostalgic"",""energetic""]"
f62bcfc4-5d7c-47fd-8b8b-b69b1d8fe8ed,Dover Street Counter,51.5090504,-0.143097,doverstreetcounter,,"[""cocktails"",""beer"",""wine"",""burgers"",""sandwiches"",""breakfast"",""lunch"",""dinner"",""counter"",""comfort""]",,"[""lunch"",""dinner""]","[""midday"",""evening""]",1,$$$,1,,london,dover-street-counter-ldn,,"[""https://www.instagram.com/doverstreetcounter/""]","{""Fri"": {""open1"": ""12:00 pm"", ""close1"": ""1:00 am""}, ""Mon"": {""open1"": ""12:00 pm"", ""close1"": ""12:00 am""}, ""Sat"": {""open1"": ""12:00 pm"", ""close1"": ""1:00 am""}, ""Sun"": null, ""Thu"": {""open1"": ""12:00 pm"", ""close1"": ""1:00 am""}, ""Tue"": {""open1"": ""12:00 pm"", ""close1"": ""12:00 am""}, ""Wed"": {""open1"": ""12:00 pm"", ""close1"": ""12:00 am""}}","31 Dover St, London W1S 4ND, United Kingdom","[""polished"",""lively"",""sleek"",""relaxed"",""urban"",""sociable""]"
6dc0c7fd-4e96-4fd4-a2c8-6e3d3884563b,Dover Street Market,51.5090628,-0.1318111,doverstreetmarketlondon,,"[""apparel"",""sneakers"",""accessories"",""designers"",""fragrances"",""installations"",""fashion"",""labels"",""drops"",""homeware""]",,"[""lifestyle""]","[""midday"",""afternoon""]",1,$$,1,,london,dover-street-market-ldn,,"[""https://www.instagram.com/doverstreetmarketlondon/?hl=en""]","{""Fri"": {""open1"": ""11:00 am"", ""close1"": ""7:00 pm""}, ""Mon"": {""open1"": ""11:00 am"", ""close1"": ""7:00 pm""}, ""Sat"": {""open1"": ""11:00 am"", ""close1"": ""7:00 pm""}, ""Sun"": {""open1"": ""12:00 pm"", ""close1"": ""6:00 pm""}, ""Thu"": {""open1"": ""11:00 am"", ""close1"": ""7:00 pm""}, ""Tue"": {""open1"": ""11:00 am"", ""close1"": ""7:00 pm""}, ""Wed"": {""open1"": ""11:00 am"", ""close1"": ""7:00 pm""}}","18-22 Haymarket, London SW1Y 4DG, United Kingdom","[""avantgarde"",""curated"",""maximal"",""futuristic"",""polished"",""experimental""]"
0b2ac531-ec54-46f2-893e-42423288bae6,DUCKSOUP,51.5133218,-0.1321091,ducksoupsoho,,"[""mediterranean"",""naturalwine"",""pasta"",""vegetables"",""seafood"",""sharing"",""wines"",""sourdough"",""anchovies"",""desserts""]",,"[""lunch"",""dinner""]","[""midday"",""evening""]",1,$$$,1,,london,ducksoup-ldn,,"[""https://www.instagram.com/ducksoupsoho/""]","{""Fri"": {""open1"": ""12:00 pm"", ""open2"": ""5:00 pm"", ""close1"": ""3:00 pm"", ""close2"": ""10:00 pm""}, ""Mon"": {""open1"": ""5:00 pm"", ""close1"": ""10:00 pm""}, ""Sat"": {""open1"": ""12:00 pm"", ""open2"": ""5:00 pm"", ""close1"": ""3:00 pm"", ""close2"": ""10:00 pm""}, ""Sun"": null, ""Thu"": {""open1"": ""12:00 pm"", ""open2"": ""5:00 pm"", ""close1"": ""3:00 pm"", ""close2"": ""10:00 pm""}, ""Tue"": {""open1"": ""12:00 pm"", ""open2"": ""5:00 pm"", ""close1"": ""3:00 pm"", ""close2"": ""10:00 pm""}, ""Wed"": {""open1"": ""12:00 pm"", ""open2"": ""5:00 pm"", ""close1"": ""3:00 pm"", ""close2"": ""10:00 pm""}}","41 Dean St, London W1D 4PY, United Kingdom","[""rustic"",""intimate"",""seasonal"",""unfussy"",""warm"",""convivial""]"
76d42895-5f62-488d-8597-f8c85848f371,Dudley's,51.5874332,-0.0035368,dudleys,,"[""brunches"",""espresso"",""pancakes"",""eggs"",""toasties"",""salmon"",""sandwiches"",""coffee"",""dinner"",""pastries""]",,"[""breakfast"",""cafe""]","[""morning"",""midday""]",1,$$,1,,london,dudleys-ldn,,"[""https://www.instagram.com/dudleys""]","{""Fri"": {""open1"": ""7:30 am"", ""close1"": ""3:30 pm""}, ""Mon"": {""open1"": ""7:30 am"", ""close1"": ""3:30 pm""}, ""Sat"": {""open1"": ""9:00 am"", ""close1"": ""3:30 pm""}, ""Sun"": {""open1"": ""9:00 am"", ""close1"": ""3:00 pm""}, ""Thu"": {""open1"": ""7:30 am"", ""close1"": ""3:30 pm""}, ""Tue"": {""open1"": ""7:30 am"", ""close1"": ""3:30 pm""}, ""Wed"": {""open1"": ""7:30 am"", ""close1"": ""3:30 pm""}}","145 Wood St, London E17 3LX, United Kingdom","[""warm"",""bustling"",""casual"",""gardenlike"",""welcoming"",""relaxed""]"
56cb39e2-e9ba-46db-87ec-86a50a0e0fa6,Electric Brixton,51.4601276,-0.1166507,electricbrixtonofficial,,"[""concerts"",""djs"",""dancing"",""tickets"",""livemusic"",""performances"",""sound"",""crowds"",""events"",""touring""]",,"[""club""]","[""late""]",1,$$,1,,london,electric-brixton-ldn,,"[""https://www.instagram.com/electricbrixtonofficial/""]","{""Fri"": null, ""Mon"": null, ""Sat"": null, ""Sun"": null, ""Thu"": null, ""Tue"": null, ""Wed"": null}","Electric Brixton, Town Hall Parade, Brixton Hill, London SW2 1RJ, United Kingdom","[""electric"",""pulsing"",""theatrical"",""nocturnal"",""energetic"",""crowded""]"
b13ee3b6-99e1-474e-9d7c-1e369e418257,Elliot’s - Hackney,51.5380652,-0.0575667,elliotslondon,,"[""seafood"",""pizza"",""oysters"",""naturalwine"",""vegetables"",""cocktails"",""snacks"",""lunch"",""dinner"",""desserts""]",,"[""lunch"",""dinner""]","[""afternoon"",""evening""]",1,$$$,1,,london,elliots-hackney-ldn,,"[""https://www.instagram.com/elliotslondon/?hl=en""]","{""Fri"": {""open1"": ""12:00 pm"", ""close1"": ""10:00 pm""}, ""Mon"": {""open1"": ""6:00 pm"", ""close1"": ""10:00 pm""}, ""Sat"": {""open1"": ""12:00 pm"", ""close1"": ""10:00 pm""}, ""Sun"": {""open1"": ""12:00 pm"", ""close1"": ""8:30 pm""}, ""Thu"": {""open1"": ""6:00 pm"", ""close1"": ""10:00 pm""}, ""Tue"": null, ""Wed"": null}","121-123 Mare St, London E8 4RH, United Kingdom","[""polished"",""buzzy"",""relaxed"",""contemporary"",""convivial"",""urban""]"
e8eb31e7-cee5-4bb9-b08b-e4580a8b3eed,Ellwood,51.5482315,-0.0610993,ellwoodspace,,"[""sauna"",""infrared"",""recovery"",""heat"",""cold"",""relaxation"",""sessions"",""bookings"",""wellness"",""therapy""]",,"[""spa""]","[""morning"",""midday""]",1,$$,1,,london,ellwood-ldn,,"[""https://www.instagram.com/ellwoodspace/""]","{""Fri"": {""open1"": ""7:00 am"", ""close1"": ""9:30 pm""}, ""Mon"": {""open1"": ""7:00 am"", ""close1"": ""9:30 pm""}, ""Sat"": {""open1"": ""7:00 am"", ""close1"": ""9:30 pm""}, ""Sun"": {""open1"": ""7:00 am"", ""close1"": ""9:30 pm""}, ""Thu"": {""open1"": ""7:00 am"", ""close1"": ""9:30 pm""}, ""Tue"": {""open1"": ""7:00 am"", ""close1"": ""9:30 pm""}, ""Wed"": {""open1"": ""7:00 am"", ""close1"": ""9:30 pm""}}","16 Spurstowe Terrace, London E8 1LA, United Kingdom","[""tranquil"",""private"",""restorative"",""minimal"",""soothing"",""secluded""]"
564378bb-66b5-4c6b-8185-4ac3c689cf89,Empire Empire,51.5179723,-0.2035558,empireempire_london,,"[""curries"",""biryani"",""dosa"",""chutneys"",""cocktails"",""spices"",""naan"",""vegetarian"",""seafood"",""grills""]",,"[""lunch"",""dinner""]","[""midday"",""evening""]",1,$$$,1,,london,empire-empire-ldn,,"[""https://www.instagram.com/empireempire_london""]","{""Fri"": {""open1"": ""12:00 pm"", ""open2"": ""5:30 pm"", ""close1"": ""3:00 pm"", ""close2"": ""11:30 pm""}, ""Mon"": {""open1"": ""5:30 pm"", ""close1"": ""11:30 pm""}, ""Sat"": {""open1"": ""12:00 pm"", ""close1"": ""11:30 pm""}, ""Sun"": {""open1"": ""12:00 pm"", ""close1"": ""9:00 pm""}, ""Thu"": {""open1"": ""12:00 pm"", ""open2"": ""5:30 pm"", ""close1"": ""3:00 pm"", ""close2"": ""11:30 pm""}, ""Tue"": {""open1"": ""12:00 pm"", ""open2"": ""5:30 pm"", ""close1"": ""3:00 pm"", ""close2"": ""11:30 pm""}, ""Wed"": {""open1"": ""12:00 pm"", ""open2"": ""5:30 pm"", ""close1"": ""3:00 pm"", ""close2"": ""11:30 pm""}}","16 All Saints Rd, London W11 1HH, United Kingdom","[""vibrant"",""aromatic"",""contemporary"",""lively"",""spirited"",""warm""]"
008339f2-813d-40a0-b2ca-7ae21056afce,EQUAL PARTS,51.5311486,-0.0694854,equal___parts,,"[""cocktails"",""martinis"",""highballs"",""spirits"",""aperitifs"",""ice"",""mixology"",""vermouth"",""whisky"",""reservations""]",,"[""cocktail""]","[""afternoon"",""evening"",""late""]",1,$$,1,,london,equal-parts-ldn,,"[""https://www.instagram.com/equal___parts/""]","{""Fri"": {""open1"": ""4:00 pm"", ""close1"": ""1:00 am""}, ""Mon"": {""open1"": ""4:00 pm"", ""close1"": ""12:00 am""}, ""Sat"": {""open1"": ""12:00 pm"", ""close1"": ""1:00 am""}, ""Sun"": {""open1"": ""12:00 pm"", ""close1"": ""12:00 am""}, ""Thu"": {""open1"": ""4:00 pm"", ""close1"": ""12:00 am""}, ""Tue"": {""open1"": ""4:00 pm"", ""close1"": ""12:00 am""}, ""Wed"": {""open1"": ""4:00 pm"", ""close1"": ""12:00 am""}}","245 Hackney Rd, London E2 8NA, United Kingdom","[""minimalist"",""precise"",""polished"",""intimate"",""understated"",""refined""]"
a736a780-789b-4cc9-b0fd-f8cf3e3de9f3,Eve Bar Covent Garden,51.5108084,-0.1220355,evebarldn,,"[""cocktails"",""spirits"",""snacks"",""barfood"",""mixology"",""british"",""sustainability"",""temptation"",""late"",""champagne""]",,"[""cocktail""]","[""evening"",""late""]",1,$$$,1,,london,eve-bar-covent-garden-ldn,,"[""https://www.instagram.com/evebarldn/""]","{""Fri"": {""open1"": ""1:00 pm"", ""close1"": ""1:00 am""}, ""Mon"": null, ""Sat"": {""open1"": ""1:00 pm"", ""close1"": ""1:00 am""}, ""Sun"": null, ""Thu"": {""open1"": ""1:00 pm"", ""close1"": ""12:00 am""}, ""Tue"": null, ""Wed"": {""open1"": ""1:00 pm"", ""close1"": ""12:00 am""}}","34 Southampton St, London WC2E 7HF, United Kingdom","[""seductive"",""playful"",""nostalgic"",""hidden"",""theatrical"",""moody""]"
1dcd92e3-e9d6-47cd-bf9e-4ebdc397bd9a,Experimental Cocktail Club Chinatown,51.5119233,-0.1310272,experimentalcocktailclub,,"[""cocktails"",""music"",""spirits"",""vintage"",""design"",""mixology"",""martinis"",""champagne"",""late"",""drinking""]",,"[""cocktail""]","[""evening"",""late""]",1,$$$,1,,london,experimental-cocktail-club-chinatown-ldn,,"[""https://www.instagram.com/experimentalcocktailclub/?hl=en""]","{""Fri"": {""open1"": ""6:00 pm"", ""close1"": ""3:00 am""}, ""Mon"": {""open1"": ""6:00 pm"", ""close1"": ""12:00 am""}, ""Sat"": {""open1"": ""5:00 pm"", ""close1"": ""3:00 am""}, ""Sun"": {""open1"": ""6:00 pm"", ""close1"": ""12:00 am""}, ""Thu"": {""open1"": ""6:00 pm"", ""close1"": ""3:00 am""}, ""Tue"": {""open1"": ""6:00 pm"", ""close1"": ""2:00 am""}, ""Wed"": {""open1"": ""6:00 pm"", ""close1"": ""2:00 am""}}","13a Gerrard St, London W1D 5PS, United Kingdom","[""clandestine"",""glamorous"",""bohemian"",""moody"",""seductive"",""cinematic""]"
f1729ead-d6f0-479b-86d3-ac295320b274,fabric London,51.5195807,-0.1024841,fabriclondonofficial,,"[""djs"",""dancing"",""tickets"",""electronic"",""techno"",""house"",""soundsystem"",""records"",""events"",""crowds""]",,"[""club""]","[""late""]",1,$$$,1,,london,fabric-london-ldn,,"[""https://www.instagram.com/fabriclondonofficial/?hl=en""]","{""Fri"": {""open1"": ""11:00 pm"", ""close1"": ""6:00 am""}, ""Mon"": {""open1"": ""10:00 am"", ""close1"": ""5:00 pm""}, ""Sat"": {""open1"": ""11:00 pm"", ""close1"": ""7:00 am""}, ""Sun"": {""open1"": ""11:00 pm"", ""close1"": ""4:00 am""}, ""Thu"": {""open1"": ""10:00 am"", ""close1"": ""5:00 pm""}, ""Tue"": {""open1"": ""10:00 am"", ""close1"": ""5:00 pm""}, ""Wed"": {""open1"": ""10:00 am"", ""close1"": ""5:00 pm""}}","77A Charterhouse St, London EC1M 6HJ, United Kingdom","[""legendary"",""underground"",""pulsing"",""industrial"",""nocturnal"",""intense""]"
795e70e2-d12a-49ad-b51e-3ed508560465,"Farm Shop, Mayfair",51.5088516,-0.1516883,farmshopuk,,"[""produce"",""cheeses"",""pastries"",""sourdough"",""preserves"",""vegetables"",""butchery"",""groceries"",""coffee"",""charcuterie""]",,"[""lifestyle"",""bakery""]","[""morning"",""midday""]",1,$$,1,,london,farm-shop-mayfair-ldn,,"[""https://www.instagram.com/farmshopuk/?hl=en""]","{""Fri"": {""open1"": ""8:00 am"", ""close1"": ""8:00 pm""}, ""Mon"": {""open1"": ""8:00 am"", ""close1"": ""8:00 pm""}, ""Sat"": {""open1"": ""8:00 am"", ""close1"": ""8:00 pm""}, ""Sun"": {""open1"": ""10:00 am"", ""close1"": ""4:00 pm""}, ""Thu"": {""open1"": ""8:00 am"", ""close1"": ""8:00 pm""}, ""Tue"": {""open1"": ""8:00 am"", ""close1"": ""8:00 pm""}, ""Wed"": {""open1"": ""8:00 am"", ""close1"": ""8:00 pm""}}","64 S Audley St, London W1K 2QT, United Kingdom","[""rustic"",""wholesome"",""artisanal"",""earthy"",""welcoming"",""relaxed""]"
5e10070f-ccf4-4b67-82be-3cd50019b935,Field Notes,51.5391862,-0.0568544,fieldnotes.uk,,"[""espresso"",""pastries"",""coffee"",""roasting"",""beans"",""lattes"",""filters"",""sandwiches"",""brunches"",""sweets""]",,"[""lunch"",""dinner""]","[""midday"",""afternoon"",""evening""]",1,$$$,1,,london,field-notes-ldn,,"[""https://www.instagram.com/fieldnotes.uk/""]","{""Fri"": {""open1"": ""12:00 pm"", ""close1"": ""10:00 pm""}, ""Mon"": null, ""Sat"": {""open1"": ""12:00 pm"", ""close1"": ""10:00 pm""}, ""Sun"": null, ""Thu"": {""open1"": ""12:00 pm"", ""close1"": ""10:00 pm""}, ""Tue"": null, ""Wed"": {""open1"": ""12:00 pm"", ""close1"": ""10:00 pm""}}","Monohaus, Studio 3 �, Helmsley St, London E8 3FW, United Kingdom","[""calm"",""focused"",""minimal"",""bright"",""understated"",""inviting""]"
89031bae-96a1-47bb-b2dd-68ee32574440,Fitz's,51.5224058,-0.124933,fitzsrussellsq,,"[""cocktails"",""martinis"",""champagne"",""brasserie"",""british"",""breakfast"",""parlour"",""tipples"",""dining"",""music""]",,"[""breakfast"",""lunch"",""dinner"",""cocktail""]","[""midday"",""afternoon"",""evening""]",1,$$$,1,,london,fitzs-ldn,,"[""https://www.instagram.com/fitzsrussellsq/""]","{""Fri"": {""open1"": ""12:00 pm"", ""close1"": ""1:00 am""}, ""Mon"": {""open1"": ""12:00 pm"", ""close1"": ""12:00 am""}, ""Sat"": {""open1"": ""12:00 pm"", ""close1"": ""1:00 am""}, ""Sun"": {""open1"": ""12:00 pm"", ""close1"": ""12:00 am""}, ""Thu"": {""open1"": ""12:00 pm"", ""close1"": ""1:00 am""}, ""Tue"": {""open1"": ""12:00 pm"", ""close1"": ""1:00 am""}, ""Wed"": {""open1"": ""12:00 pm"", ""close1"": ""1:00 am""}}","1-8 Russell Sq, Greater, London WC1B 5BE, United Kingdom","[""glamorous"",""seductive"",""decadent"",""theatrical"",""plush"",""electric""]"
f3989ab2-25e4-4423-8d09-0db050db48d1,Flat White,51.5136211,-0.1347673,flatwhitesoho,,"[""flatwhites"",""espresso"",""cakes"",""pastries"",""brownies"",""coffee"",""takeaway"",""walkins"",""lattes"",""brunch""]",,"[""cafe""]","[""morning"",""midday""]",1,$,1,,london,flat-white-ldn,,"[""https://www.instagram.com/flatwhitesoho/""]","{""Fri"": {""open1"": ""8:30 am"", ""close1"": ""5:00 pm""}, ""Mon"": {""open1"": ""8:30 am"", ""close1"": ""5:00 pm""}, ""Sat"": {""open1"": ""9:00 am"", ""close1"": ""5:30 pm""}, ""Sun"": {""open1"": ""9:30 am"", ""close1"": ""5:00 pm""}, ""Thu"": {""open1"": ""8:30 am"", ""close1"": ""5:00 pm""}, ""Tue"": {""open1"": ""8:30 am"", ""close1"": ""5:00 pm""}, ""Wed"": {""open1"": ""8:30 am"", ""close1"": ""5:00 pm""}}","17 Berwick St, London W1F 0PT, United Kingdom","[""compact"",""grungy"",""unfussy"",""caffeinated"",""nostalgic"",""casual""]"
e19a18df-9f09-487f-b5f0-ca0e9158109f,FOLD,51.5190432,0.0039658,fold.ldn,,"[""djs"",""dancing"",""techno"",""tickets"",""electronic"",""performances"",""studios"",""art"",""events"",""sound""]",,"[""club""]","[""late""]",1,$$$,1,,london,fold-ldn,,"[""https://www.instagram.com/fold.ldn/?hl=en""]","{""Fri"": {""open1"": ""10:00 pm"", ""close1"": ""6:00 am""}, ""Mon"": null, ""Sat"": {""open1"": ""10:00 pm"", ""close1"": ""6:00 am""}, ""Sun"": {""open1"": ""12:00 pm"", ""close1"": ""12:00 am""}, ""Thu"": null, ""Tue"": null, ""Wed"": null}","gillian house, Stephenson St, London E16 4SA, United Kingdom","[""raw"",""industrial"",""underground"",""inclusive"",""nocturnal"",""uncompromising""]"
dec76889-979b-471c-bb07-f41722919e7c,Forza Wine Soho,51.5146777,-0.1308725,forzawine,,"[""wine"",""snacks"",""cocktails"",""aperitifs"",""spritzes"",""olives"",""anchovies"",""pasta"",""sharing"",""views""]",,"[""lunch"",""dinner""]","[""afternoon"",""evening""]",1,$$$,1,,london,forza-wine-soho-ldn,,"[""https://www.instagram.com/forzawine/""]","{""Fri"": {""open1"": ""12:00 pm"", ""close1"": ""12:00 am""}, ""Mon"": {""open1"": ""12:00 pm"", ""close1"": ""12:00 am""}, ""Sat"": {""open1"": ""12:00 pm"", ""close1"": ""12:00 am""}, ""Sun"": {""open1"": ""12:00 pm"", ""close1"": ""8:00 pm""}, ""Thu"": {""open1"": ""12:00 pm"", ""close1"": ""12:00 am""}, ""Tue"": {""open1"": ""12:00 pm"", ""close1"": ""12:00 am""}, ""Wed"": {""open1"": ""12:00 pm"", ""close1"": ""12:00 am""}}","Rose House, Forza Wine, Ilona, Manette St, London W1D 4AL, United Kingdom","[""sunny"",""sociable"",""playful"",""breezy"",""casual"",""convivial""]"
45c47ae5-715a-435f-8269-c826371eb041,Funny Weather books + coffee,51.5586272,-0.14843,funnyweatherbooks,,"[""books"",""coffee"",""paperbacks"",""fiction"",""nonfiction"",""matcha"",""croissants"",""browsing"",""children"",""events""]",,"[""bookstore"",""coffee""]","[""morning"",""midday""]",1,$,1,,london,funny-weather-books-coffee-ldn,,"[""https://www.instagram.com/funnyweatherbooks/""]","{""Fri"": {""open1"": ""8:00 am"", ""close1"": ""5:30 pm""}, ""Mon"": {""open1"": ""8:00 am"", ""close1"": ""5:30 pm""}, ""Sat"": {""open1"": ""8:00 am"", ""close1"": ""5:30 pm""}, ""Sun"": {""open1"": ""9:00 am"", ""close1"": ""4:00 pm""}, ""Thu"": {""open1"": ""8:00 am"", ""close1"": ""5:30 pm""}, ""Tue"": null, ""Wed"": {""open1"": ""8:00 am"", ""close1"": ""5:30 pm""}}","Entrance on, 31 Grove Terrace, Highgate Rd, London NW5 1PL, United Kingdom","[""cozy"",""cheerful"",""literary"",""wholesome"",""bright"",""independent""]"
3bf6d486-c482-4071-abc3-8ab52c1a9d36,Gagosian,51.5111882,-0.1465968,gagosian,,"[""exhibitions"",""artists"",""installations"",""sculpture"",""photography"",""multidisciplinary"",""solo"",""presentations"",""commissions"",""openings""]",,"[""museum""]","[""midday"",""afternoon""]",1,$,1,,london,gagosian-ldn,,"[""https://www.instagram.com/gagosian/""]","{""Fri"": {""open1"": ""10:00 am"", ""close1"": ""6:00 pm""}, ""Mon"": null, ""Sat"": {""open1"": ""10:00 am"", ""close1"": ""6:00 pm""}, ""Sun"": null, ""Thu"": {""open1"": ""10:00 am"", ""close1"": ""6:00 pm""}, ""Tue"": {""open1"": ""10:00 am"", ""close1"": ""6:00 pm""}, ""Wed"": {""open1"": ""10:00 am"", ""close1"": ""6:00 pm""}}","20 Grosvenor Hill, London W1K 3QD, United Kingdom","[""minimal"",""emerging"",""cerebral"",""intimate"",""experimental"",""sharp""]"
a8a7ecf6-5025-49d3-87eb-2fb97d9bce7a,Gaia Mayfair,51.5076722,-0.1415671,gaia__ldn,,"[""greek"",""mediterranean"",""seafood"",""taramosalata"",""tirokafteri"",""lobster"",""pasta"",""cocktails"",""wine"",""spreads""]",,"[""lunch"",""dinner""]","[""midday"",""evening""]",1,$$$$,1,,london,gaia-mayfair-ldn,,"[""https://www.instagram.com/gaia__ldn/?hl=en""]","{""Fri"": {""open1"": ""12:00 pm"", ""close1"": ""11:30 pm""}, ""Mon"": {""open1"": ""12:00 pm"", ""close1"": ""11:00 pm""}, ""Sat"": {""open1"": ""12:00 pm"", ""close1"": ""11:30 pm""}, ""Sun"": {""open1"": ""12:00 pm"", ""close1"": ""10:30 pm""}, ""Thu"": {""open1"": ""12:00 pm"", ""close1"": ""11:00 pm""}, ""Tue"": {""open1"": ""12:00 pm"", ""close1"": ""11:00 pm""}, ""Wed"": {""open1"": ""12:00 pm"", ""close1"": ""11:00 pm""}}","50 Dover St, London W1S 4NY, United Kingdom","[""coastal"",""elegant"",""polished"",""serene"",""convivial"",""luminous""]"
6504801c-206a-40f5-83be-a7cdd6a50ea2,Gasworks,51.4850958,-0.115544,gasworkslondon,,"[""exhibitions"",""residencies"",""studios"",""artists"",""fellowships"",""workshops"",""education"",""sculpture"",""performance"",""events""]",,"[""gallery""]","[""midday"",""afternoon""]",1,$,1,,london,gasworks-ldn,,"[""https://www.instagram.com/gasworkslondon/""]","{""Fri"": {""open1"": ""12:00 pm"", ""close1"": ""6:00 pm""}, ""Mon"": null, ""Sat"": {""open1"": ""12:00 pm"", ""close1"": ""6:00 pm""}, ""Sun"": {""open1"": ""12:00 pm"", ""close1"": ""6:00 pm""}, ""Thu"": {""open1"": ""12:00 pm"", ""close1"": ""6:00 pm""}, ""Tue"": null, ""Wed"": {""open1"": ""12:00 pm"", ""close1"": ""6:00 pm""}}","155 Vauxhall St, London SE11 5RH, United Kingdom","[""experimental"",""independent"",""international"",""focused"",""raw"",""progressive""]"
43339427-33b0-473d-9231-16e47fca0658,Gloria,51.5251266,-0.0813541,bigmamma.uk,,"[""pasta"",""truffle"",""lasagna"",""pizza"",""gelato"",""pecorino"",""mascarpone"",""bolognese"",""cocktails"",""tiramisu""]",,"[""lunch"",""dinner""]","[""midday"",""evening""]",1,$$$,1,,london,gloria-ldn,,"[""https://www.instagram.com/bigmamma.uk/""]","{""Fri"": {""open1"": ""12:00 pm"", ""open2"": ""5:15 pm"", ""close1"": ""4:15 pm"", ""close2"": ""11:00 pm""}, ""Mon"": {""open1"": ""12:00 pm"", ""open2"": ""5:15 pm"", ""close1"": ""3:30 pm"", ""close2"": ""10:30 pm""}, ""Sat"": {""open1"": ""12:00 pm"", ""open2"": ""5:15 pm"", ""close1"": ""4:15 pm"", ""close2"": ""11:00 pm""}, ""Sun"": {""open1"": ""12:00 pm"", ""open2"": ""5:15 pm"", ""close1"": ""4:15 pm"", ""close2"": ""10:30 pm""}, ""Thu"": {""open1"": ""12:00 pm"", ""open2"": ""5:15 pm"", ""close1"": ""4:15 pm"", ""close2"": ""11:00 pm""}, ""Tue"": {""open1"": ""12:00 pm"", ""open2"": ""5:15 pm"", ""close1"": ""3:30 pm"", ""close2"": ""10:30 pm""}, ""Wed"": {""open1"": ""12:00 pm"", ""open2"": ""5:15 pm"", ""close1"": ""3:30 pm"", ""close2"": ""10:30 pm""}}","54-56 Great Eastern St, London EC2A 3QR, United Kingdom","[""exuberant"",""nostalgic"",""maximal"",""playful"",""theatrical"",""sunny""]"
c59a46ab-67ff-4249-ab4f-f51500fa61d5,Godet,51.544939,-0.0882653,godetlondon,,"[""wine"",""beer"",""hifi"",""burgers"",""roasts"",""chinese"",""ales"",""glasses"",""music"",""pints""]",,"[""wine bar""]","[""afternoon"",""evening""]",1,$$,1,,london,godet-ldn,,"[""https://www.instagram.com/godetlondon/reels/""]","{""Fri"": {""open1"": ""5:00 pm"", ""close1"": ""1:00 am""}, ""Mon"": null, ""Sat"": {""open1"": ""3:00 pm"", ""close1"": ""1:00 am""}, ""Sun"": {""open1"": ""3:00 pm"", ""close1"": ""9:00 pm""}, ""Thu"": {""open1"": ""5:00 pm"", ""close1"": ""12:00 am""}, ""Tue"": null, ""Wed"": {""open1"": ""5:00 pm"", ""close1"": ""11:00 pm""}}","382 Essex Rd, London N1 3PF, United Kingdom","[""vibrant"",""musical"",""relaxed"",""sociable"",""unfussy"",""charming""]"
def7f6db-a40c-4875-ac2c-411184b2d8b8,Golborne 44 Studio,51.5256243,-0.2116448,golborne_44,,"[""natural wine"",""oysters"",""cocktails"",""sharing plates"",""charcuterie"",""vermouth"",""seafood"",""martinis"",""spritzes"",""bottles""]",,"[""showroom""]","[""midday"",""afternoon""]",1,$$,1,,london,golborne-44-studio-ldn,,"[""https://www.instagram.com/golborne_44/""]","{""Fri"": null, ""Mon"": null, ""Sat"": null, ""Sun"": null, ""Thu"": null, ""Tue"": null, ""Wed"": null}","Unit 4, Buspace Studios, Conlan St, London W10 5AP, United Kingdom","[""intimate"",""candlelit"",""soulful"",""rustic"",""convivial"",""warm""]"
aa2a2282-1e07-4593-9547-3055dc5e034f,Gold,51.5129763,-0.2026369,goldnottinghill,,"[""woodfire"",""seasonal"",""vegetables"",""sharingplates"",""cocktails"",""wine"",""breads"",""seafood"",""grilling"",""desserts""]",,"[""lunch"",""dinner""]","[""midday"",""evening""]",1,$$$,1,,london,gold-ldn,,"[""https://www.instagram.com/goldnottinghill/""]","{""Fri"": {""open1"": ""12:00 pm"", ""close1"": ""1:00 am""}, ""Mon"": {""open1"": ""12:00 pm"", ""close1"": ""12:00 am""}, ""Sat"": {""open1"": ""11:30 am"", ""close1"": ""1:00 am""}, ""Sun"": {""open1"": ""11:30 am"", ""close1"": ""12:00 am""}, ""Thu"": {""open1"": ""12:00 pm"", ""close1"": ""12:00 am""}, ""Tue"": {""open1"": ""12:00 pm"", ""close1"": ""12:00 am""}, ""Wed"": {""open1"": ""12:00 pm"", ""close1"": ""12:00 am""}}","95-97 Portobello Rd, London W11 2QB, United Kingdom","[""lush"",""warm"",""artistic"",""relaxed"",""sociable"",""earthy""]"
33ccdf4d-a761-40c9-8bee-6db1a02ea234,Goodbye Horses,51.5402393,-0.0898325,goodbyehorsesldn,,"[""naturalwine"",""pasta"",""oysters"",""martinis"",""seafood"",""spritzes"",""charcuterie"",""vermouth"",""bottles"",""desserts""]",,"[""wine bar""]","[""afternoon"",""evening"",""late""]",1,$$,1,,london,goodbye-horses-ldn,,"[""https://www.instagram.com/goodbyehorsesldn/""]","{""Fri"": {""open1"": ""2:00 pm"", ""close1"": ""12:00 am""}, ""Mon"": {""open1"": ""5:00 pm"", ""close1"": ""12:00 am""}, ""Sat"": {""open1"": ""2:00 pm"", ""close1"": ""12:00 am""}, ""Sun"": {""open1"": ""2:00 pm"", ""close1"": ""11:00 pm""}, ""Thu"": {""open1"": ""5:00 pm"", ""close1"": ""12:00 am""}, ""Tue"": null, ""Wed"": {""open1"": ""5:00 pm"", ""close1"": ""12:00 am""}}","21 Halliford St, London N1 3HB, United Kingdom","[""intimate"",""romantic"",""candlelit"",""understated"",""relaxed"",""refined""]"
04f9754f-37ed-475c-9e2c-0f8b94f2f104,Gordon's Wine Bar,51.507944,-0.123314,gordonswinebar,,"[""wine"",""port"",""sherry"",""cheeses"",""charcuterie"",""bottles"",""boards"",""terrace"",""cellars"",""glasses""]",,"[""wine bar""]","[""afternoon"",""evening""]",1,$$,1,,london,gordons-wine-bar-ldn,,"[""https://www.instagram.com/gordonswinebar/?hl=en""]","{""Fri"": {""open1"": ""11:00 am"", ""close1"": ""11:00 pm""}, ""Mon"": {""open1"": ""11:00 am"", ""close1"": ""11:00 pm""}, ""Sat"": {""open1"": ""11:00 am"", ""close1"": ""11:00 pm""}, ""Sun"": {""open1"": ""12:00 pm"", ""close1"": ""10:00 pm""}, ""Thu"": {""open1"": ""11:00 am"", ""close1"": ""11:00 pm""}, ""Tue"": {""open1"": ""11:00 am"", ""close1"": ""11:00 pm""}, ""Wed"": {""open1"": ""11:00 am"", ""close1"": ""11:00 pm""}}","47 Villiers St, London WC2N 6NE, United Kingdom","[""historic"",""candlelit"",""vaulted"",""atmospheric"",""rustic"",""nostalgic""]"
cbbc3056-9c20-4a94-8b27-b13ca81e2278,Granger & Co. Chelsea,51.4938195,-0.1586847,grangerandco,,"[""brunches"",""pancakes"",""eggs"",""coffee"",""cakes"",""sodas"",""ferments"",""cocktails"",""sandwiches"",""pastries""]",,"[""breakfast"",""lunch"",""dinner""]","[""morning"",""midday"",""afternoon""]",1,$$,1,,london,granger-co-chelsea-ldn,,"[""https://www.instagram.com/grangerandco""]","{""Fri"": {""open1"": ""7:00 am"", ""close1"": ""11:00 pm""}, ""Mon"": {""open1"": ""7:00 am"", ""close1"": ""11:00 pm""}, ""Sat"": {""open1"": ""7:00 am"", ""close1"": ""11:00 pm""}, ""Sun"": {""open1"": ""8:00 am"", ""close1"": ""9:30 pm""}, ""Thu"": {""open1"": ""7:00 am"", ""close1"": ""11:00 pm""}, ""Tue"": {""open1"": ""7:00 am"", ""close1"": ""11:00 pm""}, ""Wed"": {""open1"": ""7:00 am"", ""close1"": ""11:00 pm""}}","237-239 Pavilion Rd, London SW1X 0BP, United Kingdom","[""bright"",""airy"",""polished"",""welcoming"",""relaxed"",""wholesome""]"
58933b75-895c-4de8-bdc7-7502837b05fe,Grind,51.4808557,-0.0087419,grind,,"[""espresso"",""martinis"",""brunches"",""lattes"",""cocktails"",""beans"",""roasting"",""sandwiches"",""pastries"",""matcha""]",,"[""cafe""]","[""morning"",""midday""]",1,$$,1,,london,grind-ldn,,"[""https://www.instagram.com/grind/?hl=en""]","{""Fri"": {""open1"": ""9:00 am"", ""close1"": ""10:00 pm""}, ""Mon"": {""open1"": ""9:00 am"", ""close1"": ""5:00 pm""}, ""Sat"": {""open1"": ""9:00 am"", ""close1"": ""10:00 pm""}, ""Sun"": {""open1"": ""9:00 am"", ""close1"": ""6:30 pm""}, ""Thu"": {""open1"": ""9:00 am"", ""close1"": ""10:00 pm""}, ""Tue"": {""open1"": ""9:00 am"", ""close1"": ""5:00 pm""}, ""Wed"": {""open1"": ""9:00 am"", ""close1"": ""5:00 pm""}}","17 Nelson Rd., London SE10 9JB, United Kingdom","[""energetic"",""polished"",""bustling"",""youthful"",""contemporary"",""social""]"
7160b784-454e-4b95-ae87-56dcebea1502,Gymkhana,51.5084912,-0.1414724,gymkhanalondon,,"[""indian"",""tandoori"",""curries"",""biryanis"",""chaat"",""lamb"",""naan"",""spices"",""cocktails"",""grilling""]",,"[""lunch"",""dinner""]","[""midday"",""evening""]",1,$$$$,1,,london,gymkhana-ldn,,"[""https://www.instagram.com/gymkhanalondon/?hl=en""]","{""Fri"": {""open1"": ""12:00 pm"", ""open2"": ""5:30 pm"", ""close1"": ""2:30 pm"", ""close2"": ""10:30 pm""}, ""Mon"": {""open1"": ""12:00 pm"", ""open2"": ""5:30 pm"", ""close1"": ""2:30 pm"", ""close2"": ""10:30 pm""}, ""Sat"": {""open1"": ""12:00 pm"", ""open2"": ""5:30 pm"", ""close1"": ""2:30 pm"", ""close2"": ""10:30 pm""}, ""Sun"": {""open1"": ""12:00 pm"", ""open2"": ""5:30 pm"", ""close1"": ""2:30 pm"", ""close2"": ""10:30 pm""}, ""Thu"": {""open1"": ""12:00 pm"", ""open2"": ""5:30 pm"", ""close1"": ""2:30 pm"", ""close2"": ""10:30 pm""}, ""Tue"": {""open1"": ""12:00 pm"", ""open2"": ""5:30 pm"", ""close1"": ""2:30 pm"", ""close2"": ""10:30 pm""}, ""Wed"": {""open1"": ""12:00 pm"", ""open2"": ""5:30 pm"", ""close1"": ""2:30 pm"", ""close2"": ""10:30 pm""}}","42 Albemarle St, London W1S 4JH, United Kingdom","[""opulent"",""clubby"",""aromatic"",""polished"",""cinematic"",""luxurious""]"
dbad8e21-4043-4dfc-bbfb-0035ce1f5918,Hannah Barry Gallery,51.4702609,-0.0696089,hannahbarrygallery,,"[""exhibitions"",""sculpture"",""installations"",""painting"",""publications"",""performances"",""commissions"",""artists"",""screenings"",""residencies""]",,"[""gallery""]","[""midday"",""afternoon""]",1,$,1,,london,hannah-barry-gallery-ldn,,"[""https://www.instagram.com/hannahbarrygallery/""]","{""Fri"": {""open1"": ""11:00 am"", ""close1"": ""6:00 pm""}, ""Mon"": null, ""Sat"": {""open1"": ""11:00 am"", ""close1"": ""6:00 pm""}, ""Sun"": null, ""Thu"": {""open1"": ""11:00 am"", ""close1"": ""6:00 pm""}, ""Tue"": null, ""Wed"": {""open1"": ""11:00 am"", ""close1"": ""6:00 pm""}}","4 Holly Grove, London SE15 5DF, United Kingdom","[""raw"",""cerebral"",""experimental"",""contemporary"",""focused"",""independent""]"
f1607114-6daa-48c4-adf0-09668b356410,Happiness Forgets,51.5278544,-0.0817776,happiness_hoxton,,"[""cocktails"",""negronis"",""martinis"",""mezcal"",""spirits"",""whisky"",""mixology"",""aperitifs"",""highballs"",""drinking""]",,"[""cocktail""]","[""evening""]",1,$$,1,,london,happiness-forgets-ldn,,"[""https://www.instagram.com/happiness_hoxton/?hl=en""]","{""Fri"": {""open1"": ""5:00 pm"", ""close1"": ""11:00 pm""}, ""Mon"": {""open1"": ""5:00 pm"", ""close1"": ""11:00 pm""}, ""Sat"": {""open1"": ""5:00 pm"", ""close1"": ""11:00 pm""}, ""Sun"": {""open1"": ""5:00 pm"", ""close1"": ""11:00 pm""}, ""Thu"": {""open1"": ""5:00 pm"", ""close1"": ""11:00 pm""}, ""Tue"": {""open1"": ""5:00 pm"", ""close1"": ""11:00 pm""}, ""Wed"": {""open1"": ""5:00 pm"", ""close1"": ""11:00 pm""}}","8-9 Hoxton Square, London N1 6NU, United Kingdom","[""basement"",""moody"",""intimate"",""unfussy"",""buzzing"",""nostalgic""]"
3552ddd5-ace4-4203-8b8c-d18107935182,Harrods Food Halls,51.4990913,-0.1628889,harrods,,"[""seafood"",""pastries"",""chocolates"",""roastery"",""breads"",""produce"",""deli"",""patisserie"",""counters"",""hampers""]",,"[""food court""]","[""midday"",""afternoon""]",1,$,1,,london,harrods-food-halls-ldn,,"[""https://www.instagram.com/harrods/""]","{""Fri"": {""open1"": ""10:00 am"", ""close1"": ""9:00 pm""}, ""Mon"": {""open1"": ""10:00 am"", ""close1"": ""9:00 pm""}, ""Sat"": {""open1"": ""10:00 am"", ""close1"": ""9:00 pm""}, ""Sun"": {""open1"": ""11:30 am"", ""close1"": ""6:00 pm""}, ""Thu"": {""open1"": ""10:00 am"", ""close1"": ""9:00 pm""}, ""Tue"": {""open1"": ""10:00 am"", ""close1"": ""9:00 pm""}, ""Wed"": {""open1"": ""10:00 am"", ""close1"": ""9:00 pm""}}","Food Halls, GROUND FLOOR, Harrods, 87-135 Brompton Rd, London SW1X 7XL, United Kingdom","[""ornate"",""luxurious"",""abundant"",""polished"",""historic"",""sensory""]"
19daafe1-1cea-47d1-ad67-7490279253ef,Hector's,51.5449425,-0.0834404,hectorslondon,,"[""wine"",""bottles"",""small plates"",""vintages"",""cellar"",""tastings"",""orange wine"",""glasses"",""snacks"",""gifts""]",,"[""wine bar""]","[""afternoon"",""evening""]",1,$$,1,,london,hectors-ldn,,"[""https://www.instagram.com/hectorslondon/""]","{""Fri"": {""open1"": ""10:00 am"", ""close1"": ""11:00 pm""}, ""Mon"": null, ""Sat"": {""open1"": ""10:00 am"", ""close1"": ""11:00 pm""}, ""Sun"": {""open1"": ""10:00 am"", ""close1"": ""7:00 pm""}, ""Thu"": {""open1"": ""10:00 am"", ""close1"": ""11:00 pm""}, ""Tue"": null, ""Wed"": {""open1"": ""10:00 am"", ""close1"": ""11:00 pm""}}","49a Ardleigh Rd, London N1 4HS, United Kingdom","[""cozy"",""intimate"",""relaxed"",""local"",""convivial"",""candlelit""]"
afe318d7-5702-42cc-8e9e-8f10b3ec88d7,HENRI,51.5109168,-0.1238011,henri__henrietta,,"[""french"",""breakfast"",""lunch"",""dinner"",""duck"",""carrot"",""cocktails"",""terrace"",""bistro"",""pretheatre""]",,"[""breakfast"",""lunch"",""dinner""]","[""morning"",""midday"",""evening""]",1,$$$$,1,,london,henri-ldn,,"[""https://www.instagram.com/henri__henrietta""]","{""Fri"": {""open1"": ""7:00 am"", ""close1"": ""12:00 am""}, ""Mon"": {""open1"": ""7:00 am"", ""close1"": ""11:00 pm""}, ""Sat"": {""open1"": ""7:00 am"", ""close1"": ""12:00 am""}, ""Sun"": {""open1"": ""7:00 am"", ""close1"": ""10:00 pm""}, ""Thu"": {""open1"": ""7:00 am"", ""close1"": ""12:00 am""}, ""Tue"": {""open1"": ""7:00 am"", ""close1"": ""11:00 pm""}, ""Wed"": {""open1"": ""7:00 am"", ""close1"": ""11:00 pm""}}","14, 15 Henrietta St, London WC2E 8QH, United Kingdom","[""whimsical"",""polished"",""parisian"",""elegant"",""bright"",""refined""]"
09f6632c-614d-4cb5-aa47-fc98ab5abf98,Hidden Grooves,51.5238211,-0.0805467,hiddengrooveshifi,,"[""vinyl"",""hifi"",""cocktails"",""smallplates"",""djs"",""listening"",""spirits"",""music"",""sessions"",""sound""]",,"[""cocktail""]","[""evening"",""late""]",1,$$,1,,london,hidden-grooves-ldn,,"[""https://www.instagram.com/hiddengrooveshifi/?hl=en""]","{""Fri"": {""open1"": ""3:00 pm"", ""close1"": ""1:00 am""}, ""Mon"": {""open1"": ""3:00 pm"", ""close1"": ""12:00 am""}, ""Sat"": {""open1"": ""3:00 pm"", ""close1"": ""1:00 am""}, ""Sun"": {""open1"": ""3:00 pm"", ""close1"": ""12:00 am""}, ""Thu"": {""open1"": ""3:00 pm"", ""close1"": ""1:00 am""}, ""Tue"": {""open1"": ""3:00 pm"", ""close1"": ""12:00 am""}, ""Wed"": {""open1"": ""3:00 pm"", ""close1"": ""12:00 am""}}","45 Curtain Rd, London EC2A 3PT, United Kingdom","[""sonic"",""intimate"",""retro"",""atmospheric"",""relaxed"",""immersive""]"
7a1c3db9-63ef-47c9-a260-235e68b4da90,HIMI,51.5135356,-0.1384739,himi_ldn,,"[""japanese"",""izakaya"",""sushi"",""sake"",""tofu"",""trout"",""dashi"",""shiso"",""seafood"",""handrolls""]",,"[""lunch"",""dinner""]","[""midday"",""evening""]",1,$$$$,1,,london,himi-ldn,,"[""https://www.instagram.com/himi_ldn/""]","{""Fri"": {""open1"": ""12:00 pm"", ""open2"": ""5:30 pm"", ""close1"": ""2:30 pm"", ""close2"": ""10:30 pm""}, ""Mon"": null, ""Sat"": {""open1"": ""12:00 pm"", ""close1"": ""10:30 pm""}, ""Sun"": null, ""Thu"": {""open1"": ""12:00 pm"", ""open2"": ""5:30 pm"", ""close1"": ""2:30 pm"", ""close2"": ""10:30 pm""}, ""Tue"": {""open1"": ""12:00 pm"", ""open2"": ""5:30 pm"", ""close1"": ""2:30 pm"", ""close2"": ""10:30 pm""}, ""Wed"": {""open1"": ""12:00 pm"", ""open2"": ""5:30 pm"", ""close1"": ""2:30 pm"", ""close2"": ""10:30 pm""}}","4 Newburgh St, Carnaby, London W1F 7RF, United Kingdom","[""calm"",""precise"",""warm"",""minimalist"",""refined"",""intimate""]"
0a997a8a-0c1c-4a1d-b7c5-36c228016796,HJEM,51.4915274,-0.1801351,hjemkensington,,"[""danish"",""coffee"",""bakery"",""espresso"",""pastries"",""cakes"",""lattes"",""breakfast"",""sourdough"",""sweets""]",,"[""coffee""]","[""morning"",""midday""]",1,$,1,,london,hjem-ldn,,"[""https://www.instagram.com/hjemkensington/?hl=en""]","{""Fri"": {""open1"": ""7:30 am"", ""close1"": ""5:00 pm""}, ""Mon"": {""open1"": ""7:30 am"", ""close1"": ""5:00 pm""}, ""Sat"": {""open1"": ""8:30 am"", ""close1"": ""5:00 pm""}, ""Sun"": {""open1"": ""8:30 am"", ""close1"": ""5:00 pm""}, ""Thu"": {""open1"": ""7:30 am"", ""close1"": ""5:00 pm""}, ""Tue"": {""open1"": ""7:30 am"", ""close1"": ""5:00 pm""}, ""Wed"": {""open1"": ""7:30 am"", ""close1"": ""5:00 pm""}}","157 Gloucester Rd, South Kensington, London SW7 4TH, United Kingdom","[""minimal"",""serene"",""nordic"",""calm"",""clean"",""understated""]"
e84424e1-2a40-4f44-bd73-17e87833f16d,Honest Jon's,51.519186,-0.2073539,honestjonsrecords,,"[""vinyl"",""records"",""jazz"",""reggae"",""soul"",""funk"",""dance"",""folk"",""cds"",""imports""]",,"[""lifestyle""]","[""midday"",""afternoon""]",1,$,1,,london,honest-jons-ldn,,"[""https://www.instagram.com/honestjonsrecords/""]","{""Fri"": {""open1"": ""10:00 am"", ""close1"": ""6:00 pm""}, ""Mon"": {""open1"": ""10:00 am"", ""close1"": ""6:00 pm""}, ""Sat"": {""open1"": ""10:00 am"", ""close1"": ""6:00 pm""}, ""Sun"": {""open1"": ""11:00 am"", ""close1"": ""5:00 pm""}, ""Thu"": {""open1"": ""10:00 am"", ""close1"": ""6:00 pm""}, ""Tue"": {""open1"": ""10:00 am"", ""close1"": ""6:00 pm""}, ""Wed"": {""open1"": ""10:00 am"", ""close1"": ""6:00 pm""}}","278 Portobello Rd, London W10 5TE, United Kingdom","[""analog"",""discerning"",""soulful"",""historic"",""independent"",""cratepacked""]"
d61a6fee-a163-4458-b591-4b2aa5d1c13a,Høst Wine Bar,51.5542698,-0.0448451,,,"[""wine"",""bottles"",""pours"",""tastings"",""snacks"",""cheeses"",""charcuterie"",""aperitifs"",""producers"",""gatherings""]",,"[""wine bar""]","[""afternoon"",""evening""]",1,$$,1,,london,host-wine-bar-ldn,,[],"{""Fri"": {""open1"": ""5:00 pm"", ""close1"": ""1:00 am""}, ""Mon"": null, ""Sat"": {""open1"": ""12:00 pm"", ""close1"": ""1:00 am""}, ""Sun"": {""open1"": ""12:00 pm"", ""close1"": ""11:00 pm""}, ""Thu"": {""open1"": ""5:00 pm"", ""close1"": ""12:00 am""}, ""Tue"": null, ""Wed"": {""open1"": ""5:00 pm"", ""close1"": ""12:00 am""}}","88 Chatsworth Rd, Lower Clapton, London E5 0LS, United Kingdom","[""intimate"",""relaxed"",""lowlit"",""understated"",""local"",""convivial""]"
25b45d1b-12c6-4a4b-947b-6c56a3736691,House of Annetta,51.5198534,-0.0721618,houseofannetta,,"[""exhibitions"",""paintings"",""sculpture"",""installations"",""collectors"",""photography"",""screenings"",""archives"",""curations"",""talks""]",,"[""gallery""]","[""midday"",""afternoon""]",1,$,1,,london,house-of-annetta-ldn,,"[""https://www.instagram.com/houseofannetta/""]","{""Fri"": null, ""Mon"": null, ""Sat"": null, ""Sun"": null, ""Thu"": null, ""Tue"": null, ""Wed"": null}","25 Princelet St, London E1 6QH, United Kingdom","[""serene"",""contemplative"",""elegant"",""minimal"",""refined"",""immersive""]"
b0f6a4c6-1098-4ebb-bbe3-b92783f136fc,Housmans Bookshop,51.5312223,-0.1211209,housmans_books,,"[""politics"",""feminism"",""pacifism"",""lgbtqia"",""anarchism"",""environment"",""magazines"",""events"",""books"",""badges""]",,"[""bookstore""]","[""midday"",""afternoon""]",1,$,1,,london,housmans-bookshop-ldn,,"[""https://www.instagram.com/housmans_books/""]","{""Fri"": {""open1"": ""11:00 am"", ""close1"": ""6:30 pm""}, ""Mon"": {""open1"": ""11:00 am"", ""close1"": ""6:30 pm""}, ""Sat"": {""open1"": ""11:00 am"", ""close1"": ""6:30 pm""}, ""Sun"": {""open1"": ""12:00 pm"", ""close1"": ""6:00 pm""}, ""Thu"": {""open1"": ""11:00 am"", ""close1"": ""6:30 pm""}, ""Tue"": {""open1"": ""11:00 am"", ""close1"": ""6:30 pm""}, ""Wed"": {""open1"": ""11:00 am"", ""close1"": ""6:30 pm""}}","5 Caledonian Rd, London N1 9DY, United Kingdom","[""radical"",""principled"",""historic"",""activist"",""intellectual"",""independent""]"
836da81c-18dd-404a-ad57-1b8032074740,Hunterian Museum,51.5153551,-0.1159625,hunterianmuseum,,"[""surgery"",""specimens"",""anatomy"",""collections"",""instruments"",""displays"",""guides"",""science"",""medicine"",""learning""]",,"[""museum""]","[""midday"",""afternoon""]",1,$,1,,london,hunterian-museum-ldn,,"[""https://www.instagram.com/hunterianmuseum/?hl=en""]","{""Fri"": {""open1"": ""10:00 am"", ""close1"": ""5:00 pm""}, ""Mon"": null, ""Sat"": {""open1"": ""10:00 am"", ""close1"": ""5:00 pm""}, ""Sun"": null, ""Thu"": {""open1"": ""10:00 am"", ""close1"": ""5:00 pm""}, ""Tue"": {""open1"": ""10:00 am"", ""close1"": ""5:00 pm""}, ""Wed"": {""open1"": ""10:00 am"", ""close1"": ""5:00 pm""}}","The Royal College of Surgeons of England 38, 43 Lincoln's Inn Fields, London WC2A 3PE, United Kingdom","[""clinical"",""eerie"",""scholarly"",""historic"",""anatomical"",""contemplative""]"
42941e1b-fbee-494c-a8fe-7202930471d2,Ibai,51.5177979,-0.0989976,ibai_london,,"[""basque"",""anchovies"",""iberico"",""tortilla"",""tartare"",""carabinero"",""truffle"",""steaks"",""croquettes"",""wine""]",,"[""lunch"",""dinner""]","[""midday"",""evening""]",1,$$$$,1,,london,ibai-ldn,,"[""https://www.instagram.com/ibai_london/""]","{""Fri"": {""open1"": ""12:00 pm"", ""close1"": ""10:00 pm""}, ""Mon"": {""open1"": ""12:00 pm"", ""close1"": ""10:00 pm""}, ""Sat"": {""open1"": ""12:00 pm"", ""close1"": ""10:00 pm""}, ""Sun"": null, ""Thu"": {""open1"": ""12:00 pm"", ""close1"": ""10:00 pm""}, ""Tue"": {""open1"": ""12:00 pm"", ""close1"": ""10:00 pm""}, ""Wed"": {""open1"": ""12:00 pm"", ""close1"": ""10:00 pm""}}","90 Bartholomew Cl, London EC1A 7BN, United Kingdom","[""smoky"",""opulent"",""robust"",""polished"",""convivial"",""dramatic""]"
44dc3d5f-33b7-462d-ab27-bd34b0c50c41,Jackson Boxer At The Corner,51.5140934,-0.1536945,jboxer_thecorner,,"[""british"",""seasonal"",""seafood"",""produce"",""lunch"",""plates"",""wines"",""desserts"",""vegetables"",""dining""]",,"[""lunch""]","[""midday"",""afternoon""]",1,$$$,1,,london,jackson-boxer-at-the-corner-ldn,,"[""https://www.instagram.com/jboxer_thecorner/""]","{""Fri"": {""open1"": ""11:30 am"", ""close1"": ""9:00 pm""}, ""Mon"": {""open1"": ""11:30 am"", ""close1"": ""9:00 pm""}, ""Sat"": {""open1"": ""11:30 am"", ""close1"": ""9:00 pm""}, ""Sun"": {""open1"": ""11:30 am"", ""close1"": ""6:00 pm""}, ""Thu"": {""open1"": ""11:30 am"", ""close1"": ""9:00 pm""}, ""Tue"": {""open1"": ""11:30 am"", ""close1"": ""9:00 pm""}, ""Wed"": {""open1"": ""11:30 am"", ""close1"": ""9:00 pm""}}","400 Oxford St, London W1A 1AB, United Kingdom","[""polished"",""airy"",""refined"",""contemporary"",""elegant"",""composed""]"
81950651-e62e-40ab-82ae-109c7e2a3a91,Jacqueline,51.5111467,-0.1532159,thechanceryrosewood,,"[""viennoiserie"",""patisserie"",""pastries"",""cocktails"",""breakfast"",""desserts"",""sandwiches"",""coffee"",""champagne"",""cakes""]",,"[""lunch"",""dinner"",""afternoon tea""]","[""midday"",""evening""]",1,$$$,1,,london,jacqueline-ldn,,"[""https://www.instagram.com/thechanceryrosewood/""]","{""Fri"": {""open1"": ""12:00 pm"", ""close1"": ""8:00 pm""}, ""Mon"": {""open1"": ""12:00 pm"", ""close1"": ""8:00 pm""}, ""Sat"": {""open1"": ""12:00 pm"", ""close1"": ""8:00 pm""}, ""Sun"": {""open1"": ""12:00 pm"", ""close1"": ""8:00 pm""}, ""Thu"": {""open1"": ""12:00 pm"", ""close1"": ""8:00 pm""}, ""Tue"": {""open1"": ""12:00 pm"", ""close1"": ""8:00 pm""}, ""Wed"": {""open1"": ""12:00 pm"", ""close1"": ""8:00 pm""}}","30 Grosvenor Sq, London W1K 6AN, United Kingdom","[""elegant"",""polished"",""refined"",""serene"",""indulgent"",""composed""]"
5b2af035-8a3b-4043-ae03-45f8b0513ec8,Jazu Bar London,51.4751496,-0.0258588,jazu.bar,,"[""cocktails"",""omakase"",""sake"",""martinis"",""spirits"",""jazz"",""seafood"",""whisky"",""vinyl"",""nigiri""]",,"[""cocktail""]","[""evening"",""late""]",1,$$,1,,london,jazu-bar-london-ldn,,"[""https://www.instagram.com/jazu.bar/""]","{""Fri"": {""open1"": ""6:00 pm"", ""close1"": ""3:00 am""}, ""Mon"": null, ""Sat"": {""open1"": ""5:00 pm"", ""close1"": ""3:00 am""}, ""Sun"": null, ""Thu"": {""open1"": ""6:00 pm"", ""close1"": ""1:00 am""}, ""Tue"": {""open1"": ""6:00 pm"", ""close1"": ""11:00 pm""}, ""Wed"": {""open1"": ""6:00 pm"", ""close1"": ""11:00 pm""}}","2 Deptford High St, London SE8 4AF, United Kingdom","[""cinematic"",""seductive"",""moody"",""polished"",""nocturnal"",""elegant""]"
5592d87b-446e-457c-a780-2b2e6834daeb,Jolene Bakery & Restaurant,51.5513088,-0.0844365,jolene_bakery,,"[""pastries"",""bread"",""cakes"",""softserve"",""kombucha"",""lunch"",""dinner"",""naturalwine"",""bakery"",""sourdough""]",,"[""bakery"",""cafe""]","[""morning"",""midday""]",1,$,1,,london,jolene-bakery-restaurant-ldn,,"[""https://www.instagram.com/jolene_bakery/""]","{""Fri"": {""open1"": ""8:00 am"", ""open2"": ""5:30 pm"", ""close1"": ""4:00 pm"", ""close2"": ""10:00 pm""}, ""Mon"": {""open1"": ""8:00 am"", ""close1"": ""4:00 pm""}, ""Sat"": {""open1"": ""8:00 am"", ""open2"": ""5:30 pm"", ""close1"": ""4:00 pm"", ""close2"": ""10:00 pm""}, ""Sun"": {""open1"": ""8:00 am"", ""open2"": ""5:30 pm"", ""close1"": ""4:00 pm"", ""close2"": ""9:00 pm""}, ""Thu"": {""open1"": ""8:00 am"", ""open2"": ""5:30 pm"", ""close1"": ""4:00 pm"", ""close2"": ""10:00 pm""}, ""Tue"": {""open1"": ""8:00 am"", ""open2"": ""5:30 pm"", ""close1"": ""4:00 pm"", ""close2"": ""10:00 pm""}, ""Wed"": {""open1"": ""8:00 am"", ""open2"": ""5:30 pm"", ""close1"": ""4:00 pm"", ""close2"": ""10:00 pm""}}","21 Newington Grn, Mayville Estate, London N16 9PU, United Kingdom","[""wholesome"",""leafy"",""relaxed"",""artisanal"",""warm"",""neighborhood""]"
d525547b-2f4a-44b7-8448-812ea0ae913a,Jolene Redchurch Street,51.5245578,-0.0743051,jolene_redchurchstreet,,"[""pastries"",""sourdough"",""sandwiches"",""coffee"",""kombucha"",""cakes"",""bread"",""bakedgoods"",""lunch"",""benches""]",,"[""bakery"",""cafe""]","[""morning"",""midday""]",1,$,1,,london,jolene-redchurch-street-ldn,,"[""https://www.instagram.com/jolene_redchurchstreet/?hl=en""]","{""Fri"": {""open1"": ""8:00 am"", ""close1"": ""4:00 pm""}, ""Mon"": {""open1"": ""8:00 am"", ""close1"": ""4:00 pm""}, ""Sat"": {""open1"": ""9:00 am"", ""close1"": ""4:00 pm""}, ""Sun"": {""open1"": ""9:00 am"", ""close1"": ""4:00 pm""}, ""Thu"": {""open1"": ""8:00 am"", ""close1"": ""4:00 pm""}, ""Tue"": {""open1"": ""8:00 am"", ""close1"": ""4:00 pm""}, ""Wed"": {""open1"": ""8:00 am"", ""close1"": ""4:00 pm""}}","67 Redchurch St, London E2 7DJ, United Kingdom","[""artisanal"",""cozy"",""tiny"",""warm"",""relaxed"",""inviting""]"
d3b57704-6fc9-4bef-9a77-1bc11fe14e69,JUJUHOME CHA Hackney Wick,51.5405449,-0.0225175,jujuhomestore,,"[""matcha"",""hojicha"",""cookies"",""tea"",""powders"",""tools"",""ceramics"",""rituals"",""sweets"",""homeware""]",,"[""cafe"",""lifestyle""]","[""midday"",""afternoon""]",1,$,1,,london,jujuhome-cha-hackney-wick-ldn,,"[""https://www.instagram.com/jujuhomestore""]","{""Fri"": {""open1"": ""11:00 am"", ""close1"": ""6:00 pm""}, ""Mon"": {""open1"": ""11:00 am"", ""close1"": ""6:00 pm""}, ""Sat"": {""open1"": ""10:00 am"", ""close1"": ""6:00 pm""}, ""Sun"": {""open1"": ""12:00 pm"", ""close1"": ""6:00 pm""}, ""Thu"": {""open1"": ""11:00 am"", ""close1"": ""6:00 pm""}, ""Tue"": {""open1"": ""11:00 am"", ""close1"": ""6:00 pm""}, ""Wed"": {""open1"": ""11:00 am"", ""close1"": ""6:00 pm""}}","STUDIO 14, BLOCK B, STORE, JUJUHOME, 14 Wyke Rd, London E3 2XD, United Kingdom","[""serene"",""minimal"",""ritualistic"",""refined"",""calm"",""curated""]"
80f7303a-bcd2-4977-bdbb-4e5e26ce1eec,JUJUHOME STORE,51.5405449,-0.0225175,jujuhomestore,,"[""ceramics"",""homeware"",""fragrances"",""tableware"",""objects"",""textiles"",""incense"",""gifts"",""design"",""cutlery""]",,"[""lifestyle""]","[""midday"",""afternoon""]",1,$,1,,london,jujuhome-store-ldn,,"[""https://www.instagram.com/jujuhomestore/""]","{""Fri"": {""open1"": ""11:00 am"", ""close1"": ""6:00 pm""}, ""Mon"": {""open1"": ""11:00 am"", ""close1"": ""6:00 pm""}, ""Sat"": {""open1"": ""10:00 am"", ""close1"": ""6:00 pm""}, ""Sun"": {""open1"": ""12:00 pm"", ""close1"": ""6:00 pm""}, ""Thu"": {""open1"": ""11:00 am"", ""close1"": ""6:00 pm""}, ""Tue"": {""open1"": ""11:00 am"", ""close1"": ""6:00 pm""}, ""Wed"": {""open1"": ""11:00 am"", ""close1"": ""6:00 pm""}}","STUDIO 14, BLOCK B, 14 Wyke Rd, Fish Island, London E3 2XD, United Kingdom","[""serene"",""minimal"",""curated"",""refined"",""tactile"",""intentional""]"
bcfac950-48cb-4d14-9627-bbe7b4af5838,Jumbi,51.469883,-0.065583,jumbipeckham,,"[""rum"",""patties"",""jerk"",""dancing"",""cocktails"",""soundsystem"",""djs"",""beer"",""reggae"",""nightlife""]",,"[""lunch"",""dinner"",""cocktail""]","[""midday"",""evening"",""late""]",1,$$,1,,london,jumbi-ldn,,"[""https://www.instagram.com/jumbipeckham""]","{""Fri"": {""open1"": ""12:00 pm"", ""close1"": ""2:00 am""}, ""Mon"": null, ""Sat"": {""open1"": ""12:00 pm"", ""close1"": ""2:00 am""}, ""Sun"": {""open1"": ""12:00 pm"", ""close1"": ""11:00 pm""}, ""Thu"": {""open1"": ""4:00 pm"", ""close1"": ""12:00 am""}, ""Tue"": {""open1"": ""4:00 pm"", ""close1"": ""12:00 am""}, ""Wed"": {""open1"": ""4:00 pm"", ""close1"": ""12:00 am""}}","Unit 4.1, Copeland Park, 133 Copeland Rd, London SE15 3SN, United Kingdom","[""vibrant"",""tropical"",""playful"",""rhythmic"",""energetic"",""colorful""]"
6dde2162-fb63-4641-b9f1-82ff42a8bf83,KAIHO Japanese cafe/bar,51.5347664,-0.117458,kaiho_london,,"[""japanese"",""vinyl"",""onigiri"",""cocktails"",""sake"",""espresso"",""matcha"",""music"",""djs"",""listening""]",,"[""cafe""]","[""morning"",""midday"",""afternoon""]",1,$$,1,,london,kaiho-japanese-cafe-bar-ldn,,"[""https://www.instagram.com/kaiho_london/""]","{""Fri"": {""open1"": ""11:00 am"", ""close1"": ""12:00 am""}, ""Mon"": {""open1"": ""11:00 am"", ""close1"": ""11:00 pm""}, ""Sat"": {""open1"": ""11:00 am"", ""close1"": ""12:00 am""}, ""Sun"": {""open1"": ""10:00 am"", ""close1"": ""10:00 pm""}, ""Thu"": {""open1"": ""11:00 am"", ""close1"": ""11:00 pm""}, ""Tue"": {""open1"": ""11:00 am"", ""close1"": ""11:00 pm""}, ""Wed"": {""open1"": ""11:00 am"", ""close1"": ""11:00 pm""}}","125 Caledonian Rd, London N1 9RG, United Kingdom","[""calm"",""sonic"",""relaxed"",""minimal"",""communal"",""open""]"
b5eb17c9-df61-4d1d-8ce1-d7be4defe0a7,KOKO,51.5347377,-0.1382573,kokocamden,,"[""concerts"",""tickets"",""livemusic"",""djs"",""dancing"",""jazz"",""pizza"",""performances"",""workshops"",""supperclubs""]",,"[""club""]","[""late""]",1,$$,1,,london,koko-ldn,,"[""https://www.instagram.com/kokocamden/?hl=en""]","{""Fri"": {""open1"": ""6:00 pm"", ""close1"": ""5:00 am""}, ""Mon"": {""open1"": ""7:00 pm"", ""close1"": ""11:30 pm""}, ""Sat"": {""open1"": ""6:00 pm"", ""close1"": ""5:00 am""}, ""Sun"": {""open1"": ""7:00 pm"", ""close1"": ""11:30 pm""}, ""Thu"": {""open1"": ""7:00 pm"", ""close1"": ""11:30 pm""}, ""Tue"": {""open1"": ""7:00 pm"", ""close1"": ""11:30 pm""}, ""Wed"": {""open1"": ""7:00 pm"", ""close1"": ""11:30 pm""}}","1A Camden High St, London NW1 7JE, United Kingdom","[""majestic"",""electric"",""theatrical"",""iconic"",""energetic"",""nocturnal""]"
65d4c729-975c-4cb2-b8e8-d6321892d179,KOL,51.5147644,-0.1575224,kol.restaurant,,"[""mexican"",""masa"",""mole"",""ceviche"",""tacos"",""langoustine"",""mezcal"",""tasting"",""corn"",""british""]",,"[""lunch"",""dinner""]","[""midday"",""evening""]",1,$$$$,1,,london,kol-ldn,,"[""https://www.instagram.com/kol.restaurant/?hl=en""]","{""Fri"": {""open1"": ""12:00 pm"", ""close1"": ""12:00 am""}, ""Mon"": null, ""Sat"": {""open1"": ""12:00 pm"", ""close1"": ""12:00 am""}, ""Sun"": null, ""Thu"": {""open1"": ""12:00 pm"", ""close1"": ""12:00 am""}, ""Tue"": {""open1"": ""12:00 pm"", ""close1"": ""12:00 am""}, ""Wed"": {""open1"": ""12:00 pm"", ""close1"": ""12:00 am""}}","9 Seymour St, London W1H 7BA, United Kingdom","[""inventive"",""refined"",""earthy"",""vibrant"",""immersive"",""contemporary""]"
2132aca1-c4c8-4622-80ed-13c90933d671,Kricket Shoreditch,51.5252491,-0.0809457,kricketlondon,,"[""curries"",""tandoori"",""chutneys"",""biryani"",""cocktails"",""naan"",""paneer"",""spices"",""seafood"",""grills""]",,"[""breakfast"",""lunch"",""dinner""]","[""morning"",""midday"",""evening""]",1,$$$,1,,london,kricket-shoreditch-ldn,,"[""https://www.instagram.com/kricketlondon/?hl=en""]","{""Fri"": {""open1"": ""8:00 am"", ""close1"": ""10:30 pm""}, ""Mon"": {""open1"": ""8:00 am"", ""close1"": ""10:30 pm""}, ""Sat"": {""open1"": ""9:00 am"", ""close1"": ""10:30 pm""}, ""Sun"": {""open1"": ""9:00 am"", ""close1"": ""9:00 pm""}, ""Thu"": {""open1"": ""8:00 am"", ""close1"": ""10:30 pm""}, ""Tue"": {""open1"": ""8:00 am"", ""close1"": ""10:30 pm""}, ""Wed"": {""open1"": ""8:00 am"", ""close1"": ""10:30 pm""}}","35-42 Charlotte Rd, London EC2A 3PB, United Kingdom","[""vibrant"",""contemporary"",""refined"",""energetic"",""aromatic"",""lively""]"
edbdf01a-ad97-4472-99ae-434e6ad0d02f,Kricket Soho,51.5108075,-0.1351688,kricketlondon,,"[""indian"",""thalis"",""curries"",""naan"",""bhel"",""pani"",""chicken"",""prawns"",""cocktails"",""spices""]",,"[""lunch"",""dinner""]","[""midday"",""evening""]",1,$$$,1,,london,kricket-soho-ldn,,"[""https://www.instagram.com/kricketlondon/""]","{""Fri"": {""open1"": ""12:00 pm"", ""close1"": ""10:30 pm""}, ""Mon"": {""open1"": ""12:00 pm"", ""close1"": ""10:30 pm""}, ""Sat"": {""open1"": ""12:00 pm"", ""close1"": ""10:30 pm""}, ""Sun"": {""open1"": ""12:00 pm"", ""close1"": ""9:00 pm""}, ""Thu"": {""open1"": ""12:00 pm"", ""close1"": ""10:30 pm""}, ""Tue"": {""open1"": ""12:00 pm"", ""close1"": ""10:30 pm""}, ""Wed"": {""open1"": ""12:00 pm"", ""close1"": ""10:30 pm""}}","12 Denman St, London W1D 7HJ, United Kingdom","[""vibrant"",""aromatic"",""contemporary"",""lively"",""spirited"",""bustling""]"
a1afcf73-040e-49f5-a3e7-f503d185d503,Kristina Records,51.5441676,-0.046775,kristinarecords,,"[""vinyl"",""records"",""coffee"",""wine"",""beer"",""events"",""house"",""techno"",""disco"",""jazz""]",,"[""lifestyle""]","[""midday"",""afternoon""]",1,$,1,,london,kristina-records-ldn,,"[""https://www.instagram.com/kristinarecords/""]","{""Fri"": {""open1"": ""8:00 am"", ""close1"": ""5:30 pm""}, ""Mon"": {""open1"": ""8:00 am"", ""close1"": ""3:00 pm""}, ""Sat"": {""open1"": ""9:00 am"", ""close1"": ""5:00 pm""}, ""Sun"": {""open1"": ""10:00 am"", ""close1"": ""5:00 pm""}, ""Thu"": {""open1"": ""8:00 am"", ""close1"": ""5:30 pm""}, ""Tue"": {""open1"": ""8:00 am"", ""close1"": ""3:00 pm""}, ""Wed"": {""open1"": ""8:00 am"", ""close1"": ""3:00 pm""}}","194 Well St, London E9 6QT, United Kingdom","[""underground"",""analog"",""curated"",""local"",""eclectic"",""relaxed""]"
a0f3e80e-89fa-403d-9c9a-d7687feb9dd0,Kudu,51.5197206,-0.152286,kudurestaurant,,"[""braai"",""southafrican"",""european"",""fire"",""vegetables"",""seafood"",""snacks"",""sharing"",""desserts"",""cocktails""]",,"[""lunch"",""dinner""]","[""midday"",""evening""]",1,$$$,1,,london,kudu-ldn,,"[""https://www.instagram.com/kudurestaurant/?hl=en""]","{""Fri"": {""open1"": ""12:00 pm"", ""open2"": ""6:00 pm"", ""close1"": ""3:00 pm"", ""close2"": ""10:00 pm""}, ""Mon"": {""open1"": ""12:00 pm"", ""open2"": ""6:00 pm"", ""close1"": ""3:00 pm"", ""close2"": ""10:00 pm""}, ""Sat"": {""open1"": ""12:00 pm"", ""open2"": ""6:00 pm"", ""close1"": ""3:00 pm"", ""close2"": ""10:00 pm""}, ""Sun"": {""open1"": ""11:30 am"", ""open2"": ""6:00 pm"", ""close1"": ""3:00 pm"", ""close2"": ""9:00 pm""}, ""Thu"": {""open1"": ""12:00 pm"", ""open2"": ""6:00 pm"", ""close1"": ""3:00 pm"", ""close2"": ""10:00 pm""}, ""Tue"": {""open1"": ""12:00 pm"", ""open2"": ""6:00 pm"", ""close1"": ""3:00 pm"", ""close2"": ""10:00 pm""}, ""Wed"": {""open1"": ""12:00 pm"", ""open2"": ""6:00 pm"", ""close1"": ""3:00 pm"", ""close2"": ""10:00 pm""}}","7 Moxon St, London W1U 4EP, United Kingdom","[""earthy"",""smoky"",""warm"",""spirited"",""contemporary"",""soulful""]"
3a24b885-8e03-40dc-9dc6-9bea6227f4af,KURO COFFEE,51.5085897,-0.1976056,kuro_london,,"[""espresso"",""matcha"",""speciality"",""lattes"",""pastries"",""juices"",""teas"",""bakery"",""breakfast"",""baristas""]",,"[""coffee""]","[""morning"",""midday""]",1,$,1,,london,kuro-coffee-ldn,,"[""https://www.instagram.com/kuro_london/""]","{""Fri"": {""open1"": ""7:00 am"", ""close1"": ""5:00 pm""}, ""Mon"": {""open1"": ""7:00 am"", ""close1"": ""5:00 pm""}, ""Sat"": {""open1"": ""7:00 am"", ""close1"": ""5:00 pm""}, ""Sun"": {""open1"": ""8:00 am"", ""close1"": ""5:00 pm""}, ""Thu"": {""open1"": ""7:00 am"", ""close1"": ""5:00 pm""}, ""Tue"": {""open1"": ""7:00 am"", ""close1"": ""5:00 pm""}, ""Wed"": {""open1"": ""7:00 am"", ""close1"": ""5:00 pm""}}","3 Hillgate St, London W8 7SP, United Kingdom","[""minimalist"",""precise"",""serene"",""polished"",""calm"",""understated""]"
7e840dad-3c92-488e-a547-de6bf056c908,Kwãnt Mayfair,51.5071833,-0.1433212,kwantmayfair,,"[""cocktails"",""martinis"",""spirits"",""aperitifs"",""whisky"",""negronis"",""tasting"",""vintage"",""tequila"",""mixology""]",,"[""cocktail""]","[""evening"",""late""]",1,$$$,1,,london,kwant-mayfair-ldn,,"[""https://www.instagram.com/kwantmayfair/?hl=en""]","{""Fri"": {""open1"": ""5:00 pm"", ""close1"": ""1:00 am""}, ""Mon"": {""open1"": ""5:00 pm"", ""close1"": ""1:00 am""}, ""Sat"": {""open1"": ""5:00 pm"", ""close1"": ""1:00 am""}, ""Sun"": {""open1"": ""5:00 pm"", ""close1"": ""1:00 am""}, ""Thu"": {""open1"": ""5:00 pm"", ""close1"": ""1:00 am""}, ""Tue"": {""open1"": ""5:00 pm"", ""close1"": ""1:00 am""}, ""Wed"": {""open1"": ""5:00 pm"", ""close1"": ""1:00 am""}}","52 Stratton St, London W1J 8LN, United Kingdom","[""elegant"",""tropical"",""polished"",""relaxed"",""creative"",""transportive""]"
4bbb207a-3c5b-4aeb-b534-c6ce1505193b,La Camionera,51.54448,-0.0469812,camionera.e9,,"[""cocktails"",""coffee"",""spanish"",""djs"",""dancing"",""beers"",""tapas"",""events"",""gatherings"",""music""]",,"[""cafe"",""wine bar"",""cocktail""]","[""midday"",""evening""]",1,$,1,,london,la-camionera-ldn,,"[""https://www.instagram.com/camionera.e9/?hl=en""]","{""Fri"": {""open1"": ""10:00 am"", ""close1"": ""11:30 pm""}, ""Mon"": {""open1"": ""4:00 pm"", ""close1"": ""11:00 pm""}, ""Sat"": {""open1"": ""10:00 am"", ""close1"": ""11:30 pm""}, ""Sun"": {""open1"": ""10:00 am"", ""close1"": ""11:00 pm""}, ""Thu"": {""open1"": ""10:00 am"", ""close1"": ""11:30 pm""}, ""Tue"": {""open1"": ""4:00 pm"", ""close1"": ""11:00 pm""}, ""Wed"": {""open1"": ""10:00 am"", ""close1"": ""11:00 pm""}}","243 Well St, London E9 6RG, United Kingdom","[""communal"",""queer"",""warm"",""playful"",""intimate"",""spirited""]"
a0b9caf7-05d1-46c5-8a8c-82b69894a054,"La Compagnie, Neal’s Yard",51.5144067,-0.1265163,lacompagnienealsyard,,"[""wine"",""bottles"",""tastings"",""producers"",""cheeses"",""charcuterie"",""pairings"",""pours"",""champagne"",""smallplates""]",,"[""wine bar""]","[""evening""]",1,$$$,1,,london,la-compagnie-neals-yard-ldn,,"[""https://www.instagram.com/lacompagnienealsyard/""]","{""Fri"": {""open1"": ""12:00 pm"", ""close1"": ""12:00 am""}, ""Mon"": {""open1"": ""4:00 pm"", ""close1"": ""11:00 pm""}, ""Sat"": {""open1"": ""12:00 pm"", ""close1"": ""12:00 am""}, ""Sun"": {""open1"": ""12:00 pm"", ""close1"": ""11:00 pm""}, ""Thu"": {""open1"": ""12:00 pm"", ""close1"": ""12:00 am""}, ""Tue"": {""open1"": ""4:00 pm"", ""close1"": ""11:00 pm""}, ""Wed"": {""open1"": ""4:00 pm"", ""close1"": ""11:00 pm""}}","8-10 Neal's Yard, London WC2H 9DP, United Kingdom","[""refined"",""hidden"",""elegant"",""intimate"",""sophisticated"",""relaxed""]"
235ea509-d560-4037-a2f8-e5088d891199,LABSTORE LONDON,51.5167978,-0.1349771,labstorelondon,,"[""apparel"",""designers"",""footwear"",""accessories"",""tailoring"",""outerwear"",""labels"",""streetwear"",""menswear"",""fashion""]",,"[""lifestyle""]","[""midday"",""afternoon""]",1,$$,1,,london,labstore-london-ldn,,"[""https://www.instagram.com/labstorelondon/?hl=en""]","{""Fri"": {""open1"": ""11:00 am"", ""close1"": ""7:00 pm""}, ""Mon"": {""open1"": ""11:00 am"", ""close1"": ""7:00 pm""}, ""Sat"": {""open1"": ""11:00 am"", ""close1"": ""7:00 pm""}, ""Sun"": {""open1"": ""12:00 pm"", ""close1"": ""6:00 pm""}, ""Thu"": {""open1"": ""11:00 am"", ""close1"": ""7:00 pm""}, ""Tue"": {""open1"": ""11:00 am"", ""close1"": ""7:00 pm""}, ""Wed"": {""open1"": ""11:00 am"", ""close1"": ""7:00 pm""}}","9, 10 Newman St, London W1T 1PB, United Kingdom","[""avantgarde"",""raw"",""expressive"",""curated"",""experimental"",""directional""]"
495f8f8e-e99c-4bfb-804d-088651c8acf0,Lady Mildmay,51.5507088,-0.0845763,theladymildmaypub,,"[""ales"",""craftbeer"",""natural wine"",""cocktails"",""mussels"",""bavette"",""sourdough"",""chicken"",""mediterranean"",""pints""]",,"[""pub""]","[""afternoon"",""evening""]",1,$$,1,,london,lady-mildmay-ldn,,"[""https://www.instagram.com/theladymildmaypub/""]","{""Fri"": {""open1"": ""12:00 pm"", ""close1"": ""11:00 pm""}, ""Mon"": {""open1"": ""12:00 pm"", ""close1"": ""11:00 pm""}, ""Sat"": {""open1"": ""12:00 pm"", ""close1"": ""11:00 pm""}, ""Sun"": {""open1"": ""12:00 pm"", ""close1"": ""10:30 pm""}, ""Thu"": {""open1"": ""12:00 pm"", ""close1"": ""11:00 pm""}, ""Tue"": {""open1"": ""12:00 pm"", ""close1"": ""11:00 pm""}, ""Wed"": {""open1"": ""12:00 pm"", ""close1"": ""11:00 pm""}}","92 Mildmay Park, London N1 4PR, United Kingdom","[""strippedback"",""warm"",""relaxed"",""local"",""convivial"",""polished""]"
39ce5891-6b7e-41c2-8805-47ed8521780f,Lady of The Grapes,51.5105792,-0.1232793,ladyofthegrapes_coventgarden,,"[""wine"",""organic"",""biodynamic"",""naturalwine"",""french"",""oysters"",""cheeses"",""charcuterie"",""pairings"",""bottles""]",,"[""wine bar"",""lunch"",""dinner""]","[""afternoon"",""evening""]",1,$$$,1,,london,lady-of-the-grapes-ldn,,"[""https://www.instagram.com/ladyofthegrapes_coventgarden/""]","{""Fri"": {""open1"": ""12:00 pm"", ""close1"": ""12:30 am""}, ""Mon"": null, ""Sat"": {""open1"": ""12:00 pm"", ""close1"": ""12:30 am""}, ""Sun"": {""open1"": ""1:00 pm"", ""close1"": ""10:00 pm""}, ""Thu"": {""open1"": ""12:00 pm"", ""close1"": ""11:00 pm""}, ""Tue"": {""open1"": ""4:00 pm"", ""close1"": ""11:00 pm""}, ""Wed"": {""open1"": ""12:00 pm"", ""close1"": ""11:00 pm""}}","16 Maiden Ln, London WC2E 7NJ, United Kingdom","[""elegant"",""feminine"",""polished"",""intimate"",""refined"",""convivial""]"
122de765-ff63-4d73-b103-8bf1edfa4c46,Lagana,51.5251373,-0.0822836,laganalondon,,"[""flatbread"",""skewers"",""coals"",""tempura"",""corn"",""feta"",""dips"",""pisco"",""cocktails"",""sharing""]",,"[""lunch"",""dinner""]","[""midday"",""evening""]",1,$$$,1,,london,lagana-ldn,,"[""https://www.instagram.com/laganalondon""]","{""Fri"": {""open1"": ""12:00 pm"", ""close1"": ""10:30 pm""}, ""Mon"": {""open1"": ""12:00 pm"", ""close1"": ""10:30 pm""}, ""Sat"": {""open1"": ""12:00 pm"", ""close1"": ""10:30 pm""}, ""Sun"": {""open1"": ""12:00 pm"", ""close1"": ""9:30 pm""}, ""Thu"": {""open1"": ""12:00 pm"", ""close1"": ""10:30 pm""}, ""Tue"": {""open1"": ""12:00 pm"", ""close1"": ""10:30 pm""}, ""Wed"": {""open1"": ""12:00 pm"", ""close1"": ""10:30 pm""}}","19 Willow St, London EC2A 3HU, United Kingdom","[""playful"",""convivial"",""mediterranean"",""casual"",""warm"",""mischievous""]"
c01e470e-9183-4be4-9998-83ffefd7b5a7,Lala Books,51.47342,-0.0903475,lalabooks.london,,"[""books"",""coffee"",""fiction"",""authors"",""events"",""smallpresses"",""readings"",""childrens"",""gifts"",""paperbacks""]",,"[""bookstore""]","[""midday"",""afternoon""]",1,$,1,,london,lala-books-ldn,,"[""https://www.instagram.com/lalabooks.london/""]","{""Fri"": {""open1"": ""10:00 am"", ""close1"": ""5:00 pm""}, ""Mon"": null, ""Sat"": {""open1"": ""10:00 am"", ""close1"": ""5:00 pm""}, ""Sun"": {""open1"": ""11:00 am"", ""close1"": ""5:00 pm""}, ""Thu"": {""open1"": ""10:00 am"", ""close1"": ""5:00 pm""}, ""Tue"": {""open1"": ""10:00 am"", ""close1"": ""5:00 pm""}, ""Wed"": {""open1"": ""10:00 am"", ""close1"": ""5:00 pm""}}","4a Grove Ln, London SE5 8SY, United Kingdom","[""warm"",""independent"",""charming"",""literary"",""cozy"",""thoughtful""]"
0160fa03-f64e-4bd5-957b-77f44297a349,Larry's,51.5090751,-0.1274096,daisygreencollection,,"[""cocktails"",""vinyl"",""sandwiches"",""martinis"",""oysters"",""spirits"",""dancing"",""music"",""nightlife"",""sharing plates""]",,"[""cocktail""]","[""evening"",""late""]",1,$$$,1,,london,larrys-ldn,,"[""https://www.instagram.com/daisygreencollection/""]","{""Fri"": {""open1"": ""11:00 am"", ""close1"": ""12:00 am""}, ""Mon"": {""open1"": ""11:00 am"", ""close1"": ""9:00 pm""}, ""Sat"": {""open1"": ""11:00 am"", ""close1"": ""12:00 am""}, ""Sun"": {""open1"": ""11:00 am"", ""close1"": ""5:30 pm""}, ""Thu"": {""open1"": ""11:00 am"", ""close1"": ""12:00 am""}, ""Tue"": {""open1"": ""11:00 am"", ""close1"": ""11:00 pm""}, ""Wed"": {""open1"": ""11:00 am"", ""close1"": ""12:00 am""}}","National Portrait Gallery, St. Martin's Pl, London WC2H 0HE, United Kingdom","[""nostalgic"",""intimate"",""eclectic"",""candlelit"",""playful"",""moody""]"
2b87e866-92b5-41ae-9747-f33738dc374f,LAYERS,51.5113461,-0.1375158,layerslondon,,"[""apparel"",""designers"",""avantgarde"",""womenswear"",""menswear"",""accessories"",""footwear"",""textiles"",""archive"",""tailoring""]",,"[""lifestyle""]","[""midday"",""afternoon""]",1,$$$,1,,london,layers-ldn,,"[""https://www.instagram.com/layerslondon/""]","{""Fri"": {""open1"": ""11:00 am"", ""close1"": ""7:00 pm""}, ""Mon"": {""open1"": ""11:00 am"", ""close1"": ""7:00 pm""}, ""Sat"": {""open1"": ""11:00 am"", ""close1"": ""7:00 pm""}, ""Sun"": null, ""Thu"": {""open1"": ""11:00 am"", ""close1"": ""7:00 pm""}, ""Tue"": {""open1"": ""11:00 am"", ""close1"": ""7:00 pm""}, ""Wed"": {""open1"": ""11:00 am"", ""close1"": ""7:00 pm""}}","23 Golden Square, London W1F 9JP, United Kingdom","[""serene"",""refined"",""tactile"",""curated"",""minimal"",""cerebral""]"
052db7ae-ecd9-4e88-879f-fa7a218a369f,Le cafe NAC,51.4993833,-0.1568159,lecafenac,,"[""coffee"",""breakfast"",""lunch"",""terrace"",""pastries"",""salads"",""sandwiches"",""desserts"",""cocktails"",""comfort""]",,"[""cafe"",""lunch"",""dinner""]","[""morning"",""midday"",""evening""]",1,$$$,1,,london,le-cafe-nac-ldn,,"[""https://www.instagram.com/lecafenac/?hl=en""]","{""Fri"": {""open1"": ""8:00 am"", ""close1"": ""11:00 pm""}, ""Mon"": {""open1"": ""8:00 am"", ""close1"": ""11:00 pm""}, ""Sat"": {""open1"": ""8:00 am"", ""close1"": ""11:00 pm""}, ""Sun"": {""open1"": ""8:00 am"", ""close1"": ""10:00 pm""}, ""Thu"": {""open1"": ""8:00 am"", ""close1"": ""11:00 pm""}, ""Tue"": {""open1"": ""8:00 am"", ""close1"": ""11:00 pm""}, ""Wed"": {""open1"": ""8:00 am"", ""close1"": ""11:00 pm""}}","16-17 Motcomb St, London SW1X 8LB, United Kingdom","[""polished"",""calm"",""luxurious"",""bright"",""elegant"",""relaxed""]"
32bfffab-5b92-4fc6-882b-bafa9a2f2319,Leo's Restaurant & Bar,51.5534449,-0.0449619,leos.london,,"[""italian"",""aperitivo"",""pasta"",""coffee"",""breakfast"",""brunches"",""wine"",""ravioli"",""cocktails"",""lunch""]",,"[""breakfast"",""lunch"",""dinner""]","[""morning"",""midday"",""evening""]",1,$$$,1,,london,leos-restaurant-bar-ldn,,"[""https://www.instagram.com/leos.london/?hl=en""]","{""Fri"": {""open1"": ""12:00 pm"", ""close1"": ""10:00 pm""}, ""Mon"": null, ""Sat"": {""open1"": ""9:00 am"", ""close1"": ""10:00 pm""}, ""Sun"": {""open1"": ""9:00 am"", ""close1"": ""3:00 pm""}, ""Thu"": {""open1"": ""12:00 pm"", ""close1"": ""10:00 pm""}, ""Tue"": {""open1"": ""6:00 pm"", ""close1"": ""10:00 pm""}, ""Wed"": {""open1"": ""12:00 pm"", ""close1"": ""10:00 pm""}}","59 Chatsworth Rd, Lower Clapton, London E5 0LH, United Kingdom","[""nostalgic"",""intimate"",""warm"",""stylish"",""neighborhood"",""relaxed""]"
23684162-8c3f-48f9-adb7-7aa48f1fad7f,Les 2 Garçons,51.5810718,-0.1235583,les2garconsbistro,,"[""oysters"",""steakfrites"",""martinis"",""wine"",""champagne"",""seafood"",""escargots"",""desserts"",""cocktails"",""cheeses""]",,"[""brunch"",""dinner""]","[""midday"",""evening""]",1,$$$,1,,london,les-2-garcons-ldn,,"[""https://www.instagram.com/les2garconsbistro/""]","{""Fri"": {""open1"": ""6:00 pm"", ""close1"": ""9:30 pm""}, ""Mon"": null, ""Sat"": {""open1"": ""12:30 pm"", ""open2"": ""6:00 pm"", ""close1"": ""2:00 pm"", ""close2"": ""9:30 pm""}, ""Sun"": null, ""Thu"": {""open1"": ""6:00 pm"", ""close1"": ""9:30 pm""}, ""Tue"": {""open1"": ""6:00 pm"", ""close1"": ""9:30 pm""}, ""Wed"": {""open1"": ""6:00 pm"", ""close1"": ""9:30 pm""}}","14 Middle Ln, London N8 8PL, United Kingdom","[""parisian"",""romantic"",""intimate"",""elegant"",""refined"",""nostalgic""]"
333bb223-332e-48ec-b326-ddcc6231a08c,Libreria Bookshop,51.5203763,-0.0706371,librerialondon,,"[""books"",""fiction"",""essays"",""poetry"",""readings"",""authors"",""publishing"",""journals"",""philosophy"",""gifts""]",,"[""bookstore""]","[""midday"",""afternoon""]",1,$,1,,london,libreria-bookshop-ldn,,"[""https://www.instagram.com/librerialondon/?hl=en""]","{""Fri"": {""open1"": ""10:00 am"", ""close1"": ""6:00 pm""}, ""Mon"": null, ""Sat"": {""open1"": ""10:00 am"", ""close1"": ""6:00 pm""}, ""Sun"": {""open1"": ""12:00 pm"", ""close1"": ""6:00 pm""}, ""Thu"": {""open1"": ""10:00 am"", ""close1"": ""6:00 pm""}, ""Tue"": {""open1"": ""10:00 am"", ""close1"": ""6:00 pm""}, ""Wed"": {""open1"": ""10:00 am"", ""close1"": ""6:00 pm""}}","65 Hanbury St, London E1 5JP, United Kingdom","[""immersive"",""literary"",""warm"",""designled"",""intimate"",""thoughtful""]"
fd07bba5-03f4-4cab-8d7d-f7a43525387a,Lita Marylebone,51.5208085,-0.1526925,litamarylebone,,"[""mediterranean"",""fire"",""seafood"",""wine"",""cocktails"",""produce"",""turbot"",""beef"",""vegetables"",""desserts""]",,"[""lunch"",""dinner""]","[""midday"",""evening""]",1,$$$$,1,,london,lita-marylebone-ldn,,"[""https://www.instagram.com/litamarylebone/?hl=en""]","{""Fri"": {""open1"": ""12:00 pm"", ""close1"": ""11:30 pm""}, ""Mon"": {""open1"": ""12:00 pm"", ""close1"": ""11:00 pm""}, ""Sat"": {""open1"": ""12:00 pm"", ""close1"": ""11:30 pm""}, ""Sun"": {""open1"": ""12:30 pm"", ""close1"": ""11:00 pm""}, ""Thu"": {""open1"": ""12:00 pm"", ""close1"": ""11:30 pm""}, ""Tue"": {""open1"": ""12:00 pm"", ""close1"": ""11:30 pm""}, ""Wed"": {""open1"": ""12:00 pm"", ""close1"": ""11:30 pm""}}","7-9 Paddington St, London W1U 5QH, United Kingdom","[""refined"",""elegant"",""warm"",""generous"",""polished"",""intimate""]"
487d2648-091e-471b-97b5-c9ed78a0bf6b,Little Mercies,51.5806516,-0.122198,littlemercies,,"[""cocktails"",""negronis"",""margaritas"",""oldfashioneds"",""croquettes"",""bao"",""padron"",""snacks"",""small plates"",""spirits""]",,"[""cocktail""]","[""evening"",""late""]",1,$$,1,,london,little-mercies-ldn,,"[""https://www.instagram.com/littlemercies/""]","{""Fri"": {""open1"": ""6:00 pm"", ""close1"": ""12:00 am""}, ""Mon"": null, ""Sat"": {""open1"": ""6:00 pm"", ""close1"": ""12:00 am""}, ""Sun"": null, ""Thu"": {""open1"": ""6:00 pm"", ""close1"": ""12:00 am""}, ""Tue"": {""open1"": ""6:00 pm"", ""close1"": ""12:00 am""}, ""Wed"": {""open1"": ""6:00 pm"", ""close1"": ""12:00 am""}}","20 Broadway Parade, London N8 9DE, United Kingdom","[""playful"",""casual"",""sustainable"",""intimate"",""lively"",""creative""]"
991ca46a-a24d-4874-951c-3213b3b5b037,Llama Inn London,51.5253601,-0.0836159,llamainnldn,,"[""peruvian"",""ceviche"",""anticuchos"",""pisco"",""cocktails"",""tiradito"",""seafood"",""brunches"",""music"",""sharing""]",,"[""lunch"",""dinner""]","[""midday"",""evening""]",1,$$$,1,,london,llama-inn-london-ldn,,"[""https://www.instagram.com/llamainnldn/""]","{""Fri"": {""open1"": ""12:00 pm"", ""close1"": ""12:00 am""}, ""Mon"": {""open1"": ""12:00 pm"", ""close1"": ""10:00 pm""}, ""Sat"": {""open1"": ""12:00 pm"", ""close1"": ""12:00 am""}, ""Sun"": {""open1"": ""12:00 pm"", ""close1"": ""10:00 pm""}, ""Thu"": {""open1"": ""12:00 pm"", ""close1"": ""12:00 am""}, ""Tue"": {""open1"": ""12:00 pm"", ""close1"": ""11:00 pm""}, ""Wed"": {""open1"": ""12:00 pm"", ""close1"": ""11:00 pm""}}","1 Willow St, London EC2A 4BH, United Kingdom","[""vibrant"",""tropical"",""polished"",""playful"",""energetic"",""worldly""]"
40d7a312-cc30-4f6a-a0a6-c7a1a2d47ecb,Loaf - Clerkenwell,51.5218557,-0.1122544,loaf.uk,,"[""brioche"",""sandwiches"",""fried chicken"",""steak"",""eggs"",""truffle"",""honey"",""takeaway"",""sauces"",""lunch""]",,"[""lunch""]","[""midday"",""afternoon""]",1,$,1,,london,loaf-clerkenwell-ldn,,"[""https://www.instagram.com/loaf.uk/""]","{""Fri"": {""open1"": ""10:00 am"", ""close1"": ""10:00 pm""}, ""Mon"": {""open1"": ""10:00 am"", ""close1"": ""9:00 pm""}, ""Sat"": {""open1"": ""10:00 am"", ""close1"": ""10:00 pm""}, ""Sun"": {""open1"": ""10:00 am"", ""close1"": ""8:00 pm""}, ""Thu"": {""open1"": ""10:00 am"", ""close1"": ""9:00 pm""}, ""Tue"": {""open1"": ""10:00 am"", ""close1"": ""9:00 pm""}, ""Wed"": {""open1"": ""10:00 am"", ""close1"": ""9:00 pm""}}","166-168 Clerkenwell Rd, London EC1R 5DE, United Kingdom","[""casual"",""playful"",""buzzy"",""youthful"",""indulgent"",""unfussy""]"
8a91a28b-9547-4c98-89cc-2b78f2a68ca7,Lolo by José Pizarro,51.5006819,-0.0819438,lolobyjosepizarro,,"[""spanish"",""tapas"",""jamon"",""anchovies"",""eggs"",""seafood"",""sherry"",""croquettes"",""small plates"",""breakfast""]",,"[""breakfast"",""lunch"",""dinner""]","[""morning"",""midday"",""evening""]",1,$$$,1,,london,lolo-by-jose-pizarro-ldn,,"[""https://www.instagram.com/lolobyjosepizarro/""]","{""Fri"": {""open1"": ""11:30 am"", ""close1"": ""11:00 pm""}, ""Mon"": {""open1"": ""11:30 am"", ""close1"": ""10:00 pm""}, ""Sat"": {""open1"": ""9:00 am"", ""close1"": ""11:00 pm""}, ""Sun"": {""open1"": ""9:00 am"", ""close1"": ""5:00 pm""}, ""Thu"": {""open1"": ""11:30 am"", ""close1"": ""10:00 pm""}, ""Tue"": {""open1"": ""11:30 am"", ""close1"": ""10:00 pm""}, ""Wed"": {""open1"": ""11:30 am"", ""close1"": ""10:00 pm""}}","102 Bermondsey St, London SE1 3UB, United Kingdom","[""lively"",""convivial"",""warm"",""playful"",""stylish"",""relaxed""]"
4ad0ea5a-8deb-4ae4-8162-72d7fe63ab25,London Review Bookshop,51.5185113,-0.124256,lrbbookshop,,"[""books"",""essays"",""fiction"",""poetry"",""magazines"",""events"",""authors"",""criticism"",""publishing"",""gifts""]",,"[""bookstore""]","[""midday"",""afternoon""]",1,$,1,,london,london-review-bookshop-ldn,,"[""https://www.instagram.com/lrbbookshop/?hl=en""]","{""Fri"": {""open1"": ""10:00 am"", ""close1"": ""6:30 pm""}, ""Mon"": {""open1"": ""10:00 am"", ""close1"": ""6:30 pm""}, ""Sat"": {""open1"": ""10:00 am"", ""close1"": ""6:30 pm""}, ""Sun"": {""open1"": ""12:00 pm"", ""close1"": ""6:00 pm""}, ""Thu"": {""open1"": ""10:00 am"", ""close1"": ""6:30 pm""}, ""Tue"": {""open1"": ""10:00 am"", ""close1"": ""6:30 pm""}, ""Wed"": {""open1"": ""10:00 am"", ""close1"": ""6:30 pm""}}","14-16 Bury Pl, London WC1A 2JL, United Kingdom","[""intellectual"",""literary"",""calm"",""independent"",""thoughtful"",""refined""]"
db49001b-0fad-4ebf-84ee-eda69699c868,Look Left by YUGU | Cafe & Wine bar,51.5394066,-0.0577963,lookleftbyyugu,,"[""matcha"",""espresso"",""brunches"",""naturalwine"",""bottles"",""pastries"",""lattes"",""sandwiches"",""shopping"",""pours""]",,"[""cafe"",""wine bar""]","[""midday"",""evening""]",1,$,1,,london,look-left-by-yugu-cafe-wine-bar-ldn,,"[""https://www.instagram.com/lookleftbyyugu/?hl=en""]","{""Fri"": {""open1"": ""10:00 am"", ""close1"": ""10:30 pm""}, ""Mon"": {""open1"": ""10:00 am"", ""close1"": ""6:00 pm""}, ""Sat"": {""open1"": ""10:00 am"", ""close1"": ""10:30 pm""}, ""Sun"": {""open1"": ""10:00 am"", ""close1"": ""6:00 pm""}, ""Thu"": {""open1"": ""10:00 am"", ""close1"": ""6:00 pm""}, ""Tue"": {""open1"": ""10:00 am"", ""close1"": ""6:00 pm""}, ""Wed"": {""open1"": ""10:00 am"", ""close1"": ""6:00 pm""}}","1D Mentmore Terrace, London E8 3DQ, United Kingdom","[""stylish"",""relaxed"",""creative"",""social"",""compact"",""contemporary""]"
847f038b-9ade-4f21-80d8-d92c74ed47e4,LOUNGE BOHEMIA - by appointment,51.522844,-0.078126,loungebohemia,,"[""cocktails"",""modernist"",""molecular"",""techniques"",""experiments"",""beers"",""senses"",""classics"",""twists"",""appointments""]",,"[""cocktail""]","[""evening"",""late""]",1,$$$,1,,london,lounge-bohemia-by-appointment-ldn,,"[""https://www.instagram.com/loungebohemia/?hl=en""]","{""Fri"": {""open1"": ""6:00 pm"", ""close1"": ""12:00 am""}, ""Mon"": {""open1"": ""6:00 pm"", ""close1"": ""12:00 am""}, ""Sat"": {""open1"": ""6:00 pm"", ""close1"": ""12:00 am""}, ""Sun"": {""open1"": ""6:00 pm"", ""close1"": ""11:00 pm""}, ""Thu"": {""open1"": ""6:00 pm"", ""close1"": ""12:00 am""}, ""Tue"": {""open1"": ""6:00 pm"", ""close1"": ""12:00 am""}, ""Wed"": {""open1"": ""6:00 pm"", ""close1"": ""12:00 am""}}","1e Great Eastern St, London EC2A 3EJ, United Kingdom","[""surreal"",""subterranean"",""eccentric"",""theatrical"",""retro"",""clandestine""]"
631e26bd-676e-4d43-9615-c56f05402d1c,Mad Cats,51.5248499,-0.0724119,madcats.ldn,,"[""cocktails"",""dinner"",""sharing"",""music"",""parties"",""spirits"",""snacks"",""dancing"",""late"",""groups""]",,"[""dinner"",""cocktail""]","[""evening"",""late""]",1,$$$,1,,london,mad-cats-ldn,,"[""https://www.instagram.com/madcats.ldn/""]","{""Fri"": {""open1"": ""5:00 pm"", ""close1"": ""2:30 am""}, ""Mon"": null, ""Sat"": {""open1"": ""5:00 pm"", ""close1"": ""2:30 am""}, ""Sun"": {""open1"": ""1:00 pm"", ""close1"": ""7:30 pm""}, ""Thu"": {""open1"": ""5:00 pm"", ""close1"": ""1:30 am""}, ""Tue"": {""open1"": ""5:00 pm"", ""close1"": ""12:00 am""}, ""Wed"": {""open1"": ""5:00 pm"", ""close1"": ""12:00 am""}}","107 Redchurch St, London E2 7DL, United Kingdom","[""playful"",""bold"",""quirky"",""lively"",""colourful"",""irreverent""]"
a7ca475b-34a6-4d85-8a0d-2b567786ccdd,magCulture,51.5265879,-0.1036246,magCulture,,"[""magazines"",""journals"",""design"",""publishing"",""launches"",""podcasts"",""events"",""zines"",""print"",""books""]",,"[""bookstore""]","[""midday"",""afternoon""]",1,$,1,,london,magculture-ldn,,"[""https://www.instagram.com/magCulture/""]","{""Fri"": {""open1"": ""11:00 am"", ""close1"": ""6:00 pm""}, ""Mon"": {""open1"": ""11:00 am"", ""close1"": ""6:00 pm""}, ""Sat"": {""open1"": ""11:00 am"", ""close1"": ""6:00 pm""}, ""Sun"": null, ""Thu"": {""open1"": ""11:00 am"", ""close1"": ""6:00 pm""}, ""Tue"": {""open1"": ""11:00 am"", ""close1"": ""6:00 pm""}, ""Wed"": {""open1"": ""11:00 am"", ""close1"": ""6:00 pm""}}","270 St John St, London EC1V 4PE, United Kingdom","[""graphic"",""independent"",""creative"",""niche"",""editorial"",""contemporary""]"
1098d331-7672-4531-ad79-59e76fdb905e,Marcus Campbell Art Books,51.5077163,-0.1019085,marcuscampbellartbooks,,"[""antiquarian"",""manuscripts"",""firsteditions"",""maps"",""bindings"",""archives"",""collectors"",""literature"",""catalogues"",""history""]",,"[""bookstore""]","[""midday"",""afternoon""]",1,$,1,,london,marcus-campbell-art-books-ldn,,"[""https://www.instagram.com/marcuscampbellartbooks/""]","{""Fri"": {""open1"": ""12:00 pm"", ""close1"": ""4:00 pm""}, ""Mon"": {""open1"": ""12:00 pm"", ""close1"": ""4:00 pm""}, ""Sat"": {""open1"": ""12:00 pm"", ""close1"": ""4:00 pm""}, ""Sun"": {""open1"": ""12:00 pm"", ""close1"": ""4:00 pm""}, ""Thu"": {""open1"": ""12:00 pm"", ""close1"": ""4:00 pm""}, ""Tue"": {""open1"": ""12:00 pm"", ""close1"": ""4:00 pm""}, ""Wed"": {""open1"": ""12:00 pm"", ""close1"": ""4:00 pm""}}","43 Holland St, London SE1 9JR, United Kingdom","[""rarefied"",""scholarly"",""traditional"",""quiet"",""meticulous"",""intellectual""]"
e985b692-e862-4bda-a72e-6e4164e5e613,Marjorie's,51.5137271,-0.139124,marjories.london,,"[""french"",""crab"",""bisque"",""courgette"",""roe"",""wines"",""seasonal"",""seafood"",""lunch"",""dinner""]",,"[""lunch"",""dinner""]","[""midday"",""evening""]",1,$$$,1,,london,marjories-ldn,,"[""https://www.instagram.com/marjories.london/?hl=en""]","{""Fri"": {""open1"": ""12:00 pm"", ""close1"": ""12:00 am""}, ""Mon"": {""open1"": ""12:00 pm"", ""close1"": ""11:30 pm""}, ""Sat"": {""open1"": ""12:00 pm"", ""close1"": ""12:00 am""}, ""Sun"": {""open1"": ""12:00 pm"", ""close1"": ""10:00 pm""}, ""Thu"": {""open1"": ""12:00 pm"", ""close1"": ""11:30 pm""}, ""Tue"": {""open1"": ""12:00 pm"", ""close1"": ""11:30 pm""}, ""Wed"": {""open1"": ""12:00 pm"", ""close1"": ""11:30 pm""}}","26 Foubert's Pl, Carnaby, London W1F 7PP, United Kingdom","[""parisian"",""chic"",""intimate"",""polished"",""romantic"",""spirited""]"
7dc0d5ca-b610-400d-a995-10279cd52081,Mercato Mayfair,51.5131568,-0.1528891,mercatometropolitano,,"[""traders"",""pizza"",""pasta"",""cocktails"",""sustainable"",""produce"",""terrace"",""crypt"",""seating"",""cuisines""]",,"[""food court""]","[""midday"",""afternoon""]",1,$,1,,london,mercato-mayfair-ldn,,"[""https://www.instagram.com/mercatometropolitano/?hl=en""]","{""Fri"": {""open1"": ""8:30 am"", ""close1"": ""12:00 am""}, ""Mon"": {""open1"": ""9:00 am"", ""close1"": ""11:00 pm""}, ""Sat"": {""open1"": ""8:30 am"", ""close1"": ""12:00 am""}, ""Sun"": {""open1"": ""8:30 am"", ""close1"": ""10:30 pm""}, ""Thu"": {""open1"": ""8:30 am"", ""close1"": ""11:00 pm""}, ""Tue"": {""open1"": ""9:00 am"", ""close1"": ""11:00 pm""}, ""Wed"": {""open1"": ""8:30 am"", ""close1"": ""11:00 pm""}}","St. Mark's Church, 13A N Audley St, London W1K 6ZA, United Kingdom","[""grand"",""sacred"",""vibrant"",""communal"",""ornate"",""bustling""]"
20187c8e-2802-4028-a535-b5de35a2b73b,MG&Co.,51.4911251,-0.1529122,mgandco,,"[""cocktails"",""wine"",""boutiques"",""dining"",""independents"",""terrace"",""shopping"",""lunch"",""dinner"",""belgravia""]",,"[""lifestyle""]","[""midday"",""afternoon""]",1,$$,1,,london,mg-co-ldn,,"[""https://www.instagram.com/mgandco/""]","{""Fri"": {""open1"": ""9:30 am"", ""close1"": ""6:00 pm""}, ""Mon"": {""open1"": ""9:30 am"", ""close1"": ""6:00 pm""}, ""Sat"": {""open1"": ""10:00 am"", ""close1"": ""5:00 pm""}, ""Sun"": null, ""Thu"": {""open1"": ""9:30 am"", ""close1"": ""6:00 pm""}, ""Tue"": {""open1"": ""9:30 am"", ""close1"": ""6:00 pm""}, ""Wed"": {""open1"": ""9:30 am"", ""close1"": ""6:00 pm""}}","194 Ebury St, London SW1W 8UP, United Kingdom","[""polished"",""elegant"",""buzzy"",""refined"",""urban"",""composed""]"
d4924884-9d92-4c53-9961-e985c5ee7400,MiMi Mei Fair,51.5143745,-0.1384772,mikomeifair,,"[""chinese"",""dimsum"",""duck"",""noodles"",""dumplings"",""seafood"",""cocktails"",""wagyu"",""feasting"",""tea""]",,"[""lunch"",""dinner""]","[""midday"",""evening""]",1,$$$$,1,,london,mimi-mei-fair-ldn,,"[""https://www.instagram.com/mikomeifair/""]","{""Fri"": {""open1"": ""12:00 pm"", ""open2"": ""5:30 pm"", ""close1"": ""2:30 pm"", ""close2"": ""10:30 pm""}, ""Mon"": {""open1"": ""12:00 pm"", ""open2"": ""5:30 pm"", ""close1"": ""2:30 pm"", ""close2"": ""10:30 pm""}, ""Sat"": {""open1"": ""12:00 pm"", ""open2"": ""5:30 pm"", ""close1"": ""2:30 pm"", ""close2"": ""10:30 pm""}, ""Sun"": {""open1"": ""12:00 pm"", ""open2"": ""5:30 pm"", ""close1"": ""3:00 pm"", ""close2"": ""10:30 pm""}, ""Thu"": {""open1"": ""12:00 pm"", ""open2"": ""5:30 pm"", ""close1"": ""2:30 pm"", ""close2"": ""10:30 pm""}, ""Tue"": {""open1"": ""12:00 pm"", ""open2"": ""5:30 pm"", ""close1"": ""2:30 pm"", ""close2"": ""10:30 pm""}, ""Wed"": {""open1"": ""12:00 pm"", ""open2"": ""5:30 pm"", ""close1"": ""2:30 pm"", ""close2"": ""10:30 pm""}}","55 Curzon St, London W1J 8PG, United Kingdom","[""ornate"",""luxurious"",""cinematic"",""refined"",""glamorous"",""opulent""]"
610d680a-6aaa-477e-a058-0e29387d63f5,Mission,51.5184753,-0.0736991,mission.e1,,"[""yoga"",""strength"",""calisthenics"",""boxing"",""capoeira"",""movement"",""classes"",""workshops"",""treatments"",""breathwork""]",,"[""fitness""]","[""morning"",""midday""]",1,$,1,,london,mission-ldn,,"[""https://www.instagram.com/mission.e1""]","{""Fri"": {""open1"": ""6:15 am"", ""close1"": ""9:00 pm""}, ""Mon"": {""open1"": ""6:15 am"", ""close1"": ""9:00 pm""}, ""Sat"": {""open1"": ""8:30 am"", ""close1"": ""7:30 pm""}, ""Sun"": {""open1"": ""8:30 am"", ""close1"": ""7:30 pm""}, ""Thu"": {""open1"": ""6:15 am"", ""close1"": ""9:00 pm""}, ""Tue"": {""open1"": ""6:15 am"", ""close1"": ""9:00 pm""}, ""Wed"": {""open1"": ""6:00 am"", ""close1"": ""9:00 pm""}}","7-9 Fashion St, London E1 6PX, United Kingdom","[""disciplined"",""grounded"",""focused"",""powerful"",""minimalist"",""restorative""]"
5a6133a1-0dc0-4f80-854d-88712024d9f2,MOI Restaurant,51.5133319,-0.133661,moi.soho,,"[""japanese"",""sushi"",""sashimi"",""nigiri"",""skewers"",""fire"",""seafood"",""handrolls"",""grill"",""produce""]",,"[""lunch"",""dinner""]","[""midday"",""evening""]",1,$$$$,1,,london,moi-restaurant-ldn,,"[""https://www.instagram.com/moi.soho/?hl=en""]","{""Fri"": {""open1"": ""12:00 pm"", ""open2"": ""5:30 pm"", ""close1"": ""2:30 pm"", ""close2"": ""10:00 pm""}, ""Mon"": null, ""Sat"": {""open1"": ""12:00 pm"", ""open2"": ""5:30 pm"", ""close1"": ""2:30 pm"", ""close2"": ""10:00 pm""}, ""Sun"": {""open1"": ""12:00 pm"", ""open2"": ""5:30 pm"", ""close1"": ""3:00 pm"", ""close2"": ""9:00 pm""}, ""Thu"": {""open1"": ""12:00 pm"", ""open2"": ""5:30 pm"", ""close1"": ""2:30 pm"", ""close2"": ""10:00 pm""}, ""Tue"": {""open1"": ""5:30 pm"", ""close1"": ""10:00 pm""}, ""Wed"": {""open1"": ""12:00 pm"", ""open2"": ""5:30 pm"", ""close1"": ""2:30 pm"", ""close2"": ""10:00 pm""}}","84 Wardour St, London W1F 0TQ, United Kingdom","[""sleek"",""refined"",""smoky"",""understated"",""contemporary"",""polished""]"
1464a0e2-68c6-41d8-a840-e5f77f6851cc,moko made cafe,51.5336891,-0.0773195,mokomadecafe,,"[""coffee"",""matcha"",""tea"",""cakes"",""japanese"",""onigiri"",""treats"",""lunch"",""bakes"",""ceramics""]",,"[""cafe""]","[""morning"",""midday""]",1,$,1,,london,moko-made-cafe-ldn,,"[""https://www.instagram.com/mokomadecafe/?hl=en""]","{""Fri"": {""open1"": ""10:00 am"", ""close1"": ""5:00 pm""}, ""Mon"": null, ""Sat"": {""open1"": ""10:00 am"", ""close1"": ""5:00 pm""}, ""Sun"": {""open1"": ""10:00 am"", ""close1"": ""5:00 pm""}, ""Thu"": {""open1"": ""10:00 am"", ""close1"": ""5:00 pm""}, ""Tue"": {""open1"": ""10:00 am"", ""close1"": ""5:00 pm""}, ""Wed"": {""open1"": ""10:00 am"", ""close1"": ""5:00 pm""}}","211 Kingsland Rd, London E2 8AN, United Kingdom","[""cozy"",""gentle"",""arty"",""warm"",""playful"",""homely""]"
fe461cf4-6d13-4f96-923b-142642cc1cef,Monmouth Coffee Company,51.5055334,-0.0914069,monmouthcoffee,,"[""espresso"",""beans"",""filters"",""roasting"",""lattes"",""brewing"",""wholesale"",""subscriptions"",""grinders"",""cups""]",,"[""coffee""]","[""morning"",""midday""]",1,$,1,,london,monmouth-coffee-company-ldn,,"[""https://www.instagram.com/monmouthcoffee""]","{""Fri"": {""open1"": ""7:30 am"", ""close1"": ""6:00 pm""}, ""Mon"": {""open1"": ""7:30 am"", ""close1"": ""6:00 pm""}, ""Sat"": {""open1"": ""7:30 am"", ""close1"": ""6:00 pm""}, ""Sun"": null, ""Thu"": {""open1"": ""7:30 am"", ""close1"": ""6:00 pm""}, ""Tue"": {""open1"": ""7:30 am"", ""close1"": ""6:00 pm""}, ""Wed"": {""open1"": ""7:30 am"", ""close1"": ""6:00 pm""}}","2 Park St, London SE1 9AB, United Kingdom","[""focused"",""expert"",""aromatic"",""unfussy"",""compact"",""classic""]"
924a98b2-dcac-4d2e-8a64-988c4f3aa66d,Mountain Beak Street,51.5120181,-0.1382302,Mountain.Restaurant,,"[""oysters"",""sobrassada"",""sardines"",""bottarga"",""scallops"",""beef"",""cheese"",""wine"",""grilling"",""seafood""]",,"[""lunch"",""dinner""]","[""midday"",""evening""]",1,$$$$,1,,london,mountain-beak-street-ldn,,"[""https://www.instagram.com/Mountain.Restaurant/""]","{""Fri"": {""open1"": ""12:00 pm"", ""close1"": ""10:30 pm""}, ""Mon"": {""open1"": ""12:00 pm"", ""close1"": ""10:30 pm""}, ""Sat"": {""open1"": ""12:00 pm"", ""close1"": ""10:30 pm""}, ""Sun"": {""open1"": ""12:00 pm"", ""close1"": ""9:30 pm""}, ""Thu"": {""open1"": ""12:00 pm"", ""close1"": ""10:30 pm""}, ""Tue"": {""open1"": ""12:00 pm"", ""close1"": ""10:30 pm""}, ""Wed"": {""open1"": ""12:00 pm"", ""close1"": ""10:30 pm""}}","16-18 Beak St, London W1F 9RD, United Kingdom","[""smoky"",""rustic"",""vibrant"",""intimate"",""earthy"",""convivial""]"
bc433e8e-8485-4d05-84a0-31cf32fa8faa,Nagare Coffee,51.5189455,-0.0769362,nagarecoffee,,"[""espresso"",""matcha"",""pourovers"",""beans"",""pastries"",""lattes"",""filters"",""brewing"",""cups"",""takeaway""]",,"[""coffee""]","[""morning"",""midday""]",1,$,1,,london,nagare-coffee-ldn,,"[""https://www.instagram.com/nagarecoffee/""]","{""Fri"": {""open1"": ""8:00 am"", ""close1"": ""4:30 pm""}, ""Mon"": {""open1"": ""8:00 am"", ""close1"": ""4:30 pm""}, ""Sat"": {""open1"": ""9:00 am"", ""close1"": ""5:00 pm""}, ""Sun"": {""open1"": ""9:00 am"", ""close1"": ""5:00 pm""}, ""Thu"": {""open1"": ""8:00 am"", ""close1"": ""4:30 pm""}, ""Tue"": {""open1"": ""8:00 am"", ""close1"": ""4:30 pm""}, ""Wed"": {""open1"": ""8:00 am"", ""close1"": ""4:30 pm""}}","Ground Floor, 40 Brushfield St, London E1 6AG, United Kingdom","[""minimal"",""calm"",""japanese"",""refined"",""hidden"",""tranquil""]"
3023760a-0675-48df-a638-c43b8d3b5c1f,Naked & Famous Bar,51.5133343,-0.2025966,nakedandfamousbar,,"[""tequila"",""mezcal"",""agave"",""cocktails"",""shots"",""champagne"",""margaritas"",""dancing"",""spirits"",""music""]",,"[""cocktail""]","[""evening"",""late""]",1,$$$,1,,london,naked-famous-bar-ldn,,"[""https://www.instagram.com/nakedandfamousbar/""]","{""Fri"": {""open1"": ""6:00 pm"", ""close1"": ""1:00 am""}, ""Mon"": null, ""Sat"": {""open1"": ""6:00 pm"", ""close1"": ""1:00 am""}, ""Sun"": {""open1"": ""6:00 pm"", ""close1"": ""11:00 pm""}, ""Thu"": {""open1"": ""6:00 pm"", ""close1"": ""12:00 am""}, ""Tue"": null, ""Wed"": {""open1"": ""6:00 pm"", ""close1"": ""12:00 am""}}","100 Portobello Rd, London W11 2QD, United Kingdom","[""retro"",""playful"",""loud"",""intimate"",""velvet"",""spirited""]"
c9400982-9cd2-4668-8d01-3b20f3a8c805,National Portrait Gallery,51.5094236,-0.1281216,nationalportraitgallery,,"[""portraits"",""exhibitions"",""photography"",""paintings"",""collections"",""talks"",""workshops"",""screenings"",""tours"",""archives""]",,"[""museum""]","[""midday"",""afternoon""]",1,$,1,,london,national-portrait-gallery-ldn,,"[""https://www.instagram.com/nationalportraitgallery/""]","{""Fri"": {""open1"": ""10:30 am"", ""close1"": ""9:00 pm""}, ""Mon"": {""open1"": ""10:30 am"", ""close1"": ""6:00 pm""}, ""Sat"": {""open1"": ""10:30 am"", ""close1"": ""9:00 pm""}, ""Sun"": {""open1"": ""10:30 am"", ""close1"": ""6:00 pm""}, ""Thu"": {""open1"": ""10:30 am"", ""close1"": ""6:00 pm""}, ""Tue"": {""open1"": ""10:30 am"", ""close1"": ""6:00 pm""}, ""Wed"": {""open1"": ""10:30 am"", ""close1"": ""6:00 pm""}}","St. Martin's Pl, London WC2H 0HE, United Kingdom","[""grand"",""contemplative"",""historic"",""refined"",""civic"",""expansive""]"
8fa66a29-2bd1-4497-b689-b5823afca164,New Forms,51.4881687,-0.168019,_newforms_,,"[""vinyl"",""hifi"",""cocktails"",""coffee"",""records"",""djs"",""listening"",""pastries"",""spirits"",""music""]",,"[""cocktail""]","[""afternoon"",""evening"",""late""]",1,$$,1,,london,new-forms-ldn,,"[""https://www.instagram.com/_newforms_/""]","{""Fri"": {""open1"": ""9:00 am"", ""close1"": ""1:00 am""}, ""Mon"": null, ""Sat"": {""open1"": ""9:00 am"", ""close1"": ""1:00 am""}, ""Sun"": {""open1"": ""9:00 am"", ""close1"": ""10:30 pm""}, ""Thu"": {""open1"": ""9:00 am"", ""close1"": ""12:00 am""}, ""Tue"": {""open1"": ""9:00 am"", ""close1"": ""11:00 pm""}, ""Wed"": {""open1"": ""9:00 am"", ""close1"": ""11:00 pm""}}","9 Chelsea Manor St, London SW3 3TW, United Kingdom","[""sonic"",""relaxed"",""minimal"",""creative"",""warm"",""analog""]"
1f146776-24bf-4cb2-baba-f9deb3382bd3,Next Door Records (record shop),51.5064189,-0.2315084,nextdoorrecords_,,"[""vinyl"",""records"",""coffee"",""pastries"",""cocktails"",""wine"",""djs"",""listening"",""music"",""events""]",,"[""lifestyle""]","[""midday"",""afternoon""]",1,$,1,,london,next-door-records-record-shop-ldn,,"[""https://www.instagram.com/nextdoorrecords_/?hl=en""]","{""Fri"": {""open1"": ""8:00 am"", ""close1"": ""1:00 am""}, ""Mon"": null, ""Sat"": {""open1"": ""10:00 am"", ""close1"": ""1:00 am""}, ""Sun"": {""open1"": ""10:00 am"", ""close1"": ""11:00 pm""}, ""Thu"": {""open1"": ""8:00 am"", ""close1"": ""12:00 am""}, ""Tue"": {""open1"": ""8:30 am"", ""close1"": ""11:00 pm""}, ""Wed"": {""open1"": ""8:30 am"", ""close1"": ""11:00 pm""}}","304 Uxbridge Rd, London W12 7LJ, United Kingdom","[""analog"",""relaxed"",""soulful"",""communal"",""eclectic"",""intimate""]"
5035c5fe-ae53-4b4d-990d-e38e7cd2cbe2,Next Door Records Two (record shop),51.5565982,-0.0743152,nextdoorrecords_,,"[""records"",""vinyl"",""coffee"",""pastries"",""natural wine"",""cocktails"",""snacks"",""events"",""djs"",""bottles""]",,"[""lifestyle"",""cafe"",""cocktail""]","[""midday"",""evening"",""late""]",1,$$,1,,london,next-door-records-two-record-shop-ldn,,"[""https://www.instagram.com/nextdoorrecords_/?hl=en""]","{""Fri"": {""open1"": ""9:00 am"", ""close1"": ""1:00 am""}, ""Mon"": null, ""Sat"": {""open1"": ""10:00 am"", ""close1"": ""1:00 am""}, ""Sun"": {""open1"": ""10:00 am"", ""close1"": ""11:00 pm""}, ""Thu"": {""open1"": ""9:00 am"", ""close1"": ""12:00 am""}, ""Tue"": {""open1"": ""12:00 pm"", ""close1"": ""11:00 pm""}, ""Wed"": {""open1"": ""9:00 am"", ""close1"": ""11:00 pm""}}","182 Stoke Newington Rd, London N16 7UY, United Kingdom","[""analog"",""communal"",""creative"",""relaxed"",""energetic"",""eclectic""]"
49e5c0f8-5493-4f47-8a6e-cb0f717c246a,Nightjar,51.5265246,-0.0877366,nightjar,,"[""cocktails"",""jazz"",""blues"",""spirits"",""martinis"",""mixology"",""whisky"",""aperitifs"",""performances"",""music""]",,"[""cocktail""]","[""evening"",""late""]",1,$$$,1,,london,nightjar-ldn,,"[""https://www.instagram.com/nightjar/?hl=en""]","{""Fri"": {""open1"": ""6:00 pm"", ""close1"": ""3:00 am""}, ""Mon"": {""open1"": ""6:00 pm"", ""close1"": ""1:00 am""}, ""Sat"": {""open1"": ""6:00 pm"", ""close1"": ""3:00 am""}, ""Sun"": {""open1"": ""6:00 pm"", ""close1"": ""1:00 am""}, ""Thu"": {""open1"": ""6:00 pm"", ""close1"": ""3:00 am""}, ""Tue"": {""open1"": ""6:00 pm"", ""close1"": ""1:00 am""}, ""Wed"": {""open1"": ""6:00 pm"", ""close1"": ""1:00 am""}}","129 City Rd, London EC1V 1JB, United Kingdom","[""cinematic"",""clandestine"",""sultry"",""polished"",""nostalgic"",""theatrical""]"
1b0ee5cb-227b-4d33-8d42-0e3bb066056d,NIJŪ,51.5089928,-0.1438217,nijulondon,,"[""espresso"",""matcha"",""beans"",""pourovers"",""pastries"",""lattes"",""filters"",""roasting"",""teas"",""brewing""]",,"[""lunch"",""dinner""]","[""midday"",""evening""]",1,$$$$,1,,london,niju-ldn,,"[""https://www.instagram.com/nijulondon/""]","{""Fri"": {""open1"": ""12:00 pm"", ""open2"": ""5:30 pm"", ""close1"": ""2:30 pm"", ""close2"": ""1:00 am""}, ""Mon"": {""open1"": ""12:00 pm"", ""open2"": ""5:30 pm"", ""close1"": ""2:30 pm"", ""close2"": ""12:00 am""}, ""Sat"": {""open1"": ""12:00 pm"", ""close1"": ""1:00 am""}, ""Sun"": {""open1"": ""5:00 pm"", ""close1"": ""12:00 am""}, ""Thu"": {""open1"": ""12:00 pm"", ""open2"": ""5:30 pm"", ""close1"": ""2:30 pm"", ""close2"": ""1:00 am""}, ""Tue"": {""open1"": ""12:00 pm"", ""open2"": ""5:30 pm"", ""close1"": ""2:30 pm"", ""close2"": ""12:00 am""}, ""Wed"": {""open1"": ""12:00 pm"", ""open2"": ""5:30 pm"", ""close1"": ""2:30 pm"", ""close2"": ""12:00 am""}}","20 Berkeley St, London W1J 8EE, United Kingdom","[""calm"",""minimalist"",""refined"",""serene"",""understated"",""focused""]"
17e5f639-910f-4dbc-a2f7-ffbc3709f77c,Nina,51.5171482,-0.1515263,ninamarylebone,,"[""italian"",""focaccia"",""parmesan"",""arancini"",""burratina"",""truffle"",""sharing"",""pasta"",""cocktails"",""desserts""]",,"[""lunch"",""dinner""]","[""midday"",""evening""]",1,$$$,1,,london,nina-ldn,,"[""https://www.instagram.com/ninamarylebone/?hl=en""]","{""Fri"": {""open1"": ""12:00 pm"", ""open2"": ""6:00 pm"", ""close1"": ""3:30 pm"", ""close2"": ""10:30 pm""}, ""Mon"": {""open1"": ""12:00 pm"", ""open2"": ""6:00 pm"", ""close1"": ""3:30 pm"", ""close2"": ""10:30 pm""}, ""Sat"": {""open1"": ""12:00 pm"", ""open2"": ""6:00 pm"", ""close1"": ""3:30 pm"", ""close2"": ""10:30 pm""}, ""Sun"": {""open1"": ""12:00 pm"", ""open2"": ""6:00 pm"", ""close1"": ""3:30 pm"", ""close2"": ""9:30 pm""}, ""Thu"": {""open1"": ""12:00 pm"", ""open2"": ""6:00 pm"", ""close1"": ""3:30 pm"", ""close2"": ""10:30 pm""}, ""Tue"": {""open1"": ""12:00 pm"", ""open2"": ""6:00 pm"", ""close1"": ""3:30 pm"", ""close2"": ""10:30 pm""}, ""Wed"": {""open1"": ""12:00 pm"", ""open2"": ""6:00 pm"", ""close1"": ""3:30 pm"", ""close2"": ""10:30 pm""}}","18 Thayer St, London W1U 3JY, United Kingdom","[""sunny"",""stylish"",""playful"",""polished"",""convivial"",""modern""]"
7010cbb8-5729-49d5-8535-8e190309a425,Nine Lives Bar,51.5034111,-0.0820472,ninelivesbar,,"[""cocktails"",""tequila"",""mezcal"",""rum"",""tacos"",""dancing"",""djs"",""spirits"",""nightlife"",""agave""]",,"[""cocktail""]","[""evening"",""late""]",1,$$,1,,london,nine-lives-bar-ldn,,"[""https://www.instagram.com/ninelivesbar/?hl=en""]","{""Fri"": {""open1"": ""5:00 pm"", ""close1"": ""12:00 am""}, ""Mon"": null, ""Sat"": {""open1"": ""3:00 pm"", ""close1"": ""12:00 am""}, ""Sun"": null, ""Thu"": {""open1"": ""5:00 pm"", ""close1"": ""12:00 am""}, ""Tue"": {""open1"": ""5:00 pm"", ""close1"": ""10:00 pm""}, ""Wed"": {""open1"": ""5:00 pm"", ""close1"": ""11:00 pm""}}","8 Holyrood St, London SE1 2EL, United Kingdom","[""tropical"",""sultry"",""vibrant"",""energetic"",""playful"",""nocturnal""]"
e144e856-29f1-410d-b054-55c6dde0c097,Nipperkin,51.5089928,-0.1438217,nipperkinlondon,,"[""cocktails"",""martinis"",""whisky"",""spirits"",""champagne"",""mixology"",""vermouth"",""aperitifs"",""highballs"",""bitters""]",,"[""cocktail""]","[""evening"",""late""]",1,$$$,1,,london,nipperkin-ldn,,"[""https://www.instagram.com/nipperkinlondon/""]","{""Fri"": {""open1"": ""5:00 pm"", ""close1"": ""12:00 am""}, ""Mon"": null, ""Sat"": {""open1"": ""5:00 pm"", ""close1"": ""12:00 am""}, ""Sun"": null, ""Thu"": {""open1"": ""5:00 pm"", ""close1"": ""12:00 am""}, ""Tue"": null, ""Wed"": null}","20 Berkeley St, London W1J 8EE, United Kingdom","[""moody"",""intimate"",""refined"",""cinematic"",""sophisticated"",""sultry""]"
26718a50-e549-426b-914b-ff9fae567d29,Noble Rot Soho,51.51488,-0.1311741,noblerotsoho,,"[""wine"",""oysters"",""sardines"",""bottarga"",""pate"",""crab"",""dover"",""lamb"",""olives"",""choux""]",,"[""lunch"",""dinner""]","[""midday"",""evening""]",1,$$$,1,,london,noble-rot-soho-ldn,,"[""https://www.instagram.com/noblerotsoho/?hl=en""]","{""Fri"": {""open1"": ""12:00 pm"", ""open2"": ""5:00 pm"", ""close1"": ""2:30 pm"", ""close2"": ""11:30 pm""}, ""Mon"": {""open1"": ""12:00 pm"", ""open2"": ""5:00 pm"", ""close1"": ""2:30 pm"", ""close2"": ""11:30 pm""}, ""Sat"": {""open1"": ""12:00 pm"", ""open2"": ""5:00 pm"", ""close1"": ""2:30 pm"", ""close2"": ""11:30 pm""}, ""Sun"": null, ""Thu"": {""open1"": ""12:00 pm"", ""open2"": ""5:00 pm"", ""close1"": ""2:30 pm"", ""close2"": ""11:30 pm""}, ""Tue"": {""open1"": ""12:00 pm"", ""open2"": ""5:00 pm"", ""close1"": ""2:30 pm"", ""close2"": ""11:30 pm""}, ""Wed"": {""open1"": ""12:00 pm"", ""open2"": ""5:00 pm"", ""close1"": ""2:30 pm"", ""close2"": ""11:30 pm""}}","2 Greek St, London W1D 4NB, United Kingdom","[""intellectual"",""candlelit"",""refined"",""nostalgic"",""convivial"",""indulgent""]"
a681bf30-7b89-4b6a-ae1d-c6e4d34092ad,Noisy Oyster seafood bistro,51.5219485,-0.0772918,noisyoyster.london,,"[""oysters"",""martinis"",""seafood"",""shellfish"",""champagne"",""cocktails"",""crab"",""prawns"",""ceviche"",""brunches""]",,"[""brunch"",""lunch"",""dinner""]","[""midday"",""evening""]",1,$$$,1,,london,noisy-oyster-seafood-bistro-ldn,,"[""https://www.instagram.com/noisyoyster.london/?hl=en""]","{""Fri"": {""open1"": ""12:00 pm"", ""open2"": ""5:30 pm"", ""close1"": ""3:00 pm"", ""close2"": ""11:00 pm""}, ""Mon"": null, ""Sat"": {""open1"": ""11:00 am"", ""open2"": ""5:30 pm"", ""close1"": ""4:00 pm"", ""close2"": ""11:00 pm""}, ""Sun"": {""open1"": ""11:00 am"", ""close1"": ""4:00 pm""}, ""Thu"": {""open1"": ""12:00 pm"", ""open2"": ""5:30 pm"", ""close1"": ""3:00 pm"", ""close2"": ""11:00 pm""}, ""Tue"": {""open1"": ""12:00 pm"", ""open2"": ""5:30 pm"", ""close1"": ""3:00 pm"", ""close2"": ""11:00 pm""}, ""Wed"": {""open1"": ""12:00 pm"", ""open2"": ""5:30 pm"", ""close1"": ""3:00 pm"", ""close2"": ""11:00 pm""}}","2, Nicholls Clarke Yard, London E1 6SH, United Kingdom","[""futuristic"",""playful"",""industrial"",""lively"",""nautical"",""buzzy""]"
ba9fb606-d894-464b-ada9-bb9bc996a192,NT's Loft,51.5374407,-0.0579347,ntloft,,"[""cocktails"",""pints"",""pizzas"",""djs"",""dancing"",""terrace"",""music"",""sunsets"",""parties"",""beers""]",,"[""cocktail""]","[""evening"",""late""]",1,$$,1,,london,nts-loft-ldn,,"[""https://www.instagram.com/ntloft/?hl=en""]","{""Fri"": {""open1"": ""5:00 pm"", ""close1"": ""2:30 am""}, ""Mon"": null, ""Sat"": {""open1"": ""12:00 pm"", ""close1"": ""2:30 am""}, ""Sun"": {""open1"": ""2:00 pm"", ""close1"": ""2:30 am""}, ""Thu"": {""open1"": ""7:00 pm"", ""close1"": ""11:30 pm""}, ""Tue"": null, ""Wed"": {""open1"": ""6:00 pm"", ""close1"": ""11:30 pm""}}","207, 1 Westgate St, London E8 3RL, United Kingdom","[""loftlike"",""sociable"",""urban"",""relaxed"",""vibrant"",""breezy""]"
2ffa1d52-67fb-4c66-bf2a-1a0198cc656a,Old Coffee House,51.5125885,-0.1374166,theoldcoffeehouse,,"[""ales"",""pints"",""british"",""lunch"",""beers"",""ipa"",""mirrors"",""tables"",""drinks"",""heritage""]",,"[""pub""]","[""afternoon"",""evening""]",1,$,1,,london,old-coffee-house-ldn,,"[""https://www.instagram.com/theoldcoffeehouse/""]","{""Fri"": {""open1"": ""11:00 am"", ""close1"": ""11:00 pm""}, ""Mon"": {""open1"": ""11:00 am"", ""close1"": ""11:00 pm""}, ""Sat"": {""open1"": ""11:00 am"", ""close1"": ""11:00 pm""}, ""Sun"": {""open1"": ""12:00 pm"", ""close1"": ""10:30 pm""}, ""Thu"": {""open1"": ""11:00 am"", ""close1"": ""11:00 pm""}, ""Tue"": {""open1"": ""11:00 am"", ""close1"": ""11:00 pm""}, ""Wed"": {""open1"": ""11:00 am"", ""close1"": ""11:00 pm""}}","49 Beak St, Carnaby, London W1F 9SF, United Kingdom","[""historic"",""cozy"",""wooden"",""traditional"",""lively"",""unpretentious""]"
4808d37d-aaff-4cde-b932-bb0d1a721460,Old Spitalfields Market,51.5196569,-0.0755469,oldspitalfieldsmarket,,"[""traders"",""streetfood"",""fashion"",""antiques"",""vinyl"",""crafts"",""art"",""jewelry"",""produce"",""stalls""]",,"[""market""]","[""midday"",""afternoon""]",1,$,1,,london,old-spitalfields-market-ldn,,"[""https://www.instagram.com/oldspitalfieldsmarket/?hl=en""]","{""Fri"": {""open1"": ""10:00 am"", ""close1"": ""8:00 pm""}, ""Mon"": {""open1"": ""10:00 am"", ""close1"": ""8:00 pm""}, ""Sat"": {""open1"": ""10:00 am"", ""close1"": ""6:00 pm""}, ""Sun"": {""open1"": ""10:00 am"", ""close1"": ""5:00 pm""}, ""Thu"": {""open1"": ""8:00 am"", ""close1"": ""6:00 pm""}, ""Tue"": {""open1"": ""10:00 am"", ""close1"": ""8:00 pm""}, ""Wed"": {""open1"": ""10:00 am"", ""close1"": ""8:00 pm""}}","16 Horner Square, London E1 6EW, United Kingdom","[""vibrant"",""historic"",""eclectic"",""bustling"",""creative"",""energetic""]"
a277994d-7686-4154-940d-53b684c199f1,Om Being,51.5547934,-0.0672698,om_being_,,"[""yoga"",""breathwork"",""meditation"",""vinyasa"",""soundhealing"",""movement"",""workshops"",""rituals"",""recovery"",""mindfulness""]",,"[""yoga""]","[""morning"",""midday""]",1,$,1,,london,om-being-ldn,,"[""https://www.instagram.com/om_being_/""]","{""Fri"": {""open1"": ""7:00 am"", ""close1"": ""9:00 pm""}, ""Mon"": {""open1"": ""7:00 am"", ""close1"": ""9:00 pm""}, ""Sat"": {""open1"": ""9:00 am"", ""close1"": ""6:00 pm""}, ""Sun"": {""open1"": ""8:30 am"", ""close1"": ""9:00 pm""}, ""Thu"": {""open1"": ""7:00 am"", ""close1"": ""9:00 pm""}, ""Tue"": {""open1"": ""7:00 am"", ""close1"": ""9:00 pm""}, ""Wed"": {""open1"": ""7:00 am"", ""close1"": ""9:00 pm""}}","Shop 2, Hackney Downs Studios, 17 Amhurst Terrace, Lower Clapton, London E8 2BT, United Kingdom","[""restorative"",""mindful"",""tranquil"",""spiritual"",""nurturing"",""communal""]"
5ec732ad-6bb3-4149-aeb4-77c6afee11ad,Omotesando Koffee,51.516584,-0.1348038,omotesando.koffee,,"[""espresso"",""pourovers"",""batchbrew"",""matcha"",""lattes"",""beans"",""filters"",""brewing"",""cubes"",""takeaway""]",,"[""coffee""]","[""morning"",""midday""]",1,$,1,,london,omotesando-koffee-ldn,,"[""https://www.instagram.com/omotesando.koffee/?hl=en""]","{""Fri"": {""open1"": ""8:00 am"", ""close1"": ""6:00 pm""}, ""Mon"": {""open1"": ""8:00 am"", ""close1"": ""6:00 pm""}, ""Sat"": {""open1"": ""9:00 am"", ""close1"": ""6:00 pm""}, ""Sun"": {""open1"": ""9:00 am"", ""close1"": ""6:00 pm""}, ""Thu"": {""open1"": ""8:00 am"", ""close1"": ""6:00 pm""}, ""Tue"": {""open1"": ""8:00 am"", ""close1"": ""6:00 pm""}, ""Wed"": {""open1"": ""8:00 am"", ""close1"": ""6:00 pm""}}","8 Newman St, London W1T 1FB, United Kingdom","[""precise"",""minimalist"",""serene"",""refined"",""architectural"",""quiet""]"
f97d5b87-daec-4e52-8a03-c39d638aa929,One Eighty One,51.5501003,-0.1092725,oneeightyone.uk,,"[""apparel"",""ceramics"",""fragrances"",""furniture"",""lighting"",""objects"",""retail"",""design"",""textiles"",""accessories""]",,"[""lifestyle""]","[""midday"",""afternoon""]",1,$,1,,london,one-eighty-one-ldn,,"[""https://www.instagram.com/oneeightyone.uk/?hl=en""]","{""Fri"": {""open1"": ""10:00 am"", ""close1"": ""12:00 am""}, ""Mon"": {""open1"": ""4:00 pm"", ""close1"": ""11:00 pm""}, ""Sat"": {""open1"": ""10:00 am"", ""close1"": ""12:00 am""}, ""Sun"": {""open1"": ""10:00 am"", ""close1"": ""10:30 pm""}, ""Thu"": {""open1"": ""10:00 am"", ""close1"": ""11:00 pm""}, ""Tue"": {""open1"": ""10:00 am"", ""close1"": ""6:30 pm""}, ""Wed"": {""open1"": ""10:00 am"", ""close1"": ""11:00 pm""}}","181 Holloway Rd, London N7 8LX, United Kingdom","[""futuristic"",""curated"",""immersive"",""minimalist"",""contemporary"",""refined""]"
4cb56b33-bfc0-4788-b684-92b0d429bde9,Opium Cocktail Bar - Soho,51.5117862,-0.13145,opiumchinatownlondon,,"[""cocktails"",""dimsum"",""absinthe"",""whisky"",""mixology"",""spirits"",""dancing"",""nightlife"",""negronis"",""music""]",,"[""cocktail""]","[""evening"",""late""]",1,$$$,1,,london,opium-cocktail-bar-soho-ldn,,"[""https://www.instagram.com/opiumchinatownlondon""]","{""Fri"": {""open1"": ""5:00 pm"", ""close1"": ""3:00 am""}, ""Mon"": {""open1"": ""5:00 pm"", ""close1"": ""1:00 am""}, ""Sat"": {""open1"": ""5:00 pm"", ""close1"": ""3:00 am""}, ""Sun"": {""open1"": ""5:00 pm"", ""close1"": ""12:00 am""}, ""Thu"": {""open1"": ""5:00 pm"", ""close1"": ""2:00 am""}, ""Tue"": {""open1"": ""5:00 pm"", ""close1"": ""1:00 am""}, ""Wed"": {""open1"": ""5:00 pm"", ""close1"": ""2:00 am""}}","15-16 Gerrard St, London W1D 6JE, United Kingdom","[""clandestine"",""theatrical"",""moody"",""playful"",""immersive"",""nocturnal""]"
d8cef253-28d4-4c5a-b7c3-22b87b176409,"Oranj • Restaurant, Wine Bar & Cafe",51.5211583,-0.0727376,oranjwine,,"[""naturalwine"",""bottles"",""tastings"",""pours"",""producers"",""popups"",""snacks"",""events"",""wine"",""chefs""]",,"[""cafe"",""wine bar""]","[""midday"",""afternoon"",""evening""]",1,$$,1,,london,oranj-restaurant-wine-bar-cafe-ldn,,"[""https://www.instagram.com/oranjwine/?hl=en""]","{""Fri"": {""open1"": ""8:00 am"", ""close1"": ""12:00 am""}, ""Mon"": null, ""Sat"": {""open1"": ""12:00 pm"", ""close1"": ""12:00 am""}, ""Sun"": {""open1"": ""12:00 pm"", ""close1"": ""8:00 pm""}, ""Thu"": {""open1"": ""8:00 am"", ""close1"": ""12:00 am""}, ""Tue"": {""open1"": ""8:00 am"", ""close1"": ""12:00 am""}, ""Wed"": {""open1"": ""8:00 am"", ""close1"": ""12:00 am""}}","15 Dray Walk, London E1 6QR, United Kingdom","[""convivial"",""warm"",""playful"",""relaxed"",""stylish"",""sociable""]"
d63a76fc-57ac-485c-9b74-5c8749de4924,Ozone Coffee - Shoreditch,51.5247109,-0.0867344,ozonecoffeeuk,,"[""espresso"",""filter"",""v60"",""beans"",""roasting"",""brunch"",""blends"",""naturals"",""washed"",""coffee""]",,"[""coffee""]","[""morning"",""midday""]",1,$,1,,london,ozone-coffee-shoreditch-ldn,,"[""https://www.instagram.com/ozonecoffeeuk""]","{""Fri"": {""open1"": ""7:30 am"", ""close1"": ""4:00 pm""}, ""Mon"": {""open1"": ""7:30 am"", ""close1"": ""4:00 pm""}, ""Sat"": {""open1"": ""8:30 am"", ""close1"": ""4:00 pm""}, ""Sun"": {""open1"": ""8:30 am"", ""close1"": ""4:00 pm""}, ""Thu"": {""open1"": ""7:30 am"", ""close1"": ""4:00 pm""}, ""Tue"": {""open1"": ""7:30 am"", ""close1"": ""4:00 pm""}, ""Wed"": {""open1"": ""7:30 am"", ""close1"": ""4:00 pm""}}","11 Leonard St, London EC2A 4AQ, United Kingdom","[""industrial"",""energetic"",""polished"",""modern"",""bustling"",""bright""]"
6f67be75-02f4-472a-b977-8a99306d3941,Padella Shoreditch,51.5233823,-0.0817686,padella_pasta,,"[""pasta"",""pici"",""cacio"",""pepe"",""tagliarini"",""sauces"",""italian"",""feasting"",""plates"",""wine""]",,"[""lunch"",""dinner""]","[""midday"",""evening""]",1,$$$,1,,london,padella-shoreditch-ldn,,"[""https://www.instagram.com/padella_pasta/?hl=en""]","{""Fri"": {""open1"": ""12:00 pm"", ""open2"": ""5:00 pm"", ""close1"": ""3:45 pm"", ""close2"": ""10:00 pm""}, ""Mon"": {""open1"": ""12:00 pm"", ""open2"": ""5:00 pm"", ""close1"": ""3:45 pm"", ""close2"": ""10:00 pm""}, ""Sat"": {""open1"": ""12:00 pm"", ""open2"": ""5:00 pm"", ""close1"": ""3:45 pm"", ""close2"": ""10:00 pm""}, ""Sun"": {""open1"": ""12:00 pm"", ""close1"": ""9:00 pm""}, ""Thu"": {""open1"": ""12:00 pm"", ""open2"": ""5:00 pm"", ""close1"": ""3:45 pm"", ""close2"": ""10:00 pm""}, ""Tue"": {""open1"": ""12:00 pm"", ""open2"": ""5:00 pm"", ""close1"": ""3:45 pm"", ""close2"": ""10:00 pm""}, ""Wed"": {""open1"": ""12:00 pm"", ""open2"": ""5:00 pm"", ""close1"": ""3:45 pm"", ""close2"": ""10:00 pm""}}","Shoreditch, Padella, 1 Phipp St, London EC2A 4PS, United Kingdom","[""bustling"",""casual"",""warm"",""energetic"",""unfussy"",""convivial""]"
eb068792-d573-45ba-9b13-c3764bcdb474,Papo’s Bagels,51.5494592,-0.0608995,paposbagels,,"[""bagels"",""creamcheese"",""salmon"",""sandwiches"",""pickles"",""capers"",""tuna"",""mortadella"",""provolone"",""schmear""]",,"[""bakery""]","[""morning"",""midday""]",1,$,1,,london,papos-bagels-ldn,,"[""https://www.instagram.com/paposbagels/""]","{""Fri"": {""open1"": ""9:00 am"", ""close1"": ""3:00 pm""}, ""Mon"": null, ""Sat"": {""open1"": ""9:00 am"", ""close1"": ""3:00 pm""}, ""Sun"": {""open1"": ""9:00 am"", ""close1"": ""2:00 pm""}, ""Thu"": {""open1"": ""9:00 am"", ""close1"": ""3:00 pm""}, ""Tue"": null, ""Wed"": {""open1"": ""9:00 am"", ""close1"": ""3:00 pm""}}","Amhurst Rd, London E8 2AJ, United Kingdom","[""nostalgic"",""bustling"",""casual"",""unfussy"",""warm"",""energetic""]"
43a28c49-dcdf-4b10-aff7-6c0e3d685e19,Phonica Records,51.5143679,-0.1370608,phonicarecords,,"[""vinyl"",""records"",""house"",""techno"",""electro"",""disco"",""releases"",""djs"",""collecting"",""dance""]",,"[""lifestyle""]","[""midday"",""afternoon""]",1,$,1,,london,phonica-records-ldn,,"[""https://www.instagram.com/phonicarecords/?hl=en""]","{""Fri"": {""open1"": ""11:00 am"", ""close1"": ""7:30 pm""}, ""Mon"": {""open1"": ""11:00 am"", ""close1"": ""7:00 pm""}, ""Sat"": {""open1"": ""11:00 am"", ""close1"": ""7:00 pm""}, ""Sun"": {""open1"": ""12:00 pm"", ""close1"": ""6:00 pm""}, ""Thu"": {""open1"": ""11:00 am"", ""close1"": ""7:30 pm""}, ""Tue"": {""open1"": ""11:00 am"", ""close1"": ""7:00 pm""}, ""Wed"": {""open1"": ""11:00 am"", ""close1"": ""7:00 pm""}}","51 Poland St, London W1F 7ND, United Kingdom","[""specialist"",""electronic"",""curated"",""energetic"",""independent"",""focused""]"
f5a47fa8-7923-4cee-abda-82abecb047a2,Phonox,51.4643383,-0.1146374,phonoxlondon,,"[""djs"",""dancing"",""electronic"",""house"",""tickets"",""parties"",""sound"",""events"",""pints"",""music""]",,"[""club""]","[""late""]",1,$$$,1,,london,phonox-ldn,,"[""https://www.instagram.com/phonoxlondon/?hl=en""]","{""Fri"": {""open1"": ""10:00 pm"", ""close1"": ""4:00 am""}, ""Mon"": null, ""Sat"": {""open1"": ""10:00 pm"", ""close1"": ""4:00 am""}, ""Sun"": null, ""Thu"": {""open1"": ""11:00 pm"", ""close1"": ""3:00 am""}, ""Tue"": null, ""Wed"": null}","418 Brixton Rd, London SW9 7AY, United Kingdom","[""focused"",""intimate"",""pulsing"",""communal"",""nocturnal"",""strippedback""]"
58434320-eac9-464f-b39f-bd390c173d8b,Plume Wine Bar,51.5120938,-0.1202541,plumewinebar,,"[""wine"",""sparkling"",""cocktails"",""smallplates"",""flatbreads"",""cheeses"",""hotdogs"",""chips"",""speakeasy"",""bottles""]",,"[""wine bar""]","[""afternoon"",""evening""]",1,$$,1,,london,plume-wine-bar-ldn,,"[""https://www.instagram.com/plumewinebar/?hl=en""]","{""Fri"": {""open1"": ""12:00 pm"", ""close1"": ""11:30 pm""}, ""Mon"": {""open1"": ""3:00 pm"", ""close1"": ""11:00 pm""}, ""Sat"": {""open1"": ""12:00 pm"", ""close1"": ""11:30 pm""}, ""Sun"": {""open1"": ""12:00 pm"", ""close1"": ""9:00 pm""}, ""Thu"": {""open1"": ""12:00 pm"", ""close1"": ""11:00 pm""}, ""Tue"": {""open1"": ""3:00 pm"", ""close1"": ""11:00 pm""}, ""Wed"": {""open1"": ""12:00 pm"", ""close1"": ""11:00 pm""}}","26 Wellington St, London WC2E 7DD, United Kingdom","[""whimsical"",""intimate"",""literary"",""hidden"",""playful"",""lowlit""]"
3a95e28f-65d3-4468-985b-cf102025f26d,Pophams London Fields,51.5436252,-0.0575894,pophamsbakery,,"[""pastries"",""croissants"",""buns"",""sandwiches"",""salads"",""toasties"",""cakes"",""cookies"",""sourdough"",""coffee""]",,"[""bakery"",""cafe""]","[""morning"",""midday""]",1,$,1,,london,pophams-london-fields-ldn,,"[""https://www.instagram.com/pophamsbakery/?hl=en""]","{""Fri"": {""open1"": ""7:30 am"", ""close1"": ""4:00 pm""}, ""Mon"": {""open1"": ""7:30 am"", ""close1"": ""4:00 pm""}, ""Sat"": {""open1"": ""8:00 am"", ""close1"": ""4:00 pm""}, ""Sun"": {""open1"": ""8:30 am"", ""close1"": ""4:00 pm""}, ""Thu"": {""open1"": ""7:30 am"", ""close1"": ""4:00 pm""}, ""Tue"": {""open1"": ""7:30 am"", ""close1"": ""4:00 pm""}, ""Wed"": {""open1"": ""7:30 am"", ""close1"": ""4:00 pm""}}","197 Richmond Rd, London E8 3NJ, United Kingdom","[""artisanal"",""warm"",""inviting"",""contemporary"",""cozy"",""refined""]"
e8ff859f-ae05-41a3-a339-d2ca1b14f2d1,Prince Arthur,51.5274053,-0.085228,pubprincearthur,,"[""basque"",""seafood"",""caviar"",""lobster"",""brill"",""cheesecake"",""beer"",""snacks"",""wine"",""football""]",,"[""pub""]","[""afternoon"",""evening""]",1,$$,1,,london,prince-arthur-ldn,,"[""https://www.instagram.com/pubprincearthur/""]","{""Fri"": {""open1"": ""12:00 pm"", ""close1"": ""12:00 am""}, ""Mon"": {""open1"": ""4:00 pm"", ""close1"": ""11:00 pm""}, ""Sat"": {""open1"": ""12:00 pm"", ""close1"": ""12:00 am""}, ""Sun"": null, ""Thu"": {""open1"": ""12:00 pm"", ""close1"": ""11:00 pm""}, ""Tue"": {""open1"": ""12:00 pm"", ""close1"": ""11:00 pm""}, ""Wed"": {""open1"": ""12:00 pm"", ""close1"": ""11:00 pm""}}","49 Brunswick Pl, London N1 6EB, United Kingdom","[""polished"",""opulent"",""restored"",""stately"",""elevated"",""traditional""]"
ef85dd79-9ff7-4380-856f-031386fdcef2,Prufrock Coffee,51.5199272,-0.1094739,prufrockcoffee,,"[""espresso"",""beans"",""training"",""coffee"",""teas"",""brunch"",""scratchcooking"",""roasting"",""pastries"",""lunch""]",,"[""coffee"",""cafe""]","[""morning"",""midday""]",1,$,1,,london,prufrock-coffee-ldn,,"[""https://www.instagram.com/prufrockcoffee/?hl=en""]","{""Fri"": {""open1"": ""7:30 am"", ""close1"": ""4:30 pm""}, ""Mon"": {""open1"": ""7:30 am"", ""close1"": ""4:30 pm""}, ""Sat"": {""open1"": ""8:00 am"", ""close1"": ""5:00 pm""}, ""Sun"": {""open1"": ""9:00 am"", ""close1"": ""5:00 pm""}, ""Thu"": {""open1"": ""7:30 am"", ""close1"": ""4:30 pm""}, ""Tue"": {""open1"": ""7:30 am"", ""close1"": ""4:30 pm""}, ""Wed"": {""open1"": ""7:30 am"", ""close1"": ""4:30 pm""}}","23-25 Leather Ln, London EC1N 7TE, United Kingdom","[""focused"",""expert"",""bustling"",""bright"",""meticulous"",""unfussy""]"
99732f5a-68fc-4db8-b24b-2af55a0313e1,Pure Vinyl Records,51.4640543,-0.1156453,purevinyllondon,,"[""vinyl"",""records"",""soul"",""reggae"",""jazz"",""hiphop"",""crates"",""digging"",""secondhand"",""music""]",,"[""lifestyle""]","[""midday"",""afternoon""]",1,$,1,,london,pure-vinyl-records-ldn,,"[""https://www.instagram.com/purevinyllondon/?hl=en""]","{""Fri"": {""open1"": ""11:00 am"", ""close1"": ""7:00 pm""}, ""Mon"": {""open1"": ""11:30 am"", ""close1"": ""6:00 pm""}, ""Sat"": {""open1"": ""11:00 am"", ""close1"": ""6:00 pm""}, ""Sun"": {""open1"": ""12:00 pm"", ""close1"": ""5:00 pm""}, ""Thu"": {""open1"": ""11:00 am"", ""close1"": ""7:00 pm""}, ""Tue"": {""open1"": ""11:30 am"", ""close1"": ""6:00 pm""}, ""Wed"": {""open1"": ""11:00 am"", ""close1"": ""6:00 pm""}}","246 Ferndale Rd, London SW9 8FR, United Kingdom","[""analog"",""soulful"",""communal"",""nostalgic"",""eclectic"",""intimate""]"
3564f595-0090-4af5-bf8f-cdb4bcf88394,Quality Wines,51.5246799,-0.109924,qualitywinesfarringdon,,"[""wine"",""mediterranean"",""aperitivo"",""snacks"",""sharing"",""plates"",""pasta"",""caponata"",""tagliatelle"",""bottles""]",,"[""lunch"",""wine bar""]","[""afternoon"",""evening""]",1,$$,1,,london,quality-wines-ldn,,"[""https://www.instagram.com/qualitywinesfarringdon/""]","{""Fri"": {""open1"": ""12:00 pm"", ""close1"": ""10:00 pm""}, ""Mon"": null, ""Sat"": {""open1"": ""12:00 pm"", ""close1"": ""10:00 pm""}, ""Sun"": null, ""Thu"": {""open1"": ""12:00 pm"", ""close1"": ""10:00 pm""}, ""Tue"": {""open1"": ""12:00 pm"", ""close1"": ""10:00 pm""}, ""Wed"": {""open1"": ""12:00 pm"", ""close1"": ""10:00 pm""}}","88 Farringdon Rd, London EC1R 3EA, United Kingdom","[""intimate"",""relaxed"",""polished"",""neighborhood"",""convivial"",""understated""]"
ef63dd0c-c222-49e3-81f7-17861fe3f831,Queen of Hoxton,51.5220971,-0.0811529,queenofhoxtonldn,,"[""cocktails"",""beers"",""djs"",""dancing"",""rum"",""punch"",""margaritas"",""events"",""music"",""tickets""]",,"[""cocktail""]","[""evening"",""late""]",1,$$$,1,,london,queen-of-hoxton-ldn,,"[""https://www.instagram.com/queenofhoxtonldn/?hl=en""]","{""Fri"": {""open1"": ""5:00 pm"", ""close1"": ""2:00 am""}, ""Mon"": null, ""Sat"": {""open1"": ""2:00 pm"", ""close1"": ""2:00 am""}, ""Sun"": {""open1"": ""2:00 pm"", ""close1"": ""10:00 pm""}, ""Thu"": {""open1"": ""5:00 pm"", ""close1"": ""2:00 am""}, ""Tue"": {""open1"": ""5:00 pm"", ""close1"": ""12:00 am""}, ""Wed"": {""open1"": ""5:00 pm"", ""close1"": ""12:00 am""}}","1 Curtain Rd, London EC2A 3JX, United Kingdom","[""electric"",""playful"",""loud"",""social"",""colourful"",""energetic""]"
d1eb5d5d-c73c-4092-ad7b-7cde00576d1a,Quill Wine Bar,51.5069887,-0.0926916,quillwinebar,,"[""wine"",""cocktails"",""bottles"",""feasts"",""cellars"",""stories"",""pours"",""garden"",""glasses"",""snacks""]",,"[""wine bar""]","[""afternoon"",""evening""]",1,$$,1,,london,quill-wine-bar-ldn,,"[""https://www.instagram.com/quillwinebar/?hl=en""]","{""Fri"": {""open1"": ""12:00 pm"", ""close1"": ""11:30 pm""}, ""Mon"": {""open1"": ""3:00 pm"", ""close1"": ""11:00 pm""}, ""Sat"": {""open1"": ""12:00 pm"", ""close1"": ""11:30 pm""}, ""Sun"": {""open1"": ""12:00 pm"", ""close1"": ""10:00 pm""}, ""Thu"": {""open1"": ""12:00 pm"", ""close1"": ""11:00 pm""}, ""Tue"": {""open1"": ""12:00 pm"", ""close1"": ""11:00 pm""}, ""Wed"": {""open1"": ""12:00 pm"", ""close1"": ""11:00 pm""}}","Borough Yards, Arch 232 Bank End, London SE1 9BU, United Kingdom","[""whimsical"",""literary"",""cozy"",""intimate"",""warm"",""decadent""]"
cfe3c309-b9fd-4892-b2fb-fb51e05c0c14,RECORD 28 BOOKS,51.5283879,-0.0759405,record28books,,"[""rare"",""outofprint"",""photography"",""arts"",""counterculture"",""books"",""magazines"",""editions"",""publishing"",""collecting""]",,"[""bookstore""]","[""midday"",""afternoon""]",1,$,1,,london,record-28-books-ldn,,"[""https://www.instagram.com/record28books/""]","{""Fri"": {""open1"": ""10:00 am"", ""close1"": ""6:00 pm""}, ""Mon"": null, ""Sat"": {""open1"": ""10:00 am"", ""close1"": ""6:00 pm""}, ""Sun"": {""open1"": ""11:00 am"", ""close1"": ""5:00 pm""}, ""Thu"": {""open1"": ""10:00 am"", ""close1"": ""6:00 pm""}, ""Tue"": {""open1"": ""10:00 am"", ""close1"": ""6:00 pm""}, ""Wed"": {""open1"": ""10:00 am"", ""close1"": ""6:00 pm""}}","61 Hackney Rd, London E2 7NX, United Kingdom","[""niche"",""countercultural"",""eclectic"",""intimate"",""curated"",""independent""]"
f846465f-04bc-4ad1-83a1-d843d1e5d6a0,Red Room,51.510157,-0.1496064,theconnaught,,"[""wine"",""coravin"",""cocktails"",""cheeses"",""champagne"",""charcuterie"",""ham"",""carpaccio"",""oysters"",""tempura""]",,"[""cocktail""]","[""evening"",""late""]",1,$$$,1,,london,red-room-ldn,,"[""https://www.instagram.com/theconnaught/""]","{""Fri"": {""open1"": ""3:00 pm"", ""close1"": ""1:00 am""}, ""Mon"": null, ""Sat"": {""open1"": ""3:00 pm"", ""close1"": ""1:00 am""}, ""Sun"": {""open1"": ""4:30 pm"", ""close1"": ""12:00 am""}, ""Thu"": {""open1"": ""4:00 pm"", ""close1"": ""1:00 am""}, ""Tue"": {""open1"": ""4:00 pm"", ""close1"": ""1:00 am""}, ""Wed"": {""open1"": ""4:00 pm"", ""close1"": ""1:00 am""}}","The Connaught, 16 Carlos Pl, London W1K 2AL, United Kingdom","[""plush"",""intimate"",""luxurious"",""velvety"",""polished"",""seductive""]"
d0170e5a-ead2-46ff-8ac4-cb00db806296,Reference Point,51.5118951,-0.1142272,referencepoint180,,"[""library"",""books"",""bar"",""photography"",""art"",""magazines"",""events"",""screenings"",""djs"",""chess""]",,"[""bookstore""]","[""midday"",""afternoon""]",1,$,1,,london,reference-point-ldn,,"[""https://www.instagram.com/referencepoint180/""]","{""Fri"": {""open1"": ""11:00 am"", ""close1"": ""12:00 am""}, ""Mon"": {""open1"": ""11:00 am"", ""close1"": ""6:30 pm""}, ""Sat"": {""open1"": ""12:00 pm"", ""close1"": ""12:00 am""}, ""Sun"": null, ""Thu"": {""open1"": ""11:00 am"", ""close1"": ""11:00 pm""}, ""Tue"": {""open1"": ""11:00 am"", ""close1"": ""11:00 pm""}, ""Wed"": {""open1"": ""11:00 am"", ""close1"": ""11:00 pm""}}","2 Arundel St, Temple, London WC2R 3DA, United Kingdom","[""creative"",""countercultural"",""social"",""stylish"",""intellectual"",""nocturnal""]"
1e2f368d-781d-461c-a178-5868340e1933,Ria's,51.5184484,-0.2042592,rias_london,,"[""detroit"",""pizza"",""naturalwine"",""deepdish"",""burgers"",""picklebacks"",""takeaway"",""cheese"",""pepperoni"",""slices""]",,"[""lunch"",""wine bar""]","[""afternoon"",""evening""]",1,$$,1,,london,rias-ldn,,"[""https://www.instagram.com/rias_london""]","{""Fri"": {""open1"": ""12:00 pm"", ""close1"": ""11:00 pm""}, ""Mon"": {""open1"": ""12:00 pm"", ""close1"": ""11:00 pm""}, ""Sat"": {""open1"": ""12:00 pm"", ""close1"": ""11:00 pm""}, ""Sun"": {""open1"": ""12:00 pm"", ""close1"": ""10:00 pm""}, ""Thu"": {""open1"": ""12:00 pm"", ""close1"": ""11:00 pm""}, ""Tue"": {""open1"": ""12:00 pm"", ""close1"": ""11:00 pm""}, ""Wed"": {""open1"": ""12:00 pm"", ""close1"": ""11:00 pm""}}","29 All Saints Rd, London W11 1HE, United Kingdom","[""playful"",""cozy"",""relaxed"",""indulgent"",""casual"",""convivial""]"
1de638ea-8ab9-4f75-9a8a-b0dcaaf2fa95,Ria's,51.513915,-0.138995,rias_london,,"[""detroit"",""pizza"",""natural wine"",""deepdish"",""burgers"",""picklebacks"",""takeaway"",""dinein"",""soho"",""wine""]",,"[""lunch"",""dinner""]","[""afternoon"",""evening""]",1,$$$,1,,london,rias-2-ldn,,"[""https://www.instagram.com/rias_london/""]","{""Fri"": {""open1"": ""12:00 pm"", ""close1"": ""10:00 pm""}, ""Mon"": {""open1"": ""12:00 pm"", ""close1"": ""10:00 pm""}, ""Sat"": {""open1"": ""12:00 pm"", ""close1"": ""10:00 pm""}, ""Sun"": {""open1"": ""12:00 pm"", ""close1"": ""10:00 pm""}, ""Thu"": {""open1"": ""12:00 pm"", ""close1"": ""10:00 pm""}, ""Tue"": {""open1"": ""12:00 pm"", ""close1"": ""10:00 pm""}, ""Wed"": {""open1"": ""12:00 pm"", ""close1"": ""10:00 pm""}}","Fouberts Mansions, 29 Foubert's Pl, Carnaby, London W1F 7QF, United Kingdom","[""cozy"",""cute"",""relaxed"",""intimate"",""playful"",""casual""]"
3129dbee-4716-498a-b97b-098375b644e4,Rita's,51.5131313,-0.1364559,ritasdining,,"[""american"",""oysters"",""cocktails"",""naturalwine"",""lunch"",""dinner"",""seafood"",""sandwiches"",""martinis"",""desserts""]",,"[""lunch"",""dinner""]","[""midday"",""evening""]",1,$$$,1,,london,ritas-ldn,,"[""https://www.instagram.com/ritasdining/?hl=en""]","{""Fri"": {""open1"": ""12:00 pm"", ""open2"": ""5:30 pm"", ""close1"": ""3:30 pm"", ""close2"": ""12:00 am""}, ""Mon"": {""open1"": ""5:30 pm"", ""close1"": ""12:00 am""}, ""Sat"": {""open1"": ""12:00 pm"", ""open2"": ""5:30 pm"", ""close1"": ""3:30 pm"", ""close2"": ""12:00 am""}, ""Sun"": null, ""Thu"": {""open1"": ""12:00 pm"", ""open2"": ""5:30 pm"", ""close1"": ""3:30 pm"", ""close2"": ""12:00 am""}, ""Tue"": {""open1"": ""5:30 pm"", ""close1"": ""12:00 am""}, ""Wed"": {""open1"": ""12:00 pm"", ""open2"": ""5:30 pm"", ""close1"": ""3:30 pm"", ""close2"": ""12:00 am""}}","49 Lexington St, Carnaby, London W1F 9AP, United Kingdom","[""intimate"",""polished"",""warm"",""stylish"",""convivial"",""relaxed""]"
22366a04-027a-4020-b749-68606e749ada,Rogues.,51.5321836,-0.058934,rogues_ldn,,"[""pasta"",""oysters"",""bottarga"",""anchovies"",""wines"",""spritzes"",""martinis"",""seafood"",""vegetables"",""charcuterie""]",,"[""lunch"",""dinner""]","[""midday"",""evening""]",1,$$$,1,,london,rogues-ldn,,"[""https://www.instagram.com/rogues_ldn""]","{""Fri"": {""open1"": ""5:30 pm"", ""close1"": ""10:00 pm""}, ""Mon"": {""open1"": ""5:30 pm"", ""close1"": ""9:30 pm""}, ""Sat"": {""open1"": ""12:00 pm"", ""open2"": ""5:30 pm"", ""close1"": ""2:30 pm"", ""close2"": ""10:30 pm""}, ""Sun"": null, ""Thu"": {""open1"": ""5:30 pm"", ""close1"": ""10:00 pm""}, ""Tue"": {""open1"": ""5:30 pm"", ""close1"": ""10:00 pm""}, ""Wed"": {""open1"": ""5:30 pm"", ""close1"": ""10:00 pm""}}","460 Hackney Rd, London E2 9EG, United Kingdom","[""candlelit"",""convivial"",""relaxed"",""intimate"",""understated"",""rustic""]"
b8d26b51-e769-43c3-a28a-f9636c5b02c5,Rokit Covent Garden,51.5140748,-0.1244384,rokitvintage,,"[""vintage"",""denim"",""levis"",""carhartt"",""nike"",""burberry"",""apparel"",""resale"",""accessories"",""reworked""]",,"[""lifestyle""]","[""midday"",""afternoon""]",1,$$,1,,london,rokit-covent-garden-ldn,,"[""https://www.instagram.com/rokitvintage""]","{""Fri"": {""open1"": ""10:00 am"", ""close1"": ""7:00 pm""}, ""Mon"": {""open1"": ""10:00 am"", ""close1"": ""7:00 pm""}, ""Sat"": {""open1"": ""10:00 am"", ""close1"": ""7:00 pm""}, ""Sun"": {""open1"": ""11:00 am"", ""close1"": ""6:00 pm""}, ""Thu"": {""open1"": ""10:00 am"", ""close1"": ""7:00 pm""}, ""Tue"": {""open1"": ""10:00 am"", ""close1"": ""7:00 pm""}, ""Wed"": {""open1"": ""10:00 am"", ""close1"": ""7:00 pm""}}","42 Shelton St, London WC2H 9HZ, United Kingdom","[""nostalgic"",""playful"",""eclectic"",""youthful"",""retro"",""casual""]"
6cf84146-a9cd-44e2-b644-49339b1d6f2a,Rough Trade East,51.5211024,-0.0724926,roughtradeeast,,"[""vinyl"",""records"",""cds"",""books"",""merch"",""releases"",""preorders"",""listening"",""collecting"",""music""]",,"[""lifestyle""]","[""midday"",""afternoon""]",1,$$,1,,london,rough-trade-east-ldn,,"[""https://www.instagram.com/roughtradeeast/""]","{""Fri"": {""open1"": ""10:00 am"", ""close1"": ""6:00 pm""}, ""Mon"": {""open1"": ""11:00 am"", ""close1"": ""5:00 pm""}, ""Sat"": {""open1"": ""10:00 am"", ""close1"": ""7:00 pm""}, ""Sun"": {""open1"": ""11:00 am"", ""close1"": ""5:00 pm""}, ""Thu"": {""open1"": ""10:00 am"", ""close1"": ""6:00 pm""}, ""Tue"": {""open1"": ""10:00 am"", ""close1"": ""3:00 pm""}, ""Wed"": {""open1"": ""10:00 am"", ""close1"": ""6:00 pm""}}","Old Truman Brewery, 91 Brick Ln, London E1 6QL, United Kingdom","[""iconic"",""analog"",""independent"",""nostalgic"",""compact"",""discerning""]"
490995db-9ea4-43d2-adf0-4e8d1d24e727,Rough Trade West,51.516101,-0.2045212,roughtradewest,,"[""vinyl"",""records"",""cds"",""books"",""merch"",""releases"",""preorders"",""listening"",""collecting"",""music""]",,"[""lifestyle""]","[""midday"",""afternoon""]",1,$,1,,london,rough-trade-west-ldn,,"[""https://www.instagram.com/roughtradewest/?hl=en""]","{""Fri"": {""open1"": ""10:00 am"", ""close1"": ""7:00 pm""}, ""Mon"": {""open1"": ""10:00 am"", ""close1"": ""6:30 pm""}, ""Sat"": {""open1"": ""10:00 am"", ""close1"": ""7:00 pm""}, ""Sun"": {""open1"": ""11:00 am"", ""close1"": ""5:00 pm""}, ""Thu"": {""open1"": ""10:00 am"", ""close1"": ""6:30 pm""}, ""Tue"": {""open1"": ""10:00 am"", ""close1"": ""6:30 pm""}, ""Wed"": {""open1"": ""10:00 am"", ""close1"": ""6:30 pm""}}","130 Talbot Rd, London W11 1JA, United Kingdom","[""iconic"",""analog"",""independent"",""nostalgic"",""compact"",""discerning""]"
38d22eac-573c-4ac9-839c-353fbca5b0e6,Sager + Wilde,51.5310483,-0.0721273,sagerandwilde,,"[""natural wine"",""charcuterie"",""oysters"",""bottles"",""pairings"",""cheeses"",""vermouth"",""aperitifs"",""small plates"",""martinis""]",,"[""wine bar""]","[""afternoon"",""evening""]",1,$$,1,,london,sager-wilde-ldn,,"[""https://www.instagram.com/sagerandwilde/""]","{""Fri"": {""open1"": ""5:00 pm"", ""close1"": ""1:00 am""}, ""Mon"": {""open1"": ""5:00 pm"", ""close1"": ""11:00 pm""}, ""Sat"": {""open1"": ""2:00 pm"", ""close1"": ""1:00 am""}, ""Sun"": {""open1"": ""2:00 pm"", ""close1"": ""11:00 pm""}, ""Thu"": {""open1"": ""5:00 pm"", ""close1"": ""11:00 pm""}, ""Tue"": {""open1"": ""5:00 pm"", ""close1"": ""11:00 pm""}, ""Wed"": {""open1"": ""5:00 pm"", ""close1"": ""11:00 pm""}}","193 Hackney Rd, London E2 8JL, United Kingdom","[""moody"",""refined"",""intimate"",""sophisticated"",""candlelit"",""polished""]"
a09bd5c7-86cd-49bd-be02-456c4cb25834,SAMBA ROOM,51.5162529,-0.0809449,sambaroomlondon,,"[""beer"",""brewing"",""tours"",""heritage"",""terrace"",""sports"",""events"",""pints"",""brewery"",""gatherings""]",,"[""cocktail"",""lounge""]","[""evening"",""late""]",1,$$$,1,,london,samba-room-ldn,,"[""https://www.instagram.com/sambaroomlondon/""]","{""Fri"": {""open1"": ""3:00 pm"", ""close1"": ""3:00 am""}, ""Mon"": {""open1"": ""5:00 pm"", ""close1"": ""1:00 am""}, ""Sat"": {""open1"": ""12:00 pm"", ""close1"": ""3:00 am""}, ""Sun"": {""open1"": ""5:00 pm"", ""close1"": ""1:00 am""}, ""Thu"": {""open1"": ""5:00 pm"", ""close1"": ""1:00 am""}, ""Tue"": {""open1"": ""5:00 pm"", ""close1"": ""1:00 am""}, ""Wed"": {""open1"": ""5:00 pm"", ""close1"": ""1:00 am""}}","39th Floor, 110 Bishopsgate, London EC2N 4AY, United Kingdom","[""historic"",""industrial"",""lively"",""warm"",""communal"",""spacious""]"
ea5ed049-2347-41c7-823f-8c1f28e0ad91,Satan's Whiskers,51.5294983,-0.0561668,satans_whiskers,,"[""cocktails"",""spirits"",""hiphop"",""classics"",""daiquiris"",""whisky"",""aperol"",""pina"",""pineapple"",""takeaway""]",,"[""cocktail""]","[""evening"",""late""]",1,$$,1,,london,satans-whiskers-ldn,,"[""https://www.instagram.com/satans_whiskers/""]","{""Fri"": {""open1"": ""5:00 pm"", ""close1"": ""1:00 am""}, ""Mon"": {""open1"": ""5:00 pm"", ""close1"": ""12:00 am""}, ""Sat"": {""open1"": ""5:00 pm"", ""close1"": ""1:00 am""}, ""Sun"": {""open1"": ""5:00 pm"", ""close1"": ""11:30 pm""}, ""Thu"": {""open1"": ""5:00 pm"", ""close1"": ""12:00 am""}, ""Tue"": {""open1"": ""5:00 pm"", ""close1"": ""12:00 am""}, ""Wed"": {""open1"": ""5:00 pm"", ""close1"": ""12:00 am""}}","Satan's Whiskers, 343 Cambridge Heath Rd, London E2 9RA, United Kingdom","[""gritty"",""candlelit"",""irreverent"",""nocturnal"",""soulful"",""playful""]"
de7cdd89-167a-416f-89d6-bb1ff3f4aff6,Saucy Books,51.5174093,-0.2035696,saucybooks,,"[""books"",""novels"",""poetry"",""magazines"",""stationery"",""readings"",""journals"",""essays"",""paperbacks"",""publishing""]",,"[""bookstore""]","[""midday"",""afternoon""]",1,$,1,,london,saucy-books-ldn,,"[""https://www.instagram.com/saucybooks/?hl=en""]","{""Fri"": {""open1"": ""12:00 pm"", ""close1"": ""6:30 pm""}, ""Mon"": null, ""Sat"": {""open1"": ""11:00 am"", ""close1"": ""6:00 pm""}, ""Sun"": {""open1"": ""11:00 am"", ""close1"": ""5:00 pm""}, ""Thu"": {""open1"": ""12:00 pm"", ""close1"": ""6:30 pm""}, ""Tue"": null, ""Wed"": {""open1"": ""12:00 pm"", ""close1"": ""6:30 pm""}}","236 Westbourne Park Rd, London W11 1EL, United Kingdom","[""literary"",""cozy"",""playful"",""independent"",""colorful"",""intellectual""]"
e3a2c79a-b527-4ddd-b948-e4b034f87b3b,Scales Cocktail Bar,51.5154465,-0.1517462,scaleslondon,,"[""cocktails"",""mixology"",""clarified"",""seasonal"",""spirits"",""labwork"",""produce"",""ice"",""highballs"",""martinis""]",,"[""cocktail""]","[""evening"",""late""]",1,$$$,1,,london,scales-cocktail-bar-ldn,,"[""https://www.instagram.com/scaleslondon/""]","{""Fri"": {""open1"": ""4:00 pm"", ""close1"": ""12:00 am""}, ""Mon"": {""open1"": ""4:00 pm"", ""close1"": ""11:00 pm""}, ""Sat"": {""open1"": ""4:00 pm"", ""close1"": ""12:00 am""}, ""Sun"": {""open1"": ""3:00 pm"", ""close1"": ""10:00 pm""}, ""Thu"": {""open1"": ""4:00 pm"", ""close1"": ""11:30 pm""}, ""Tue"": {""open1"": ""4:00 pm"", ""close1"": ""11:30 pm""}, ""Wed"": {""open1"": ""4:00 pm"", ""close1"": ""11:30 pm""}}","25 Duke St, London W1U 1DJ, United Kingdom","[""precise"",""sleek"",""moody"",""minimalist"",""intimate"",""technical""]"
09056d32-aec4-4563-85c2-34561e582023,Scarfes Bar,51.5176326,-0.1180598,ScarfesBar,,"[""cocktails"",""jazz"",""soul"",""blues"",""mixology"",""spirits"",""martinis"",""champagne"",""music"",""armchairs""]",,"[""cocktail""]","[""evening"",""late""]",1,$$$,1,,london,scarfes-bar-ldn,,"[""https://www.instagram.com/ScarfesBar/""]","{""Fri"": {""open1"": ""5:00 pm"", ""close1"": ""12:00 am""}, ""Mon"": {""open1"": ""4:00 pm"", ""close1"": ""12:00 am""}, ""Sat"": {""open1"": ""4:00 pm"", ""close1"": ""12:00 am""}, ""Sun"": {""open1"": ""4:00 pm"", ""close1"": ""12:00 am""}, ""Thu"": {""open1"": ""4:00 pm"", ""close1"": ""12:00 am""}, ""Tue"": {""open1"": ""4:00 pm"", ""close1"": ""12:00 am""}, ""Wed"": {""open1"": ""4:00 pm"", ""close1"": ""12:00 am""}}","252 High Holborn, London WC1V 7EN, United Kingdom","[""plush"",""witty"",""polished"",""theatrical"",""intimate"",""sophisticated""]"
d0269a73-5654-4bf7-89f5-44fe16e2d844,Seed Library,51.5254273,-0.0772913,seedlibraryshoreditch,,"[""cocktails"",""beers"",""wine"",""vinyl"",""cider"",""sake"",""ingredients"",""apples"",""pears"",""limes""]",,"[""cocktail""]","[""evening"",""late""]",1,$$$,1,,london,seed-library-ldn,,"[""https://www.instagram.com/seedlibraryshoreditch/""]","{""Fri"": {""open1"": ""5:00 pm"", ""close1"": ""2:00 am""}, ""Mon"": null, ""Sat"": {""open1"": ""5:00 pm"", ""close1"": ""2:00 am""}, ""Sun"": {""open1"": ""5:00 pm"", ""close1"": ""12:00 am""}, ""Thu"": {""open1"": ""6:00 pm"", ""close1"": ""1:00 am""}, ""Tue"": null, ""Wed"": {""open1"": ""6:00 pm"", ""close1"": ""1:00 am""}}","100 Shoreditch High St, London E1 6JQ, United Kingdom","[""warm"",""analog"",""laidback"",""intimate"",""understated"",""soulful""]"
35038afa-8746-4b75-9a62-659a8f7de38b,Serpentine Bar & Kitchen,51.5050053,-0.1598615,benugouk,,"[""exhibitions"",""installations"",""architecture"",""talks"",""coffee"",""pastries"",""screenings"",""design"",""books"",""culture""]",,"[""breakfast"",""lunch""]","[""morning"",""midday"",""afternoon""]",1,$$,1,,london,serpentine-bar-kitchen-ldn,,"[""https://www.instagram.com/benugouk/""]","{""Fri"": {""open1"": ""8:00 am"", ""close1"": ""8:00 pm""}, ""Mon"": {""open1"": ""8:00 am"", ""close1"": ""8:00 pm""}, ""Sat"": {""open1"": ""8:00 am"", ""close1"": ""8:00 pm""}, ""Sun"": {""open1"": ""8:00 am"", ""close1"": ""8:00 pm""}, ""Thu"": {""open1"": ""8:00 am"", ""close1"": ""8:00 pm""}, ""Tue"": {""open1"": ""8:00 am"", ""close1"": ""8:00 pm""}, ""Wed"": {""open1"": ""8:00 am"", ""close1"": ""8:00 pm""}}","Hyde Park, Serpentine Rd, London W2 2UH, United Kingdom","[""minimalist"",""contemplative"",""artistic"",""tranquil"",""modern"",""refined""]"
d07fb2f4-e2c3-4f81-981b-43554c554e56,Serpentine South Gallery,51.504627,-0.175073,serpentineuk,,"[""exhibitions"",""architecture"",""pavilion"",""talks"",""events"",""publicart"",""painting"",""installations"",""artists"",""sculpture""]",,"[""gallery""]","[""midday"",""afternoon""]",1,$,1,,london,serpentine-south-gallery-ldn,,"[""https://www.instagram.com/serpentineuk/?hl=en""]","{""Fri"": {""open1"": ""10:00 am"", ""close1"": ""6:00 pm""}, ""Mon"": {""open1"": ""12:00 pm"", ""close1"": ""6:00 pm""}, ""Sat"": {""open1"": ""10:00 am"", ""close1"": ""7:00 pm""}, ""Sun"": {""open1"": ""10:00 am"", ""close1"": ""7:00 pm""}, ""Thu"": {""open1"": ""10:00 am"", ""close1"": ""6:00 pm""}, ""Tue"": {""open1"": ""10:00 am"", ""close1"": ""6:00 pm""}, ""Wed"": {""open1"": ""10:00 am"", ""close1"": ""6:00 pm""}}","London W2 3XA, United Kingdom","[""serene"",""parkland"",""architectural"",""contemplative"",""expansive"",""contemporary""]"
ba83cfd1-b74e-4c3d-83ea-5813dccab373,Sessions Arts Club,51.5226427,-0.1060103,sessionsartsclub,,"[""oysters"",""anchovies"",""rabbit"",""beef"",""custard"",""cocktails"",""wines"",""lunches"",""suppers"",""artworks""]",,"[""lunch"",""dinner""]","[""midday"",""evening""]",1,$$$,1,,london,sessions-arts-club-ldn,,"[""https://www.instagram.com/sessionsartsclub/?hl=en""]","{""Fri"": {""open1"": ""12:00 pm"", ""open2"": ""5:30 pm"", ""close1"": ""2:30 pm"", ""close2"": ""10:30 pm""}, ""Mon"": {""open1"": ""5:30 pm"", ""close1"": ""10:30 pm""}, ""Sat"": {""open1"": ""12:00 pm"", ""open2"": ""5:30 pm"", ""close1"": ""2:30 pm"", ""close2"": ""10:30 pm""}, ""Sun"": {""open1"": ""12:00 pm"", ""close1"": ""5:00 pm""}, ""Thu"": {""open1"": ""12:00 pm"", ""open2"": ""5:30 pm"", ""close1"": ""2:30 pm"", ""close2"": ""10:30 pm""}, ""Tue"": {""open1"": ""12:00 pm"", ""open2"": ""5:30 pm"", ""close1"": ""2:30 pm"", ""close2"": ""10:30 pm""}, ""Wed"": {""open1"": ""12:00 pm"", ""open2"": ""5:30 pm"", ""close1"": ""2:30 pm"", ""close2"": ""10:30 pm""}}","24 Clerkenwell Grn, London EC1R 0NA, United Kingdom","[""faded"",""romantic"",""artistic"",""grand"",""atmospheric"",""decadent""]"
2ba258df-9d8d-40c0-be32-7110707daa67,Shai Space,51.4818936,-0.0711953,shai.space,,"[""listening"",""workshops"",""recordings"",""sound"",""gatherings"",""meditation"",""performances"",""conversations"",""audio"",""sessions""]",,"[""event venue""]","[""afternoon""]",1,$,1,,london,shai-space-ldn,,"[""https://www.instagram.com/shai.space/""]","{""Fri"": {""open1"": ""8:00 am"", ""close1"": ""6:00 pm""}, ""Mon"": {""open1"": ""8:00 am"", ""close1"": ""6:00 pm""}, ""Sat"": null, ""Sun"": null, ""Thu"": {""open1"": ""8:00 am"", ""close1"": ""6:00 pm""}, ""Tue"": {""open1"": ""8:00 am"", ""close1"": ""6:00 pm""}, ""Wed"": {""open1"": ""8:00 am"", ""close1"": ""6:00 pm""}}","Studio 4, 7, 17 Latona Rd, London SE15 6RX, United Kingdom","[""soulful"",""immersive"",""communal"",""grounded"",""intimate"",""meditative""]"
a0faa8d9-91f2-46a5-a697-89881200be30,Shalimar Books Ltd,51.491079,-0.105048,shalimarbooks,,"[""literature"",""religion"",""urdu"",""history"",""philosophy"",""dictionaries"",""poetry"",""textbooks"",""publishing"",""imports""]",,"[""bookstore""]","[""midday"",""afternoon""]",1,$,1,,london,shalimar-books-ltd-ldn,,"[""https://www.instagram.com/shalimarbooks/""]","{""Fri"": {""open1"": ""11:30 am"", ""close1"": ""6:00 pm""}, ""Mon"": null, ""Sat"": {""open1"": ""11:30 am"", ""close1"": ""6:00 pm""}, ""Sun"": null, ""Thu"": {""open1"": ""11:30 am"", ""close1"": ""6:00 pm""}, ""Tue"": {""open1"": ""11:30 am"", ""close1"": ""6:00 pm""}, ""Wed"": {""open1"": ""11:30 am"", ""close1"": ""6:00 pm""}}","38 Kennington Ln, London SE11 4LS, United Kingdom","[""nostalgic"",""intimate"",""scholarly"",""traditional"",""quiet"",""intellectual""]"
f1dcf95b-a29e-49df-b3a6-9fe3ea469a53,Shanghai Me London,51.5055575,-0.1500168,shanghaimelondon,,"[""dimsum"",""sushi"",""sashimi"",""duck"",""noodles"",""wagyu"",""cocktails"",""sake"",""seafood"",""dumplings""]",,"[""dinner""]","[""evening""]",1,$$$$,1,,london,shanghai-me-london-ldn,,"[""https://www.instagram.com/shanghaimelondon/""]","{""Fri"": {""open1"": ""5:00 pm"", ""close1"": ""11:00 pm""}, ""Mon"": {""open1"": ""5:00 pm"", ""close1"": ""11:00 pm""}, ""Sat"": {""open1"": ""12:00 pm"", ""close1"": ""11:00 pm""}, ""Sun"": {""open1"": ""12:00 pm"", ""close1"": ""10:00 pm""}, ""Thu"": {""open1"": ""5:00 pm"", ""close1"": ""11:00 pm""}, ""Tue"": {""open1"": ""5:00 pm"", ""close1"": ""11:00 pm""}, ""Wed"": {""open1"": ""5:00 pm"", ""close1"": ""11:00 pm""}}","Hilton on, 22 Park Ln, London W1K 1BE, United Kingdom","[""glamorous"",""polished"",""theatrical"",""opulent"",""cinematic"",""vibrant""]"
43e82cca-aa19-4a49-a19f-05f5eadd0a61,Shoryu Ramen Regent Street,51.5082797,-0.1338326,shoryu_ramen,,"[""ramen"",""tonkotsu"",""buns"",""gyoza"",""sake"",""cocktails"",""broth"",""chashu"",""noodles"",""takoyaki""]",,"[""lunch"",""dinner""]","[""midday"",""evening""]",1,$$,1,,london,shoryu-ramen-regent-street-ldn,,"[""https://www.instagram.com/shoryu_ramen""]","{""Fri"": {""open1"": ""11:30 am"", ""close1"": ""11:00 pm""}, ""Mon"": {""open1"": ""11:30 am"", ""close1"": ""10:30 pm""}, ""Sat"": {""open1"": ""11:30 am"", ""close1"": ""11:00 pm""}, ""Sun"": {""open1"": ""11:30 am"", ""close1"": ""10:00 pm""}, ""Thu"": {""open1"": ""11:30 am"", ""close1"": ""10:30 pm""}, ""Tue"": {""open1"": ""11:30 am"", ""close1"": ""10:30 pm""}, ""Wed"": {""open1"": ""11:30 am"", ""close1"": ""10:30 pm""}}","9 Regent St., London SW1Y 4LR, United Kingdom","[""bustling"",""casual"",""aromatic"",""compact"",""lively"",""comforting""]"
cfffb180-fd03-49b4-bf07-7ee4103897e0,Shreeji Newsagents,51.5185841,-0.154565,shreejinews,,"[""magazines"",""newspapers"",""journals"",""fashion"",""photography"",""publishing"",""coffee"",""titles"",""browsing"",""periodicals""]",,"[""bookstore"",""lifestyle""]","[""midday"",""afternoon""]",1,$,1,,london,shreeji-newsagents-ldn,,"[""https://www.instagram.com/shreejinews/""]","{""Fri"": {""open1"": ""8:30 am"", ""close1"": ""4:00 pm""}, ""Mon"": {""open1"": ""8:30 am"", ""close1"": ""4:00 pm""}, ""Sat"": {""open1"": ""8:30 am"", ""close1"": ""6:00 pm""}, ""Sun"": {""open1"": ""8:30 am"", ""close1"": ""4:00 pm""}, ""Thu"": {""open1"": ""8:30 am"", ""close1"": ""6:00 pm""}, ""Tue"": {""open1"": ""8:30 am"", ""close1"": ""4:00 pm""}, ""Wed"": {""open1"": ""8:30 am"", ""close1"": ""4:00 pm""}}","6 Chiltern St, London W1U 7PT, United Kingdom","[""compact"",""curated"",""cosmopolitan"",""stylish"",""independent"",""editorial""]"
36cc2f4a-9c33-409f-a81a-cfb6702b03b3,Side Hustle,51.5134126,-0.1220179,sidehustlelondon,,"[""cocktails"",""agave"",""tequila"",""mezcal"",""guacamole"",""tacos"",""salsa"",""chips"",""pisco"",""spirits""]",,"[""bar""]","[""evening"",""late""]",1,$$,1,,london,side-hustle-ldn,,"[""https://www.instagram.com/sidehustlelondon/?hl=en""]","{""Fri"": {""open1"": ""5:00 pm"", ""close1"": ""12:00 am""}, ""Mon"": {""open1"": ""5:00 pm"", ""close1"": ""12:00 am""}, ""Sat"": {""open1"": ""5:00 pm"", ""close1"": ""12:00 am""}, ""Sun"": {""open1"": ""5:00 pm"", ""close1"": ""11:00 pm""}, ""Thu"": {""open1"": ""5:00 pm"", ""close1"": ""12:00 am""}, ""Tue"": {""open1"": ""5:00 pm"", ""close1"": ""12:00 am""}, ""Wed"": {""open1"": ""5:00 pm"", ""close1"": ""12:00 am""}}","28 Bow St, London WC2E 7AW, United Kingdom","[""lively"",""latin"",""polished"",""playful"",""sultry"",""energetic""]"
6420e662-08ee-4113-be62-96aabdd5d984,Sister Ray,51.5144452,-0.1358032,sisterraysoho,,"[""vinyl"",""records"",""cds"",""releases"",""rarities"",""punk"",""afrobeats"",""psychedelia"",""collecting"",""albums""]",,"[""lifestyle""]","[""midday"",""afternoon""]",1,$,1,,london,sister-ray-ldn,,"[""https://www.instagram.com/sisterraysoho/?hl=en""]","{""Fri"": {""open1"": ""10:00 am"", ""close1"": ""7:00 pm""}, ""Mon"": {""open1"": ""10:00 am"", ""close1"": ""7:00 pm""}, ""Sat"": {""open1"": ""10:00 am"", ""close1"": ""7:00 pm""}, ""Sun"": {""open1"": ""12:00 pm"", ""close1"": ""6:00 pm""}, ""Thu"": {""open1"": ""10:00 am"", ""close1"": ""7:00 pm""}, ""Tue"": {""open1"": ""10:00 am"", ""close1"": ""7:00 pm""}, ""Wed"": {""open1"": ""10:00 am"", ""close1"": ""7:00 pm""}}","75 Berwick St, London W1F 8TG, United Kingdom","[""iconic"",""nostalgic"",""cratepacked"",""independent"",""energetic"",""musical""]"
9d03f2b8-61ac-4d91-b113-c90df621fd1f,sketch,51.512693,-0.141529,sketchlondon,,"[""tea"",""pastries"",""cocktails"",""sandwiches"",""caviar"",""scones"",""champagne"",""performances"",""desserts"",""breakfast""]",,"[""breakfast"",""afternoon tea"",""cocktail"",""dinner""]","[""morning"",""midday"",""evening"",""late""]",1,$$$$,1,,london,sketch-ldn,,"[""https://www.instagram.com/sketchlondon/?hl=en""]","{""Fri"": {""open1"": ""8:00 am"", ""close1"": ""2:00 am""}, ""Mon"": {""open1"": ""8:00 am"", ""close1"": ""12:00 am""}, ""Sat"": {""open1"": ""8:00 am"", ""close1"": ""2:00 am""}, ""Sun"": {""open1"": ""8:00 am"", ""close1"": ""12:00 am""}, ""Thu"": {""open1"": ""8:00 am"", ""close1"": ""2:00 am""}, ""Tue"": {""open1"": ""8:00 am"", ""close1"": ""12:00 am""}, ""Wed"": {""open1"": ""8:00 am"", ""close1"": ""2:00 am""}}","9 Conduit St, London W1S 2XG, United Kingdom","[""surreal"",""maximal"",""theatrical"",""elegant"",""playful"",""luxurious""]"
756d46de-881e-4386-a704-a19e14c25621,Smoking Goat Shoreditch,51.524224,-0.0769238,smokinggoatbar,,"[""thai"",""barbecue"",""wings"",""fishsauce"",""cocktails"",""seafood"",""chilli"",""grills"",""feasting"",""beer""]",,"[""lunch"",""dinner""]","[""midday"",""evening""]",1,$$,1,,london,smoking-goat-shoreditch-ldn,,"[""https://www.instagram.com/smokinggoatbar""]","{""Fri"": {""open1"": ""12:00 pm"", ""close1"": ""11:00 pm""}, ""Mon"": {""open1"": ""12:00 pm"", ""close1"": ""11:00 pm""}, ""Sat"": {""open1"": ""12:00 pm"", ""close1"": ""11:00 pm""}, ""Sun"": {""open1"": ""12:00 pm"", ""close1"": ""10:00 pm""}, ""Thu"": {""open1"": ""12:00 pm"", ""close1"": ""11:00 pm""}, ""Tue"": {""open1"": ""12:00 pm"", ""close1"": ""11:00 pm""}, ""Wed"": {""open1"": ""12:00 pm"", ""close1"": ""11:00 pm""}}","64 Shoreditch High St, London E1 6JJ, United Kingdom","[""smoky"",""loud"",""spicy"",""energetic"",""casual"",""gritty""]"
46aa4c81-36d3-47fa-987c-5236365d5ef6,Soft Opening,51.5316467,-0.0597077,soft_opening,,"[""exhibitions"",""paintings"",""sculpture"",""editions"",""collectors"",""artists"",""catalogues"",""contemporary"",""modern"",""sales""]",,"[""gallery""]","[""midday"",""afternoon""]",1,$,1,,london,soft-opening-ldn,,"[""https://www.instagram.com/soft_opening/""]","{""Fri"": {""open1"": ""12:00 pm"", ""close1"": ""6:00 pm""}, ""Mon"": null, ""Sat"": {""open1"": ""12:00 pm"", ""close1"": ""6:00 pm""}, ""Sun"": null, ""Thu"": {""open1"": ""12:00 pm"", ""close1"": ""6:00 pm""}, ""Tue"": null, ""Wed"": {""open1"": ""12:00 pm"", ""close1"": ""6:00 pm""}}","6 Minerva St, London E2 9EH, United Kingdom","[""polished"",""monumental"",""bluechip"",""refined"",""global"",""imposing""]"
769ab15b-00b7-4ebb-b509-9f9455efff2c,Sol's,51.5116927,-0.1832536,solslondon,,"[""wine"",""martinis"",""oysters"",""charcuterie"",""bottles"",""aperitifs"",""vermouth"",""seafood"",""pairings"",""cheeses""]",,"[""wine bar""]","[""afternoon"",""evening""]",1,$$,1,,london,sols-ldn,,"[""https://www.instagram.com/solslondon/?hl=en""]","{""Fri"": {""open1"": ""9:00 am"", ""close1"": ""11:00 pm""}, ""Mon"": null, ""Sat"": {""open1"": ""9:00 am"", ""close1"": ""11:00 pm""}, ""Sun"": {""open1"": ""9:00 am"", ""close1"": ""10:00 pm""}, ""Thu"": {""open1"": ""4:00 pm"", ""close1"": ""11:00 pm""}, ""Tue"": {""open1"": ""4:00 pm"", ""close1"": ""11:00 pm""}, ""Wed"": {""open1"": ""4:00 pm"", ""close1"": ""11:00 pm""}}","25 Leinster Terrace, London W2 3ET, United Kingdom","[""intimate"",""candlelit"",""polished"",""refined"",""relaxed"",""sophisticated""]"
1bf03f56-6bd3-4eae-a882-d2c8155b0614,SOMA Soho,51.5107799,-0.1352256,soma__ldn,,"[""cocktails"",""martinis"",""jazz"",""hiphop"",""spirits"",""mixology"",""highballs"",""aperitifs"",""late"",""steel""]",,"[""cocktail""]","[""evening"",""late""]",1,$$,1,,london,soma-soho-ldn,,"[""https://www.instagram.com/soma__ldn/?hl=en""]","{""Fri"": {""open1"": ""6:00 pm"", ""close1"": ""3:00 am""}, ""Mon"": {""open1"": ""6:00 pm"", ""close1"": ""1:00 am""}, ""Sat"": {""open1"": ""6:00 pm"", ""close1"": ""3:00 am""}, ""Sun"": {""open1"": ""5:00 pm"", ""close1"": ""10:30 pm""}, ""Thu"": {""open1"": ""6:00 pm"", ""close1"": ""2:00 am""}, ""Tue"": {""open1"": ""6:00 pm"", ""close1"": ""1:00 am""}, ""Wed"": {""open1"": ""6:00 pm"", ""close1"": ""2:00 am""}}","14 Denman St, London W1D 7HJ, United Kingdom","[""subterranean"",""sleek"",""minimal"",""mysterious"",""intimate"",""refined""]"
83e9f577-a7d3-4bf9-a320-f41ae6d1ecc8,sons,51.5483335,-0.05351,sonshackney,,"[""espresso"",""lattes"",""filters"",""beans"",""pastries"",""sandwiches"",""coffee"",""matcha"",""breakfast"",""takeaway""]",,"[""coffee""]","[""morning"",""midday""]",1,$,1,,london,sons-ldn,,"[""https://www.instagram.com/sonshackney/""]","{""Fri"": {""open1"": ""7:00 am"", ""close1"": ""4:00 pm""}, ""Mon"": {""open1"": ""7:00 am"", ""close1"": ""4:00 pm""}, ""Sat"": {""open1"": ""7:00 am"", ""close1"": ""4:00 pm""}, ""Sun"": {""open1"": ""7:00 am"", ""close1"": ""4:00 pm""}, ""Thu"": {""open1"": ""7:00 am"", ""close1"": ""4:00 pm""}, ""Tue"": {""open1"": ""7:00 am"", ""close1"": ""4:00 pm""}, ""Wed"": {""open1"": ""7:00 am"", ""close1"": ""4:00 pm""}}","St John at Hackney Courtyard, Lower Clapton Rd, London E5 0PD, United Kingdom","[""calm"",""compact"",""bright"",""understated"",""friendly"",""local""]"
290091b8-5e00-4654-a25b-294d985e3f1b,Sounds of the Universe,51.5139361,-0.1346917,sounds_of_the_universe,,"[""vinyl"",""records"",""reggae"",""jazz"",""latin"",""techno"",""disco"",""punk"",""compilations"",""collecting""]",,"[""lifestyle""]","[""midday"",""afternoon""]",1,$,1,,london,sounds-of-the-universe-ldn,,"[""https://www.instagram.com/sounds_of_the_universe/""]","{""Fri"": {""open1"": ""10:00 am"", ""close1"": ""7:00 pm""}, ""Mon"": {""open1"": ""10:00 am"", ""close1"": ""7:00 pm""}, ""Sat"": {""open1"": ""10:00 am"", ""close1"": ""7:00 pm""}, ""Sun"": {""open1"": ""11:00 am"", ""close1"": ""6:00 pm""}, ""Thu"": {""open1"": ""10:00 am"", ""close1"": ""7:00 pm""}, ""Tue"": {""open1"": ""10:00 am"", ""close1"": ""7:00 pm""}, ""Wed"": {""open1"": ""10:00 am"", ""close1"": ""7:00 pm""}}","7 Broadwick St, London W1F 0DA, United Kingdom","[""eclectic"",""soulful"",""specialist"",""analog"",""global"",""independent""]"
813dce91-9b40-4ecd-ab43-42bc061a2609,South London Gallery,51.474142,-0.079681,southlondongallery,,"[""exhibitions"",""film"",""performance"",""talks"",""workshops"",""books"",""editions"",""stationery"",""learning"",""artists""]",,"[""gallery""]","[""midday"",""afternoon""]",1,$,1,,london,south-london-gallery-ldn,,"[""https://www.instagram.com/southlondongallery/?hl=en""]","{""Fri"": {""open1"": ""12:00 pm"", ""close1"": ""6:00 pm""}, ""Mon"": null, ""Sat"": {""open1"": ""12:00 pm"", ""close1"": ""6:00 pm""}, ""Sun"": {""open1"": ""12:00 pm"", ""close1"": ""6:00 pm""}, ""Thu"": {""open1"": ""12:00 pm"", ""close1"": ""6:00 pm""}, ""Tue"": null, ""Wed"": {""open1"": ""12:00 pm"", ""close1"": ""9:00 pm""}}","65 Peckham Rd, London SE5 8UH, United Kingdom","[""contemplative"",""civic"",""creative"",""open"",""thoughtful"",""contemporary""]"
063c64ca-98d4-40e2-8294-f511c3f7c711,Southwark Park Galleries // Dilston Gallery,51.491877,-0.05434,southwarkparkgalleries,,"[""performances"",""tickets"",""musicals"",""playwrights"",""rehearsals"",""actors"",""productions"",""audiences"",""stagecraft"",""screenings""]",,"[""gallery""]","[""midday"",""afternoon""]",1,$,1,,london,southwark-park-galleries-dilston-gallery-ldn,,"[""https://www.instagram.com/southwarkparkgalleries/""]","{""Fri"": {""open1"": ""12:00 pm"", ""close1"": ""5:00 pm""}, ""Mon"": null, ""Sat"": {""open1"": ""12:00 pm"", ""close1"": ""5:00 pm""}, ""Sun"": {""open1"": ""12:00 pm"", ""close1"": ""5:00 pm""}, ""Thu"": {""open1"": ""12:00 pm"", ""close1"": ""5:00 pm""}, ""Tue"": null, ""Wed"": {""open1"": ""12:00 pm"", ""close1"": ""5:00 pm""}}","Southwark Park Rd., London SE16 2DD, United Kingdom","[""intimate"",""theatrical"",""energetic"",""creative"",""atmospheric"",""immersive""]"
418aba85-f8ba-41d9-9040-05d1493a005d,Space Talk,51.5202401,-0.1016085,spacetalk.ldn,,"[""hifi"",""cocktails"",""music"",""sound"",""selectors"",""djs"",""vinyl"",""listening"",""dancing"",""spirits""]",,"[""cocktail""]","[""evening"",""late""]",1,$$$,1,,london,space-talk-ldn,,"[""https://www.instagram.com/spacetalk.ldn/?hl=en""]","{""Fri"": {""open1"": ""5:00 pm"", ""close1"": ""2:00 am""}, ""Mon"": null, ""Sat"": {""open1"": ""5:00 pm"", ""close1"": ""2:00 am""}, ""Sun"": {""open1"": ""5:00 pm"", ""close1"": ""11:00 pm""}, ""Thu"": {""open1"": ""5:00 pm"", ""close1"": ""12:00 am""}, ""Tue"": {""open1"": ""5:00 pm"", ""close1"": ""12:00 am""}, ""Wed"": null}","18-20 St John St, Barbican, London EC1M 4AY, United Kingdom","[""retro"",""immersive"",""sonic"",""moody"",""intimate"",""sophisticated""]"
36d2200d-37b0-422f-9578-4dfd6ef11f9d,Spiritland,51.5365292,-0.1253874,spiritland,,"[""vinyl"",""listening"",""cocktails"",""whisky"",""sake"",""jazz"",""records"",""sound"",""djs"",""speakers""]",,"[""cafe"",""lunch"",""cocktail"",""brunch""]","[""morning"",""midday"",""afternoon""]",1,$$,1,,london,spiritland-ldn,,"[""https://www.instagram.com/spiritland/?hl=en""]","{""Fri"": {""open1"": ""9:00 am"", ""close1"": ""1:00 am""}, ""Mon"": {""open1"": ""9:00 am"", ""close1"": ""11:00 pm""}, ""Sat"": {""open1"": ""10:00 am"", ""close1"": ""1:00 am""}, ""Sun"": {""open1"": ""10:00 am"", ""close1"": ""7:00 pm""}, ""Thu"": {""open1"": ""9:00 am"", ""close1"": ""11:00 pm""}, ""Tue"": {""open1"": ""9:00 am"", ""close1"": ""11:00 pm""}, ""Wed"": {""open1"": ""9:00 am"", ""close1"": ""11:00 pm""}}","9 - 10 Stable St, London N1C 4AB, United Kingdom","[""immersive"",""audiophile"",""cinematic"",""intimate"",""analog"",""soulful""]"
1ad375bb-92d1-4794-b745-917ee07655f7,Spitalfields Market,51.5197441,-0.0760688,oldspitalfieldsmarket,,"[""traders"",""streetfood"",""fashion"",""art"",""music"",""events"",""antiques"",""jewelry"",""crafts"",""produce""]",,"[""market""]","[""morning"",""midday"",""afternoon""]",1,$,1,,london,spitalfields-market-ldn,,"[""https://www.instagram.com/oldspitalfieldsmarket/?hl=en""]","{""Fri"": {""open1"": ""8:00 am"", ""close1"": ""11:00 pm""}, ""Mon"": {""open1"": ""8:00 am"", ""close1"": ""11:00 pm""}, ""Sat"": {""open1"": ""9:00 am"", ""close1"": ""11:00 pm""}, ""Sun"": {""open1"": ""9:00 am"", ""close1"": ""11:00 pm""}, ""Thu"": {""open1"": ""8:00 am"", ""close1"": ""11:00 pm""}, ""Tue"": {""open1"": ""8:00 am"", ""close1"": ""11:00 pm""}, ""Wed"": {""open1"": ""8:00 am"", ""close1"": ""11:00 pm""}}","65 Brushfield St, London E1 6AA, United Kingdom","[""historic"",""bustling"",""eclectic"",""colorful"",""energetic"",""creative""]"
f7f2f22a-7feb-42cc-8825-6124ca61a797,Stable Wines,51.5440453,-0.0895435,stablewines,,"[""wine"",""naturalwine"",""bottles"",""cellar"",""tastings"",""cheeses"",""charcuterie"",""pours"",""aperitifs"",""snacks""]",,"[""wine bar""]","[""afternoon"",""evening""]",1,$$,1,,london,stable-wines-ldn,,"[""https://www.instagram.com/stablewines/""]","{""Fri"": {""open1"": ""12:00 pm"", ""close1"": ""11:00 pm""}, ""Mon"": {""open1"": ""12:00 pm"", ""close1"": ""8:00 pm""}, ""Sat"": {""open1"": ""12:00 pm"", ""close1"": ""11:00 pm""}, ""Sun"": {""open1"": ""12:00 pm"", ""close1"": ""10:00 pm""}, ""Thu"": {""open1"": ""12:00 pm"", ""close1"": ""11:00 pm""}, ""Tue"": {""open1"": ""12:00 pm"", ""close1"": ""3:00 pm""}, ""Wed"": {""open1"": ""12:00 pm"", ""close1"": ""11:00 pm""}}","344a Essex Rd, London N1 3PD, United Kingdom","[""subterranean"",""candlelit"",""intimate"",""sultry"",""refined"",""relaxed""]"
2306d740-6e65-49a4-b237-7c82de5d6c5c,Stanfords,51.5130595,-0.1253621,stanfordstravel,,"[""maps"",""atlases"",""travel"",""guides"",""accessories"",""globes"",""journals"",""luggage"",""books"",""gifts""]",,"[""bookstore""]","[""midday"",""afternoon""]",1,$,1,,london,stanfords-ldn,,"[""https://www.instagram.com/stanfordstravel""]","{""Fri"": {""open1"": ""9:00 am"", ""close1"": ""7:00 pm""}, ""Mon"": {""open1"": ""9:00 am"", ""close1"": ""7:00 pm""}, ""Sat"": {""open1"": ""10:00 am"", ""close1"": ""7:00 pm""}, ""Sun"": {""open1"": ""12:00 pm"", ""close1"": ""6:00 pm""}, ""Thu"": {""open1"": ""9:00 am"", ""close1"": ""7:00 pm""}, ""Tue"": {""open1"": ""9:00 am"", ""close1"": ""7:00 pm""}, ""Wed"": {""open1"": ""9:00 am"", ""close1"": ""7:00 pm""}}","7 Mercer Walk, London WC2H 9FA, United Kingdom","[""adventurous"",""historic"",""specialist"",""literary"",""exploratory"",""practical""]"
165b69b1-41d8-4289-baac-3da6e72a8f33,STEREO Covent Garden,51.511658,-0.1221291,stereocoventgardenlondon,,"[""cocktails"",""livemusic"",""dancing"",""aperitifs"",""dinner"",""djs"",""performances"",""late"",""music"",""spirits""]",,"[""cocktail""]","[""evening"",""late""]",1,$$$,1,,london,stereo-covent-garden-ldn,,"[""https://www.instagram.com/stereocoventgardenlondon/?hl=en""]","{""Fri"": {""open1"": ""5:00 pm"", ""close1"": ""3:00 am""}, ""Mon"": null, ""Sat"": {""open1"": ""3:00 pm"", ""close1"": ""3:00 am""}, ""Sun"": null, ""Thu"": {""open1"": ""5:00 pm"", ""close1"": ""3:00 am""}, ""Tue"": null, ""Wed"": {""open1"": ""5:00 pm"", ""close1"": ""3:00 am""}}","35 The Piazza, London WC2E 8BE, United Kingdom","[""subterranean"",""electric"",""theatrical"",""glamorous"",""nocturnal"",""energetic""]"
1626a588-f63e-4919-aa02-626a2024a36b,Sucre Restaurant,51.5143745,-0.1384772,sucre.london,,"[""argentinian"",""steaks"",""empanadas"",""ceviche"",""chimichurri"",""margaritas"",""martinis"",""fire"",""sharing"",""cocktails""]",,"[""lunch"",""dinner""]","[""midday"",""evening""]",1,$$$,1,,london,sucre-restaurant-ldn,,"[""https://www.instagram.com/sucre.london/""]","{""Fri"": {""open1"": ""12:00 pm"", ""close1"": ""1:00 am""}, ""Mon"": {""open1"": ""12:00 pm"", ""close1"": ""1:00 am""}, ""Sat"": {""open1"": ""12:00 pm"", ""close1"": ""1:00 am""}, ""Sun"": {""open1"": ""12:00 pm"", ""close1"": ""11:00 pm""}, ""Thu"": {""open1"": ""12:00 pm"", ""close1"": ""1:00 am""}, ""Tue"": {""open1"": ""12:00 pm"", ""close1"": ""1:00 am""}, ""Wed"": {""open1"": ""12:00 pm"", ""close1"": ""1:00 am""}}","47b Great Marlborough St, London W1F 7JP, United Kingdom","[""glamorous"",""theatrical"",""smoky"",""opulent"",""vibrant"",""generous""]"
471c798d-cc03-4ea2-888f-0e228db6d032,SUMI,51.514804,-0.1963739,sumilondon,,"[""sushi"",""sashimi"",""robata"",""sake"",""whisky"",""cocktails"",""nigiri"",""temaki"",""seafood"",""japanese""]",,"[""lunch"",""dinner""]","[""midday"",""evening""]",1,$$$$,1,,london,sumi-ldn,,"[""https://www.instagram.com/sumilondon""]","{""Fri"": {""open1"": ""12:00 pm"", ""close1"": ""9:45 pm""}, ""Mon"": {""open1"": ""5:30 pm"", ""close1"": ""9:45 pm""}, ""Sat"": {""open1"": ""12:00 pm"", ""close1"": ""9:45 pm""}, ""Sun"": {""open1"": ""12:00 pm"", ""close1"": ""9:30 pm""}, ""Thu"": {""open1"": ""12:00 pm"", ""close1"": ""9:45 pm""}, ""Tue"": {""open1"": ""12:00 pm"", ""open2"": ""5:30 pm"", ""close1"": ""3:00 pm"", ""close2"": ""9:45 pm""}, ""Wed"": {""open1"": ""12:00 pm"", ""open2"": ""5:30 pm"", ""close1"": ""3:00 pm"", ""close2"": ""9:45 pm""}}","157 Westbourne Grove, London W11 2RS, United Kingdom","[""serene"",""precise"",""elegant"",""warm"",""refined"",""minimalist""]"
5fad113d-dd5c-4d7c-a9c7-7f0562e1cd49,Sune Restaurant,51.5354104,-0.0627228,restosune,,"[""european"",""smallplates"",""wine"",""brunches"",""seafood"",""vegetables"",""desserts"",""feasting"",""pairings"",""cocktails""]",,"[""lunch"",""dinner""]","[""midday"",""evening""]",1,$$$,1,,london,sune-restaurant-ldn,,"[""https://www.instagram.com/restosune/?hl=en""]","{""Fri"": {""open1"": ""12:00 pm"", ""close1"": ""11:30 pm""}, ""Mon"": null, ""Sat"": {""open1"": ""12:00 pm"", ""close1"": ""11:30 pm""}, ""Sun"": {""open1"": ""11:30 am"", ""close1"": ""5:30 pm""}, ""Thu"": {""open1"": ""12:00 pm"", ""close1"": ""11:30 pm""}, ""Tue"": {""open1"": ""6:00 pm"", ""close1"": ""11:30 pm""}, ""Wed"": {""open1"": ""12:00 pm"", ""close1"": ""11:30 pm""}}","129A Pritchard's Rd, London E2 9AP, United Kingdom","[""elegant"",""intimate"",""seasonal"",""relaxed"",""thoughtful"",""polished""]"
5ff5c3b5-f3ee-4a8c-aaa4-c8cb352331d0,Table at 464,51.5429653,-0.0758885,tableat464,,"[""wine"",""tasting"",""pairings"",""seafood"",""vegetables"",""desserts"",""fermentation"",""sauces"",""seasonal"",""gastronomy""]",,"[""wine bar""]","[""afternoon"",""evening""]",1,$$,1,,london,table-at-464-ldn,,"[""https://www.instagram.com/tableat464/?hl=en""]","{""Fri"": {""open1"": ""5:00 pm"", ""close1"": ""11:00 pm""}, ""Mon"": null, ""Sat"": {""open1"": ""3:00 pm"", ""close1"": ""11:00 pm""}, ""Sun"": null, ""Thu"": {""open1"": ""5:00 pm"", ""close1"": ""11:00 pm""}, ""Tue"": null, ""Wed"": {""open1"": ""5:00 pm"", ""close1"": ""11:00 pm""}}","464 Kingsland Rd, London E8 4AE, United Kingdom","[""intimate"",""polished"",""understated"",""elegant"",""calm"",""refined""]"
a2739cb3-04d2-4346-b0d2-83fe8a09ce85,Tate Britain,51.4910621,-0.1277886,tate,,"[""exhibitions"",""collections"",""paintings"",""sculpture"",""turner"",""archives"",""talks"",""screenings"",""tours"",""shop""]",,"[""museum""]","[""midday"",""afternoon""]",1,$,1,,london,tate-britain-ldn,,"[""https://www.instagram.com/tate/?hl=en""]","{""Fri"": {""open1"": ""10:00 am"", ""close1"": ""6:00 pm""}, ""Mon"": {""open1"": ""10:00 am"", ""close1"": ""6:00 pm""}, ""Sat"": {""open1"": ""10:00 am"", ""close1"": ""6:00 pm""}, ""Sun"": {""open1"": ""10:00 am"", ""close1"": ""6:00 pm""}, ""Thu"": {""open1"": ""10:00 am"", ""close1"": ""6:00 pm""}, ""Tue"": {""open1"": ""10:00 am"", ""close1"": ""6:00 pm""}, ""Wed"": {""open1"": ""10:00 am"", ""close1"": ""6:00 pm""}}","Millbank, London SW1P 4RG, United Kingdom","[""grand"",""historic"",""contemplative"",""institutional"",""serene"",""expansive""]"
e69bba02-24f0-4337-a5a9-5b29795e788b,Tate Modern,51.5075953,-0.0993564,tate,,"[""exhibitions"",""installations"",""sculpture"",""paintings"",""screenings"",""performances"",""collections"",""artists"",""talks"",""books""]",,"[""museum""]","[""midday"",""afternoon""]",1,$,1,,london,tate-modern-ldn,,"[""https://www.instagram.com/tate/?hl=en""]","{""Fri"": {""open1"": ""10:00 am"", ""close1"": ""9:00 pm""}, ""Mon"": {""open1"": ""10:00 am"", ""close1"": ""6:00 pm""}, ""Sat"": {""open1"": ""10:00 am"", ""close1"": ""9:00 pm""}, ""Sun"": {""open1"": ""10:00 am"", ""close1"": ""6:00 pm""}, ""Thu"": {""open1"": ""10:00 am"", ""close1"": ""6:00 pm""}, ""Tue"": {""open1"": ""10:00 am"", ""close1"": ""6:00 pm""}, ""Wed"": {""open1"": ""10:00 am"", ""close1"": ""6:00 pm""}}","Bankside, London SE1 9TG, United Kingdom","[""monumental"",""industrial"",""contemplative"",""expansive"",""cerebral"",""immersive""]"
1608bf6f-4849-45af-b49c-755a144c8c7e,Tenderbooks,51.5107684,-0.1274618,tenderbooks,,"[""publications"",""art"",""design"",""fashion"",""photography"",""editions"",""exhibitions"",""events"",""catalogues"",""research""]",,"[""bookstore""]","[""midday"",""afternoon""]",1,$,1,,london,tenderbooks-ldn,,"[""https://www.instagram.com/tenderbooks/""]","{""Fri"": {""open1"": ""12:00 pm"", ""close1"": ""6:00 pm""}, ""Mon"": null, ""Sat"": {""open1"": ""12:00 pm"", ""close1"": ""6:00 pm""}, ""Sun"": null, ""Thu"": {""open1"": ""12:00 pm"", ""close1"": ""6:00 pm""}, ""Tue"": {""open1"": ""12:00 pm"", ""close1"": ""6:00 pm""}, ""Wed"": {""open1"": ""12:00 pm"", ""close1"": ""6:00 pm""}}","6 Cecil Ct, London WC2N 4HE, United Kingdom","[""artistic"",""rarefied"",""minimal"",""avantgarde"",""intimate"",""cerebral""]"
c8b4904f-c782-4f49-81ef-191b87ad2154,The Alfred Tennyson,51.4996199,-0.156439,thealfredtennyson,,"[""british"",""european"",""roasts"",""squid"",""burgers"",""pies"",""fish"",""cocktails"",""wine"",""pints""]",,"[""pub""]","[""afternoon"",""evening""]",1,$$$,1,,london,the-alfred-tennyson-ldn,,"[""https://www.instagram.com/thealfredtennyson/""]","{""Fri"": {""open1"": ""10:30 am"", ""close1"": ""11:30 pm""}, ""Mon"": {""open1"": ""10:30 am"", ""close1"": ""11:00 pm""}, ""Sat"": {""open1"": ""10:30 am"", ""close1"": ""11:30 pm""}, ""Sun"": {""open1"": ""10:30 am"", ""close1"": ""10:30 pm""}, ""Thu"": {""open1"": ""10:30 am"", ""close1"": ""11:30 pm""}, ""Tue"": {""open1"": ""10:30 am"", ""close1"": ""11:00 pm""}, ""Wed"": {""open1"": ""10:30 am"", ""close1"": ""11:00 pm""}}","10 Motcomb St, London SW1X 8LA, United Kingdom","[""elegant"",""georgian"",""polished"",""warm"",""classic"",""convivial""]"
e098e669-eb77-476f-b8b1-ae750d093005,The Aubrey,51.5020714,-0.1602489,theaubreylondon,,"[""japanese"",""izakaya"",""sushi"",""sashimi"",""robata"",""wagyu"",""cocktails"",""brunch"",""djs"",""sake""]",,"[""brunch"",""dinner""]","[""midday"",""evening""]",1,$$$$,1,,london,the-aubrey-ldn,,"[""https://www.instagram.com/theaubreylondon/?hl=en""]","{""Fri"": {""open1"": ""5:00 pm"", ""close1"": ""2:00 am""}, ""Mon"": {""open1"": ""5:00 pm"", ""close1"": ""1:00 am""}, ""Sat"": {""open1"": ""12:00 pm"", ""close1"": ""2:00 am""}, ""Sun"": {""open1"": ""12:00 pm"", ""close1"": ""1:00 am""}, ""Thu"": {""open1"": ""5:00 pm"", ""close1"": ""1:00 am""}, ""Tue"": {""open1"": ""5:00 pm"", ""close1"": ""1:00 am""}, ""Wed"": {""open1"": ""5:00 pm"", ""close1"": ""1:00 am""}}","66 Knightsbridge, London SW1X 7LA, United Kingdom","[""eccentric"",""glamorous"",""immersive"",""ornate"",""energetic"",""luxurious""]"
57c8b28c-d9ae-4625-ba43-5713501ce3ca,The Audley Public House,51.5097208,-0.1516283,audleypublichouse,,"[""ales"",""roasts"",""pies"",""oysters"",""whisky"",""pints"",""sandwiches"",""caskbeer"",""seafood"",""puddings""]",,"[""pub""]","[""midday"",""evening""]",1,$$,1,,london,the-audley-public-house-ldn,,"[""https://www.instagram.com/audleypublichouse/?hl=en""]","{""Fri"": {""open1"": ""11:00 am"", ""close1"": ""11:00 pm""}, ""Mon"": {""open1"": ""11:00 am"", ""close1"": ""11:00 pm""}, ""Sat"": {""open1"": ""11:00 am"", ""close1"": ""11:00 pm""}, ""Sun"": {""open1"": ""11:00 am"", ""close1"": ""10:30 pm""}, ""Thu"": {""open1"": ""11:00 am"", ""close1"": ""11:00 pm""}, ""Tue"": {""open1"": ""11:00 am"", ""close1"": ""11:00 pm""}, ""Wed"": {""open1"": ""11:00 am"", ""close1"": ""11:00 pm""}}","41-43 Mount St, London W1K 2RX, United Kingdom","[""stately"",""historic"",""polished"",""traditional"",""warm"",""refined""]"
3b55f3d6-164e-4807-8692-ea6b81f2a58d,The Barbary Notting Hill,51.5152451,-0.1949189,barbarylondon,,"[""flatbreads"",""tahini"",""harissa"",""skewers"",""fire"",""grilling"",""lamb"",""hummus"",""mezze"",""couscous""]",,"[""lunch"",""dinner""]","[""midday"",""evening""]",1,$$$,1,,london,the-barbary-notting-hill-ldn,,"[""https://www.instagram.com/barbarylondon/?hl=en""]","{""Fri"": {""open1"": ""12:00 pm"", ""open2"": ""5:30 pm"", ""close1"": ""3:00 pm"", ""close2"": ""10:30 pm""}, ""Mon"": {""open1"": ""6:00 pm"", ""close1"": ""10:30 pm""}, ""Sat"": {""open1"": ""12:00 pm"", ""close1"": ""10:30 pm""}, ""Sun"": {""open1"": ""12:00 pm"", ""open2"": ""5:30 pm"", ""close1"": ""3:00 pm"", ""close2"": ""9:00 pm""}, ""Thu"": {""open1"": ""12:00 pm"", ""open2"": ""6:00 pm"", ""close1"": ""3:00 pm"", ""close2"": ""10:30 pm""}, ""Tue"": {""open1"": ""6:00 pm"", ""close1"": ""10:30 pm""}, ""Wed"": {""open1"": ""12:00 pm"", ""open2"": ""6:00 pm"", ""close1"": ""3:00 pm"", ""close2"": ""10:30 pm""}}","112 Westbourne Grove, London W2 5RU, United Kingdom","[""smoky"",""vibrant"",""rustic"",""animated"",""intimate"",""convivial""]"
0b781fee-c010-4c3a-8c95-4b9423d305aa,The Bath House — Banya London,51.4980767,-0.146611,banya.in.belgravia,,"[""banya"",""sauna"",""plunge"",""parenie"",""scrubs"",""massage"",""wraps"",""steam"",""recovery"",""thermal""]",,"[""spa""]","[""morning"",""midday""]",1,$$,1,,london,the-bath-house-banya-london-ldn,,"[""https://www.instagram.com/banya.in.belgravia""]","{""Fri"": {""open1"": ""10:00 am"", ""close1"": ""11:00 pm""}, ""Mon"": {""open1"": ""10:00 am"", ""close1"": ""11:00 pm""}, ""Sat"": {""open1"": ""10:00 am"", ""close1"": ""11:00 pm""}, ""Sun"": {""open1"": ""10:00 am"", ""close1"": ""10:00 pm""}, ""Thu"": {""open1"": ""10:00 am"", ""close1"": ""11:00 pm""}, ""Tue"": {""open1"": ""10:00 am"", ""close1"": ""11:00 pm""}, ""Wed"": {""open1"": ""10:00 am"", ""close1"": ""11:00 pm""}}","1 Grosvenor Gardens, London SW1W 0BD, United Kingdom","[""restorative"",""steamy"",""elemental"",""tranquil"",""ritualistic"",""enveloping""]"
ea5e3ae9-d608-4e05-9df4-72b265ee87eb,The Black Pig,51.5060594,-0.0910254,THEBLACKPIG_LDN,,"[""sandwiches"",""ciabatta"",""pork"",""parmesan"",""truffle"",""honey"",""mozzarella"",""coals"",""grilling"",""takeaway""]",,"[""lunch""]","[""midday"",""afternoon""]",1,$,1,,london,the-black-pig-ldn,,"[""https://www.instagram.com/THEBLACKPIG_LDN/""]","{""Fri"": {""open1"": ""10:00 am"", ""close1"": ""5:00 pm""}, ""Mon"": null, ""Sat"": {""open1"": ""9:00 am"", ""close1"": ""5:00 pm""}, ""Sun"": {""open1"": ""10:00 am"", ""close1"": ""4:00 pm""}, ""Thu"": {""open1"": ""10:00 am"", ""close1"": ""5:00 pm""}, ""Tue"": {""open1"": ""10:00 am"", ""close1"": ""5:00 pm""}, ""Wed"": {""open1"": ""10:00 am"", ""close1"": ""5:00 pm""}}","Borough Market Kitchen, Winchester Walk, London SE1 9AG, United Kingdom","[""smoky"",""indulgent"",""bustling"",""casual"",""hearty"",""unfussy""]"
87ec260d-cf9c-4761-a18d-13f569c10127,The Blue Legume Stoke Newington,51.5620703,-0.07928,thebluelegumen16,,"[""seafood"",""vegetables"",""wine"",""cocktails"",""lunch"",""dinner"",""seasonal"",""sharing"",""desserts"",""snacks""]",,"[""breakfast"",""lunch"",""dinner""]","[""morning"",""midday"",""evening""]",1,$$,1,,london,the-blue-legume-stoke-newington-ldn,,"[""https://www.instagram.com/thebluelegumen16/""]","{""Fri"": {""open1"": ""8:30 am"", ""close1"": ""10:00 pm""}, ""Mon"": {""open1"": ""8:30 am"", ""close1"": ""10:00 pm""}, ""Sat"": {""open1"": ""8:30 am"", ""close1"": ""10:00 pm""}, ""Sun"": {""open1"": ""8:30 am"", ""close1"": ""10:00 pm""}, ""Thu"": {""open1"": ""8:30 am"", ""close1"": ""10:00 pm""}, ""Tue"": {""open1"": ""8:30 am"", ""close1"": ""10:00 pm""}, ""Wed"": {""open1"": ""8:30 am"", ""close1"": ""10:00 pm""}}","St Mary's Court, 101 Stoke Newington Church St, London N16 0UD, United Kingdom","[""warm"",""casual"",""intimate"",""relaxed"",""understated"",""neighborhood""]"
eb5c5acb-60e5-4b52-8900-4373b1054987,The Brick Lane Vintage Market,51.5207958,-0.0720977,bricklanevintagemarket,,"[""vintage"",""apparel"",""denim"",""leather"",""sportswear"",""accessories"",""vinyl"",""stalls"",""traders"",""preowned""]",,"[""lifestyle""]","[""midday"",""afternoon""]",1,$$,1,,london,the-brick-lane-vintage-market-ldn,,"[""https://www.instagram.com/bricklanevintagemarket/?hl=en""]","{""Fri"": {""open1"": ""11:00 am"", ""close1"": ""6:30 pm""}, ""Mon"": {""open1"": ""11:00 am"", ""close1"": ""6:30 pm""}, ""Sat"": {""open1"": ""11:00 am"", ""close1"": ""6:00 pm""}, ""Sun"": {""open1"": ""10:00 am"", ""close1"": ""6:00 pm""}, ""Thu"": {""open1"": ""11:00 am"", ""close1"": ""6:30 pm""}, ""Tue"": {""open1"": ""11:00 am"", ""close1"": ""6:30 pm""}, ""Wed"": {""open1"": ""11:00 am"", ""close1"": ""6:30 pm""}}","85 Brick Ln, London E1 6QL, United Kingdom","[""nostalgic"",""underground"",""eclectic"",""gritty"",""youthful"",""maximal""]"
6bb7762e-cd78-435a-83c9-a4a7e79b4bed,The Buttery,51.4933865,-0.1499533,thebutterybelgravia,,"[""breakfast"",""brunch"",""coffee"",""cakes"",""cocktails"",""wine"",""seasonal"",""garden"",""pastries"",""lunch""]",,"[""breakfast"",""lunch""]","[""morning"",""midday""]",1,$$,1,,london,the-buttery-ldn,,"[""https://www.instagram.com/thebutterybelgravia/?hl=en""]","{""Fri"": {""open1"": ""7:30 am"", ""close1"": ""4:00 pm""}, ""Mon"": {""open1"": ""7:30 am"", ""close1"": ""4:00 pm""}, ""Sat"": {""open1"": ""8:00 am"", ""close1"": ""5:00 pm""}, ""Sun"": {""open1"": ""8:00 am"", ""close1"": ""5:00 pm""}, ""Thu"": {""open1"": ""7:30 am"", ""close1"": ""4:00 pm""}, ""Tue"": {""open1"": ""7:30 am"", ""close1"": ""4:00 pm""}, ""Wed"": {""open1"": ""7:30 am"", ""close1"": ""4:00 pm""}}","135-137 Ebury St, London SW1W 9QU, United Kingdom","[""rustic"",""airy"",""cozy"",""tranquil"",""wholesome"",""welcoming""]"
1abd732a-b1b2-46c9-9a57-205a39be73d4,The Cadogan Arms,51.4859969,-0.1729432,cadoganarmspublichouse,,"[""british"",""roasts"",""pies"",""oysters"",""scotcheggs"",""beers"",""cocktails"",""wines"",""snacks"",""produce""]",,"[""pub""]","[""afternoon"",""evening""]",1,$$$,1,,london,the-cadogan-arms-ldn,,"[""https://www.instagram.com/cadoganarmspublichouse/?hl=en""]","{""Fri"": {""open1"": ""12:00 pm"", ""close1"": ""1:00 am""}, ""Mon"": {""open1"": ""12:00 pm"", ""close1"": ""11:00 pm""}, ""Sat"": {""open1"": ""11:30 am"", ""close1"": ""1:00 am""}, ""Sun"": {""open1"": ""11:30 am"", ""close1"": ""10:00 pm""}, ""Thu"": {""open1"": ""12:00 pm"", ""close1"": ""12:00 am""}, ""Tue"": {""open1"": ""12:00 pm"", ""close1"": ""11:00 pm""}, ""Wed"": {""open1"": ""12:00 pm"", ""close1"": ""11:00 pm""}}","298 King's Rd, London SW3 5UG, United Kingdom","[""ornate"",""stately"",""polished"",""traditional"",""warm"",""refined""]"
8355d22d-ce92-4eb3-847d-4043b45a1547,The Carpenters Arms,51.523965,-0.0673461,thecarpsarms,,"[""ales"",""beers"",""whisky"",""organic"",""wines"",""pints"",""cocktails"",""cask"",""spirits"",""drinking""]",,"[""pub"",""bar""]","[""afternoon"",""evening"",""late""]",1,$$,1,,london,the-carpenters-arms-ldn,,"[""https://www.instagram.com/thecarpsarms/""]","{""Fri"": {""open1"": ""12:00 pm"", ""close1"": ""12:00 am""}, ""Mon"": {""open1"": ""3:00 pm"", ""close1"": ""11:00 pm""}, ""Sat"": {""open1"": ""12:00 pm"", ""close1"": ""12:00 am""}, ""Sun"": {""open1"": ""12:00 pm"", ""close1"": ""11:00 pm""}, ""Thu"": {""open1"": ""3:00 pm"", ""close1"": ""11:00 pm""}, ""Tue"": {""open1"": ""3:00 pm"", ""close1"": ""11:00 pm""}, ""Wed"": {""open1"": ""3:00 pm"", ""close1"": ""11:00 pm""}}","73 Cheshire St, London E2 6EG, United Kingdom","[""traditional"",""relaxed"",""friendly"",""weathered"",""local"",""convivial""]"
e6ae2a44-fef2-40ff-86f4-f272035b0fcd,The Connaught Bar,51.5101813,-0.1496858,theconnaught,,"[""cocktails"",""martinis"",""bitters"",""gin"",""trolley"",""mixology"",""spirits"",""champagne"",""olives"",""canapes""]",,"[""cocktail""]","[""evening"",""late""]",1,$$$,1,,london,the-connaught-bar-ldn,,"[""https://www.instagram.com/theconnaught/?hl=en""]","{""Fri"": {""open1"": ""4:00 pm"", ""close1"": ""1:00 am""}, ""Mon"": {""open1"": ""4:00 pm"", ""close1"": ""1:00 am""}, ""Sat"": {""open1"": ""4:00 pm"", ""close1"": ""1:00 am""}, ""Sun"": null, ""Thu"": {""open1"": ""4:00 pm"", ""close1"": ""1:00 am""}, ""Tue"": {""open1"": ""4:00 pm"", ""close1"": ""1:00 am""}, ""Wed"": {""open1"": ""4:00 pm"", ""close1"": ""1:00 am""}}","The Connaught, 16 Carlos Pl, London W1K 2AL, United Kingdom","[""glamorous"",""polished"",""timeless"",""elegant"",""theatrical"",""luxurious""]"
4a23df44-8978-44ce-929e-f6d879b651d1,The Coral Room,51.5172171,-0.1289725,thecoralroom,,"[""cocktails"",""martinis"",""champagne"",""palomas"",""spirits"",""aperitifs"",""spritzes"",""whisky"",""gin"",""bitters""]",,"[""cocktail"",""afternoon tea""]","[""afternoon"",""evening"",""late""]",1,$$$,1,,london,the-coral-room-ldn,,"[""https://www.instagram.com/thecoralroom/?hl=en""]","{""Fri"": {""open1"": ""9:00 am"", ""close1"": ""12:00 am""}, ""Mon"": {""open1"": ""9:00 am"", ""close1"": ""11:00 pm""}, ""Sat"": {""open1"": ""9:00 am"", ""close1"": ""12:00 am""}, ""Sun"": {""open1"": ""9:00 am"", ""close1"": ""11:00 pm""}, ""Thu"": {""open1"": ""9:00 am"", ""close1"": ""11:00 pm""}, ""Tue"": {""open1"": ""9:00 am"", ""close1"": ""11:00 pm""}, ""Wed"": {""open1"": ""9:00 am"", ""close1"": ""11:00 pm""}}","16-22 Great Russell St, London WC1B 3NN, United Kingdom","[""elegant"",""polished"",""glamorous"",""lively"",""refined"",""atmospheric""]"
0dc88442-4c6e-4054-90c1-c26b14211752,The Dover,51.5088915,-0.1429985,thedoverrestaurant,,"[""martinis"",""oysters"",""caviar"",""steaks"",""pasta"",""seafood"",""champagne"",""cocktails"",""truffle"",""desserts""]",,"[""lunch"",""dinner""]","[""midday"",""evening""]",1,$$$$,1,,london,the-dover-ldn,,"[""https://www.instagram.com/thedoverrestaurant/""]","{""Fri"": {""open1"": ""12:00 pm"", ""open2"": ""5:30 pm"", ""close1"": ""2:30 pm"", ""close2"": ""1:00 am""}, ""Mon"": {""open1"": ""5:30 pm"", ""close1"": ""12:30 am""}, ""Sat"": {""open1"": ""12:00 pm"", ""open2"": ""5:30 pm"", ""close1"": ""2:30 pm"", ""close2"": ""1:00 am""}, ""Sun"": null, ""Thu"": {""open1"": ""12:00 pm"", ""open2"": ""5:30 pm"", ""close1"": ""2:30 pm"", ""close2"": ""1:00 am""}, ""Tue"": {""open1"": ""12:00 pm"", ""open2"": ""5:30 pm"", ""close1"": ""2:30 pm"", ""close2"": ""12:30 am""}, ""Wed"": {""open1"": ""12:00 pm"", ""open2"": ""5:30 pm"", ""close1"": ""2:30 pm"", ""close2"": ""12:30 am""}}","33 Dover St, London W1S 4NF, United Kingdom","[""glamorous"",""moody"",""polished"",""decadent"",""cinematic"",""intimate""]"
5799813f-e2fe-44d0-8ec8-ca8e91e1dc56,The Dreamery,51.5402931,-0.0900937,dreameryldn,,"[""icecream"",""sundaes"",""softserve"",""sprinkles"",""desserts"",""waffles"",""milkshakes"",""toppings"",""sweets"",""cones""]",,"[""wine bar"",""dessert""]","[""afternoon"",""evening""]",1,$,1,,london,the-dreamery-ldn,,"[""https://www.instagram.com/dreameryldn/""]","{""Fri"": {""open1"": ""12:00 pm"", ""close1"": ""10:00 pm""}, ""Mon"": {""open1"": ""12:00 pm"", ""close1"": ""10:00 pm""}, ""Sat"": {""open1"": ""12:00 pm"", ""close1"": ""10:00 pm""}, ""Sun"": {""open1"": ""12:00 pm"", ""close1"": ""10:00 pm""}, ""Thu"": {""open1"": ""12:00 pm"", ""close1"": ""10:00 pm""}, ""Tue"": null, ""Wed"": {""open1"": ""12:00 pm"", ""close1"": ""10:00 pm""}}","20a Halliford St, London N1 3HD, United Kingdom","[""whimsical"",""dreamy"",""playful"",""nostalgic"",""colorful"",""cozy""]"
40077057-5171-4df0-980e-ee478b77e686,The Emory Rooftop Bar,51.5022522,-0.155593,theemorylondon,,"[""cocktails"",""champagne"",""oysters"",""skyline"",""djs"",""martinis"",""dancing"",""spirits"",""nightlife"",""music""]",,"[""cocktail"",""rooftop""]","[""evening"",""late""]",1,$$$,1,,london,the-emory-rooftop-bar-ldn,,"[""https://www.instagram.com/theemorylondon/?hl=en""]","{""Fri"": {""open1"": ""5:00 pm"", ""close1"": ""1:00 am""}, ""Mon"": {""open1"": ""5:00 pm"", ""close1"": ""1:00 am""}, ""Sat"": {""open1"": ""5:00 pm"", ""close1"": ""1:00 am""}, ""Sun"": {""open1"": ""5:00 pm"", ""close1"": ""12:00 am""}, ""Thu"": {""open1"": ""5:00 pm"", ""close1"": ""1:00 am""}, ""Tue"": {""open1"": ""5:00 pm"", ""close1"": ""1:00 am""}, ""Wed"": {""open1"": ""5:00 pm"", ""close1"": ""1:00 am""}}","Old Barrack Yard, London SW1X 7NP, United Kingdom","[""glamorous"",""elevated"",""lively"",""polished"",""cinematic"",""nocturnal""]"
3427a696-2b50-4f6f-83e3-5fff808802af,The Faltering Fullback,51.56855,-0.1082097,thefalteringfullback,,"[""thai"",""curries"",""noodles"",""stirfries"",""ales"",""pints"",""sport"",""music"",""quizzes"",""beers""]",,"[""pub""]","[""midday"",""afternoon"",""evening""]",1,$$,1,,london,the-faltering-fullback-ldn,,"[""https://www.instagram.com/thefalteringfullback/""]","{""Fri"": {""open1"": ""12:00 pm"", ""close1"": ""1:00 am""}, ""Mon"": {""open1"": ""12:00 pm"", ""close1"": ""12:00 am""}, ""Sat"": {""open1"": ""12:00 pm"", ""close1"": ""1:00 am""}, ""Sun"": {""open1"": ""12:00 pm"", ""close1"": ""11:30 pm""}, ""Thu"": {""open1"": ""12:00 pm"", ""close1"": ""12:00 am""}, ""Tue"": {""open1"": ""12:00 pm"", ""close1"": ""12:00 am""}, ""Wed"": {""open1"": ""12:00 pm"", ""close1"": ""12:00 am""}}","19 Perth Rd, Finsbury Park, London N4 3HB, United Kingdom","[""whimsical"",""boisterous"",""cozy"",""eccentric"",""leafy"",""nostalgic""]"
d9e47184-d747-4cf8-af98-a6a218c72ff6,The Fat Badger - Notting Hill,51.5210022,-0.2093261,thefatbadger_w10,,"[""roasts"",""seafood"",""setmenus"",""scallops"",""lobster"",""beef"",""potatoes"",""sorbet"",""doughnuts"",""wine""]",,"[""lunch"",""dinner""]","[""midday"",""evening""]",1,$$$$,1,,london,the-fat-badger-notting-hill-ldn,,"[""https://www.instagram.com/thefatbadger_w10/?hl=en""]","{""Fri"": {""open1"": ""12:00 pm"", ""close1"": ""1:00 am""}, ""Mon"": {""open1"": ""5:00 pm"", ""close1"": ""12:00 am""}, ""Sat"": {""open1"": ""12:00 pm"", ""close1"": ""1:00 am""}, ""Sun"": {""open1"": ""12:00 pm"", ""close1"": ""12:00 am""}, ""Thu"": {""open1"": ""5:00 pm"", ""close1"": ""12:00 am""}, ""Tue"": {""open1"": ""5:00 pm"", ""close1"": ""12:00 am""}, ""Wed"": {""open1"": ""5:00 pm"", ""close1"": ""12:00 am""}}","310 Portobello Rd, London W10 5TA, United Kingdom","[""handsome"",""nostalgic"",""polished"",""cozy"",""discreet"",""hearty""]"
280bc4e6-f462-414e-9a6d-a35c7905f2de,The Grocery Wine Vault,51.5288112,-0.0777285,grocerywinevault,,"[""wine"",""organic"",""naturalwine"",""biodynamic"",""beer"",""spirits"",""coffee"",""tastings"",""groceries"",""sampling""]",,"[""wine bar""]","[""afternoon"",""evening""]",1,$$,1,,london,the-grocery-wine-vault-ldn,,"[""https://www.instagram.com/grocerywinevault/""]","{""Fri"": {""open1"": ""10:00 am"", ""close1"": ""10:30 pm""}, ""Mon"": {""open1"": ""10:00 am"", ""close1"": ""10:30 pm""}, ""Sat"": {""open1"": ""10:00 am"", ""close1"": ""10:30 pm""}, ""Sun"": {""open1"": ""10:00 am"", ""close1"": ""10:30 pm""}, ""Thu"": {""open1"": ""10:00 am"", ""close1"": ""10:30 pm""}, ""Tue"": {""open1"": ""10:00 am"", ""close1"": ""10:30 pm""}, ""Wed"": {""open1"": ""10:00 am"", ""close1"": ""10:30 pm""}}","52 Kingsland Rd, London E2 8AB, United Kingdom","[""organic"",""eclectic"",""casual"",""earthy"",""practical"",""local""]"
de53ac97-4319-42fe-b460-51f94e0ba391,The Hero - Maida Vale,51.5243227,-0.1887564,thehero_w9,,"[""ales"",""cod"",""bavette"",""cheddar"",""roasts"",""pies"",""pints"",""sorbet"",""buns"",""seafood""]",,"[""lunch"",""dinner""]","[""midday"",""evening""]",1,$$,1,,london,the-hero-maida-vale-ldn,,"[""https://www.instagram.com/thehero_w9/""]","{""Fri"": {""open1"": ""12:00 pm"", ""close1"": ""12:00 am""}, ""Mon"": {""open1"": ""12:00 pm"", ""close1"": ""11:30 pm""}, ""Sat"": {""open1"": ""12:00 pm"", ""close1"": ""12:00 am""}, ""Sun"": {""open1"": ""12:00 pm"", ""close1"": ""10:00 pm""}, ""Thu"": {""open1"": ""12:00 pm"", ""close1"": ""11:30 pm""}, ""Tue"": {""open1"": ""12:00 pm"", ""close1"": ""11:30 pm""}, ""Wed"": {""open1"": ""12:00 pm"", ""close1"": ""11:30 pm""}}","55 Shirland Rd, London W9 2JD, United Kingdom","[""traditional"",""handsome"",""warm"",""convivial"",""nostalgic"",""bustling""]"
0cd6900f-a456-4a58-bc60-fd9fac6555d9,The Ivy Chelsea Garden,51.4869913,-0.1693306,the_ivy_collection,,"[""brunch"",""afternoontea"",""fishcakes"",""shepherdspie"",""cocktails"",""salads"",""pastries"",""live"",""vegetarian"",""desserts""]",,"[""breakfast"",""lunch"",""dinner""]","[""morning"",""midday"",""evening""]",1,$$$,1,,london,the-ivy-chelsea-garden-ldn,,"[""https://www.instagram.com/the_ivy_collection""]","{""Fri"": {""open1"": ""8:30 am"", ""close1"": ""12:30 am""}, ""Mon"": {""open1"": ""8:30 am"", ""close1"": ""12:00 am""}, ""Sat"": {""open1"": ""8:30 am"", ""close1"": ""12:30 am""}, ""Sun"": {""open1"": ""9:00 am"", ""close1"": ""11:30 pm""}, ""Thu"": {""open1"": ""8:30 am"", ""close1"": ""12:00 am""}, ""Tue"": {""open1"": ""8:30 am"", ""close1"": ""12:00 am""}, ""Wed"": {""open1"": ""8:30 am"", ""close1"": ""12:00 am""}}","197 King's Rd, London SW3 5EQ, United Kingdom","[""floral"",""elegant"",""polished"",""lush"",""bright"",""refined""]"
2ecec38c-c35e-4af3-b16e-368655263326,The Landseer Arms,51.5628673,-0.1227491,landseerarms,,"[""mediterranean"",""roasts"",""lunches"",""beers"",""ales"",""wine"",""cocktails"",""sandwiches"",""garden"",""pints""]",,"[""pub""]","[""afternoon"",""evening""]",1,$$,1,,london,the-landseer-arms-ldn,,"[""https://www.instagram.com/landseerarms/""]","{""Fri"": {""open1"": ""12:00 pm"", ""close1"": ""11:00 pm""}, ""Mon"": {""open1"": ""12:00 pm"", ""close1"": ""11:00 pm""}, ""Sat"": {""open1"": ""12:00 pm"", ""close1"": ""11:00 pm""}, ""Sun"": {""open1"": ""12:00 pm"", ""close1"": ""10:00 pm""}, ""Thu"": {""open1"": ""12:00 pm"", ""close1"": ""11:00 pm""}, ""Tue"": {""open1"": ""12:00 pm"", ""close1"": ""11:00 pm""}, ""Wed"": {""open1"": ""12:00 pm"", ""close1"": ""11:00 pm""}}","37 Landseer Rd, London N19 4JU, United Kingdom","[""relaxed"",""victorian"",""warm"",""convivial"",""unfussy"",""local""]"
a110a3e8-2bfb-4854-9665-f7eb48154df0,The Lion & Lamb,51.5296262,-0.0815114,friendsofthelion,,"[""djs"",""dancing"",""house"",""techno"",""tickets"",""pints"",""beers"",""spirits"",""music"",""crowds""]",,"[""pub""]","[""evening"",""late""]",1,$$,1,,london,the-lion-lamb-ldn,,"[""https://www.instagram.com/friendsofthelion/?hl=en""]","{""Fri"": {""open1"": ""6:00 pm"", ""close1"": ""2:00 am""}, ""Mon"": null, ""Sat"": {""open1"": ""7:00 pm"", ""close1"": ""2:00 am""}, ""Sun"": {""open1"": ""6:00 pm"", ""close1"": ""11:00 pm""}, ""Thu"": {""open1"": ""6:00 pm"", ""close1"": ""11:00 pm""}, ""Tue"": null, ""Wed"": {""open1"": ""6:00 pm"", ""close1"": ""11:00 pm""}}","46 Fanshaw St, London N1 6LG, United Kingdom","[""underground"",""raw"",""electric"",""intimate"",""sweaty"",""nocturnal""]"
312b389a-750d-4fe4-a1ea-9a0e063855fc,The Little Scarlet Door,51.5142897,-0.1309226,thelittlescarletdoor,,"[""cocktails"",""parties"",""brunch"",""djs"",""games"",""prosecco"",""palomas"",""spritzes"",""guacamole"",""toasties""]",,"[""cocktail""]","[""evening"",""late""]",1,$$,1,,london,the-little-scarlet-door-ldn,,"[""https://www.instagram.com/thelittlescarletdoor/?hl=en""]","{""Fri"": {""open1"": ""12:00 pm"", ""close1"": ""3:00 am""}, ""Mon"": {""open1"": ""4:00 pm"", ""close1"": ""1:00 am""}, ""Sat"": {""open1"": ""12:00 pm"", ""close1"": ""3:00 am""}, ""Sun"": {""open1"": ""12:00 pm"", ""close1"": ""11:00 pm""}, ""Thu"": {""open1"": ""12:00 pm"", ""close1"": ""2:00 am""}, ""Tue"": {""open1"": ""4:00 pm"", ""close1"": ""1:00 am""}, ""Wed"": {""open1"": ""12:00 pm"", ""close1"": ""1:00 am""}}","12-13 Greek St, London W1D 4DL, United Kingdom","[""playful"",""homely"",""lively"",""colorful"",""sociable"",""spirited""]"
f2e4eafe-2f35-465f-a543-e4e7ee7b70f7,The Mayfair Chippy,51.5131708,-0.1532625,mayfairchippy,,"[""fish"",""chips"",""haddock"",""cod"",""mussels"",""oysters"",""crab"",""tartare"",""gin"",""puddings""]",,"[""lunch"",""dinner""]","[""midday"",""evening""]",1,$$,1,,london,the-mayfair-chippy-ldn,,"[""https://www.instagram.com/mayfairchippy/?hl=en""]","{""Fri"": {""open1"": ""10:30 am"", ""close1"": ""10:30 pm""}, ""Mon"": {""open1"": ""10:30 am"", ""close1"": ""10:30 pm""}, ""Sat"": {""open1"": ""10:30 am"", ""close1"": ""10:30 pm""}, ""Sun"": {""open1"": ""10:30 am"", ""close1"": ""9:30 pm""}, ""Thu"": {""open1"": ""10:30 am"", ""close1"": ""10:30 pm""}, ""Tue"": {""open1"": ""10:30 am"", ""close1"": ""10:30 pm""}, ""Wed"": {""open1"": ""10:30 am"", ""close1"": ""10:30 pm""}}","14 N Audley St, London W1K 6WE, United Kingdom","[""polished"",""nostalgic"",""crisp"",""welcoming"",""casual"",""classic""]"
6c256465-58b1-4240-b55f-54770e4a474f,The Monocle cafe,51.5187865,-0.1546211,themonoclecafe,,"[""lattes"",""sandwiches"",""wine"",""magazines"",""coffee"",""pastries"",""espresso"",""breakfast"",""journals"",""retail""]",,"[""cafe""]","[""morning"",""midday""]",1,$,1,,london,the-monocle-cafe-ldn,,"[""https://www.instagram.com/themonoclecafe/""]","{""Fri"": {""open1"": ""7:00 am"", ""close1"": ""8:00 pm""}, ""Mon"": {""open1"": ""7:00 am"", ""close1"": ""8:00 pm""}, ""Sat"": {""open1"": ""8:00 am"", ""close1"": ""8:00 pm""}, ""Sun"": {""open1"": ""8:00 am"", ""close1"": ""7:00 pm""}, ""Thu"": {""open1"": ""7:00 am"", ""close1"": ""8:00 pm""}, ""Tue"": {""open1"": ""7:00 am"", ""close1"": ""8:00 pm""}, ""Wed"": {""open1"": ""7:00 am"", ""close1"": ""8:00 pm""}}","18 Chiltern St, London W1U 7QA, United Kingdom","[""polished"",""cosmopolitan"",""calm"",""compact"",""curated"",""urbane""]"
2e92c9be-f70a-443b-921d-1b84628962f9,The Mulwray,51.511127,-0.132611,themulwray,,"[""wine"",""naturalwine"",""bottles"",""growers"",""tastings"",""pours"",""whites"",""reds"",""cocktails"",""aperitifs""]",,"[""wine bar""]","[""afternoon"",""evening""]",1,$$,1,,london,the-mulwray-ldn,,"[""https://www.instagram.com/themulwray/""]","{""Fri"": {""open1"": ""3:00 pm"", ""close1"": ""11:30 pm""}, ""Mon"": null, ""Sat"": {""open1"": ""3:00 pm"", ""close1"": ""11:30 pm""}, ""Sun"": null, ""Thu"": {""open1"": ""5:00 pm"", ""close1"": ""11:00 pm""}, ""Tue"": {""open1"": ""5:00 pm"", ""close1"": ""10:30 pm""}, ""Wed"": {""open1"": ""5:00 pm"", ""close1"": ""10:30 pm""}}","First Floor, The Blue Posts, 28 Rupert St, London W1D 6DJ, United Kingdom","[""hidden"",""plush"",""intimate"",""polished"",""warm"",""sophisticated""]"
2717d8f4-c391-4151-b3f7-470f80f06ed4,The Orange Pub & Boutique Hotel Belgravia,51.4905533,-0.1523038,theorangepublichouse,,"[""pints"",""pizzas"",""roasts"",""mediterranean"",""british"",""cocktails"",""wine"",""breakfast"",""sharing"",""bedrooms""]",,"[""lunch"",""cocktail""]","[""midday"",""evening"",""late""]",1,$$$,1,,london,the-orange-pub-boutique-hotel-belgravia-ldn,,"[""https://www.instagram.com/theorangepublichouse/""]","{""Fri"": {""open1"": ""7:30 am"", ""close1"": ""11:30 pm""}, ""Mon"": {""open1"": ""7:30 am"", ""close1"": ""11:30 pm""}, ""Sat"": {""open1"": ""7:30 am"", ""close1"": ""12:00 am""}, ""Sun"": {""open1"": ""7:30 am"", ""close1"": ""10:30 pm""}, ""Thu"": {""open1"": ""7:30 am"", ""close1"": ""11:30 pm""}, ""Tue"": {""open1"": ""7:30 am"", ""close1"": ""11:30 pm""}, ""Wed"": {""open1"": ""7:30 am"", ""close1"": ""11:30 pm""}}","37 Pimlico Rd, London SW1W 8NE, United Kingdom","[""historic"",""cozy"",""polished"",""warm"",""convivial"",""traditional""]"
f6df8775-1cdf-438b-bebf-9cc824a31123,The Parakeet,51.5497816,-0.1404891,the_parakeet,,"[""woodfire"",""british"",""oysters"",""bream"",""oxcheek"",""duck"",""chocolate"",""mousse"",""sharing"",""guinness""]",,"[""pub""]","[""afternoon"",""evening""]",1,$$$,1,,london,the-parakeet-ldn,,"[""https://www.instagram.com/the_parakeet/?hl=en""]","{""Fri"": {""open1"": ""12:00 pm"", ""close1"": ""12:00 am""}, ""Mon"": {""open1"": ""12:00 pm"", ""close1"": ""12:00 am""}, ""Sat"": {""open1"": ""12:00 pm"", ""close1"": ""12:00 am""}, ""Sun"": {""open1"": ""12:00 pm"", ""close1"": ""10:30 pm""}, ""Thu"": {""open1"": ""12:00 pm"", ""close1"": ""12:00 am""}, ""Tue"": {""open1"": ""12:00 pm"", ""close1"": ""12:00 am""}, ""Wed"": {""open1"": ""12:00 pm"", ""close1"": ""12:00 am""}}","256 Kentish Town Rd, London NW5 2AA, United Kingdom","[""theatrical"",""vibrant"",""smoky"",""seasonal"",""warm"",""dramatic""]"
3352d3fc-6784-455e-a2a3-d615e91be79c,The Park,51.5104763,-0.186868,theparklondon,,"[""breakfast"",""american"",""italian"",""negronis"",""martinis"",""margaritas"",""booths"",""popcorn"",""cocktails"",""dinner""]",,"[""breakfast"",""lunch"",""dinner""]","[""morning"",""midday"",""afternoon""]",1,$$$,1,,london,the-park-ldn,,"[""https://www.instagram.com/theparklondon/""]","{""Fri"": {""open1"": ""7:00 am"", ""close1"": ""10:00 pm""}, ""Mon"": {""open1"": ""7:00 am"", ""close1"": ""10:00 pm""}, ""Sat"": {""open1"": ""8:00 am"", ""close1"": ""3:00 pm""}, ""Sun"": {""open1"": ""8:00 am"", ""close1"": ""9:30 pm""}, ""Thu"": {""open1"": ""7:00 am"", ""close1"": ""10:00 pm""}, ""Tue"": {""open1"": ""7:00 am"", ""close1"": ""10:00 pm""}, ""Wed"": {""open1"": ""7:00 am"", ""close1"": ""10:00 pm""}}","2 Queensway, London W2 3RX, United Kingdom","[""sleek"",""lively"",""polished"",""manhattan"",""sunny"",""energetic""]"
1db42037-60a5-4eca-85c7-7633462d2d35,The Pelican - Notting Hill,51.5187926,-0.2047072,thepelican_w11,,"[""roasts"",""pies"",""oysters"",""sausagerolls"",""ales"",""pints"",""wine"",""seafood"",""vegetables"",""puddings""]",,"[""lunch"",""dinner""]","[""midday"",""evening""]",1,$$$,1,,london,the-pelican-notting-hill-ldn,,"[""https://www.instagram.com/thepelican_w11/?hl=en""]","{""Fri"": {""open1"": ""12:00 pm"", ""close1"": ""12:00 am""}, ""Mon"": {""open1"": ""12:00 pm"", ""close1"": ""12:00 am""}, ""Sat"": {""open1"": ""12:00 pm"", ""close1"": ""12:00 am""}, ""Sun"": {""open1"": ""12:00 pm"", ""close1"": ""10:30 pm""}, ""Thu"": {""open1"": ""12:00 pm"", ""close1"": ""12:00 am""}, ""Tue"": {""open1"": ""12:00 pm"", ""close1"": ""12:00 am""}, ""Wed"": {""open1"": ""12:00 pm"", ""close1"": ""12:00 am""}}","45 All Saints Rd, London W11 1HE, United Kingdom","[""victorian"",""polished"",""warm"",""convivial"",""traditional"",""handsome""]"
64105fb5-514a-440a-9c74-12690c7c7d9e,The Photobook Cáfe UK,51.5244699,-0.0837506,photobookcafe,,"[""photography"",""printing"",""portraits"",""souvenirs"",""film"",""cameras"",""postcards"",""frames"",""gifts"",""memorabilia""]",,"[""cafe""]","[""morning"",""midday""]",1,$,1,,london,the-photobook-cafe-uk-ldn,,"[""https://www.instagram.com/photobookcafe/?hl=en""]","{""Fri"": {""open1"": ""8:00 am"", ""close1"": ""10:30 pm""}, ""Mon"": {""open1"": ""8:00 am"", ""close1"": ""10:30 pm""}, ""Sat"": {""open1"": ""10:00 am"", ""close1"": ""10:00 pm""}, ""Sun"": {""open1"": ""10:00 am"", ""close1"": ""4:00 pm""}, ""Thu"": {""open1"": ""8:00 am"", ""close1"": ""10:30 pm""}, ""Tue"": {""open1"": ""8:00 am"", ""close1"": ""10:30 pm""}, ""Wed"": {""open1"": ""8:00 am"", ""close1"": ""10:30 pm""}}","4 Leonard Circus, London EC2A 4DQ, United Kingdom","[""playful"",""nostalgic"",""colorful"",""quirky"",""energetic"",""youthful""]"
d3e8a588-8fbe-4971-be15-9e052678bfd9,The Plimsoll,51.5620146,-0.1051081,the.plimsoll,,"[""breakfast"",""coffee"",""cocktails"",""wine"",""rooms"",""balcony"",""pastries"",""lunch"",""dinner"",""lounging""]",,"[""pub""]","[""afternoon"",""evening""]",1,$$,1,,london,the-plimsoll-ldn,,"[""https://www.instagram.com/the.plimsoll/""]","{""Fri"": {""open1"": ""12:00 pm"", ""close1"": ""11:00 pm""}, ""Mon"": {""open1"": ""3:00 pm"", ""close1"": ""11:00 pm""}, ""Sat"": {""open1"": ""12:00 pm"", ""close1"": ""11:00 pm""}, ""Sun"": {""open1"": ""12:00 pm"", ""close1"": ""10:00 pm""}, ""Thu"": {""open1"": ""12:00 pm"", ""close1"": ""11:00 pm""}, ""Tue"": {""open1"": ""3:00 pm"", ""close1"": ""11:00 pm""}, ""Wed"": {""open1"": ""3:00 pm"", ""close1"": ""11:00 pm""}}","52 St Thomas's Rd, Finsbury Park, London N4 2QQ, United Kingdom","[""charming"",""historic"",""compact"",""polished"",""cozy"",""characterful""]"
163d7e60-3661-4add-888c-cd32f21a5905,The Roses Of Elagabalus,51.5455949,-0.075597,rosesofelagabalus,,"[""cocktails"",""martinis"",""oysters"",""wine"",""vermouth"",""spritzes"",""seafood"",""snacks"",""aperitifs"",""bottles""]",,"[""cocktail""]","[""evening"",""late""]",1,$$,1,,london,the-roses-of-elagabalus-ldn,,"[""https://www.instagram.com/rosesofelagabalus/?hl=en""]","{""Fri"": {""open1"": ""6:00 pm"", ""close1"": ""2:00 am""}, ""Mon"": null, ""Sat"": {""open1"": ""6:00 pm"", ""close1"": ""2:00 am""}, ""Sun"": {""open1"": ""6:00 pm"", ""close1"": ""11:00 pm""}, ""Thu"": {""open1"": ""6:00 pm"", ""close1"": ""12:00 am""}, ""Tue"": {""open1"": ""6:00 pm"", ""close1"": ""11:00 pm""}, ""Wed"": {""open1"": ""6:00 pm"", ""close1"": ""11:00 pm""}}","ground floor, 578 Kingsland Rd, London E8 4AH, United Kingdom","[""intimate"",""romantic"",""lowlit"",""relaxed"",""polished"",""convivial""]"
8e146d7b-782c-42d1-9a2c-0fa52bfc13bd,The Sanctuary &Soul | Sauna & Wellness Studio,51.5238936,-0.0666577,andsoulsanctuary,,"[""massage"",""facials"",""sauna"",""steam"",""treatments"",""recovery"",""relaxation"",""wellness"",""therapy"",""rituals""]",,"[""spa""]","[""morning"",""midday""]",1,$$,1,,london,the-sanctuary-soul-sauna-wellness-studio-ldn,,"[""https://www.instagram.com/andsoulsanctuary/?hl=en""]","{""Fri"": {""open1"": ""7:00 am"", ""close1"": ""10:00 pm""}, ""Mon"": {""open1"": ""7:00 am"", ""close1"": ""10:00 pm""}, ""Sat"": {""open1"": ""9:00 am"", ""close1"": ""10:00 pm""}, ""Sun"": {""open1"": ""9:00 am"", ""close1"": ""10:00 pm""}, ""Thu"": {""open1"": ""7:00 am"", ""close1"": ""10:00 pm""}, ""Tue"": {""open1"": ""7:00 am"", ""close1"": ""10:00 pm""}, ""Wed"": {""open1"": ""7:00 am"", ""close1"": ""10:00 pm""}}","114-116 Cheshire St, London E2 6EJ, United Kingdom","[""tranquil"",""restorative"",""serene"",""polished"",""soft"",""nurturing""]"
265d3a31-4e41-44c8-971c-01053f433d85,The Scotch of St James,51.5077346,-0.1369187,scotchofstjames,,"[""cocktails"",""whisky"",""bottles"",""djs"",""dancing"",""music"",""tables"",""spirits"",""parties"",""heritage""]",,"[""club""]","[""late""]",1,$$$$,1,,london,the-scotch-of-st-james-ldn,,"[""https://www.instagram.com/scotchofstjames/?hl=en""]","{""Fri"": {""open1"": ""11:00 pm"", ""close1"": ""5:00 am""}, ""Mon"": null, ""Sat"": {""open1"": ""11:00 pm"", ""close1"": ""5:00 am""}, ""Sun"": null, ""Thu"": {""open1"": ""11:00 pm"", ""close1"": ""5:00 am""}, ""Tue"": null, ""Wed"": null}","13 Masons Yard, London SW1Y 6BU, United Kingdom","[""legendary"",""rakish"",""glamorous"",""nocturnal"",""intimate"",""electric""]"
81c69ea4-1150-4428-93ad-9956b3df93cb,The Spurstowe Arms,51.5453895,-0.0631891,thespurstowearms,,"[""ales"",""pints"",""roasts"",""burgers"",""wine"",""cocktails"",""garden"",""football"",""lunch"",""dinner""]",,"[""pub""]","[""afternoon"",""evening""]",1,$$,1,,london,the-spurstowe-arms-ldn,,"[""https://www.instagram.com/thespurstowearms/""]","{""Fri"": {""open1"": ""3:30 pm"", ""close1"": ""12:00 am""}, ""Mon"": {""open1"": ""4:30 pm"", ""close1"": ""11:00 pm""}, ""Sat"": {""open1"": ""12:00 pm"", ""close1"": ""12:00 am""}, ""Sun"": {""open1"": ""12:00 pm"", ""close1"": ""11:00 pm""}, ""Thu"": {""open1"": ""4:30 pm"", ""close1"": ""11:00 pm""}, ""Tue"": {""open1"": ""4:30 pm"", ""close1"": ""11:00 pm""}, ""Wed"": {""open1"": ""4:30 pm"", ""close1"": ""11:00 pm""}}","68 Greenwood Rd, London E8 1AB, United Kingdom","[""relaxed"",""traditional"",""warm"",""local"",""convivial"",""unfussy""]"
514b5805-ed2a-45c4-a364-b842b7d0b6d0,The Sun Tavern,51.5273612,-0.0584154,thesuntavernbg,,"[""cocktails"",""whiskey"",""poitin"",""ales"",""djs"",""livemusic"",""snacks"",""pints"",""spirits"",""beers""]",,"[""cocktail""]","[""evening"",""late""]",1,$$,1,,london,the-sun-tavern-ldn,,"[""https://www.instagram.com/thesuntavernbg/""]","{""Fri"": {""open1"": ""1:00 pm"", ""close1"": ""2:00 am""}, ""Mon"": {""open1"": ""1:00 pm"", ""close1"": ""12:00 am""}, ""Sat"": {""open1"": ""1:00 pm"", ""close1"": ""2:00 am""}, ""Sun"": {""open1"": ""1:00 pm"", ""close1"": ""12:00 am""}, ""Thu"": {""open1"": ""1:00 pm"", ""close1"": ""2:00 am""}, ""Tue"": {""open1"": ""1:00 pm"", ""close1"": ""12:00 am""}, ""Wed"": {""open1"": ""1:00 pm"", ""close1"": ""12:00 am""}}","441 Bethnal Grn Rd, London E2 0AN, United Kingdom","[""historic"",""rowdy"",""soulful"",""warm"",""lively"",""weathered""]"
e99c1aea-4757-40ca-ba43-9c31547b7060,"The Surprise, Chelsea",51.4862239,-0.1630676,thesurprisechelsea,,"[""british"",""charcuterie"",""sausages"",""prawns"",""trout"",""cocktails"",""drinks"",""seasonal"",""cooking"",""wine""]",,"[""pub""]","[""afternoon"",""evening""]",1,$$,1,,london,the-surprise-chelsea-ldn,,"[""https://www.instagram.com/thesurprisechelsea/""]","{""Fri"": {""open1"": ""12:00 pm"", ""close1"": ""11:00 pm""}, ""Mon"": {""open1"": ""12:00 pm"", ""close1"": ""11:00 pm""}, ""Sat"": {""open1"": ""12:00 pm"", ""close1"": ""11:00 pm""}, ""Sun"": {""open1"": ""12:00 pm"", ""close1"": ""10:00 pm""}, ""Thu"": {""open1"": ""12:00 pm"", ""close1"": ""11:00 pm""}, ""Tue"": {""open1"": ""12:00 pm"", ""close1"": ""11:00 pm""}, ""Wed"": {""open1"": ""12:00 pm"", ""close1"": ""11:00 pm""}}","6 Christchurch Terrace, London SW3 4AJ, United Kingdom","[""warm"",""polished"",""welcoming"",""refreshed"",""relaxed"",""charming""]"
0c0682f6-0aa1-4fcb-8db2-4076afe283ca,The Tamil Crown,51.5320027,-0.1018477,the_tamil_crown,,"[""tamil"",""roti"",""bhel"",""okra"",""moilee"",""lamb"",""coconut"",""rice"",""bhaji"",""curries""]",,"[""lunch"",""dinner""]","[""midday"",""evening""]",1,$$,1,,london,the-tamil-crown-ldn,,"[""https://www.instagram.com/the_tamil_crown/""]","{""Fri"": {""open1"": ""12:00 pm"", ""close1"": ""11:00 pm""}, ""Mon"": {""open1"": ""5:00 pm"", ""close1"": ""11:00 pm""}, ""Sat"": {""open1"": ""11:00 am"", ""close1"": ""11:00 pm""}, ""Sun"": {""open1"": ""11:00 am"", ""close1"": ""11:00 pm""}, ""Thu"": {""open1"": ""12:00 pm"", ""close1"": ""11:00 pm""}, ""Tue"": {""open1"": ""12:00 pm"", ""close1"": ""11:00 pm""}, ""Wed"": {""open1"": ""12:00 pm"", ""close1"": ""11:00 pm""}}","16 Elia St, London N1 8DE, United Kingdom","[""aromatic"",""lively"",""hearty"",""warm"",""spirited"",""traditional""]"
745f97e6-09e6-4176-b1d8-761207c41730,The Thomas Cubitt Pub Belgravia,51.4937659,-0.1507481,thethomascubitt,,"[""roasts"",""pies"",""fish"",""chips"",""breakfast"",""ales"",""wine"",""cocktails"",""puddings"",""british""]",,"[""breakfast"",""lunch"",""dinner""]","[""morning"",""midday"",""afternoon""]",1,$$,1,,london,the-thomas-cubitt-pub-belgravia-ldn,,"[""https://www.instagram.com/thethomascubitt/""]","{""Fri"": {""open1"": ""8:00 am"", ""close1"": ""11:00 pm""}, ""Mon"": {""open1"": ""8:00 am"", ""close1"": ""11:00 pm""}, ""Sat"": {""open1"": ""12:00 pm"", ""close1"": ""11:00 pm""}, ""Sun"": {""open1"": ""12:00 pm"", ""close1"": ""10:30 pm""}, ""Thu"": {""open1"": ""8:00 am"", ""close1"": ""11:00 pm""}, ""Tue"": {""open1"": ""8:00 am"", ""close1"": ""11:00 pm""}, ""Wed"": {""open1"": ""8:00 am"", ""close1"": ""11:00 pm""}}","44 Elizabeth St, London SW1W 9PA, United Kingdom","[""georgian"",""handsome"",""traditional"",""warm"",""polished"",""convivial""]"
50ed1cc1-acf9-4527-8164-e640191ead39,The V&A Cafe,51.4973733,-0.1724352,vamuseum,,"[""pastries"",""teas"",""sandwiches"",""exhibitions"",""cakes"",""coffee"",""lunches"",""desserts"",""scones"",""culture""]",,"[""cafe""]","[""morning"",""midday""]",1,$$,1,,london,the-v-a-cafe-ldn,,"[""https://www.instagram.com/vamuseum""]","{""Fri"": {""open1"": ""10:00 am"", ""close1"": ""9:00 pm""}, ""Mon"": {""open1"": ""10:00 am"", ""close1"": ""5:00 pm""}, ""Sat"": {""open1"": ""10:00 am"", ""close1"": ""5:00 pm""}, ""Sun"": {""open1"": ""10:00 am"", ""close1"": ""5:00 pm""}, ""Thu"": {""open1"": ""10:00 am"", ""close1"": ""5:00 pm""}, ""Tue"": {""open1"": ""10:00 am"", ""close1"": ""5:00 pm""}, ""Wed"": {""open1"": ""10:00 am"", ""close1"": ""5:00 pm""}}","Cromwell Rd, London SW7 2RL, United Kingdom","[""grand"",""elegant"",""airy"",""refined"",""historic"",""serene""]"
613df34c-8398-44ca-8e48-2e5230d67124,The Walmer Castle,51.5151816,-0.199155,walmercastlenottinghill,,"[""british"",""seasonal"",""produce"",""guinness"",""cocktails"",""sours"",""lager"",""lunch"",""dinner"",""whisky""]",,"[""pub""]","[""afternoon"",""evening""]",1,$$,1,,london,the-walmer-castle-ldn,,"[""https://www.instagram.com/walmercastlenottinghill/?hl=en""]","{""Fri"": {""open1"": ""12:00 pm"", ""close1"": ""12:30 am""}, ""Mon"": {""open1"": ""12:00 pm"", ""close1"": ""11:30 pm""}, ""Sat"": {""open1"": ""12:00 pm"", ""close1"": ""12:30 am""}, ""Sun"": {""open1"": ""12:00 pm"", ""close1"": ""10:30 pm""}, ""Thu"": {""open1"": ""12:00 pm"", ""close1"": ""11:30 pm""}, ""Tue"": {""open1"": ""12:00 pm"", ""close1"": ""11:30 pm""}, ""Wed"": {""open1"": ""12:00 pm"", ""close1"": ""11:30 pm""}}","Walmer Castle, 58 Ledbury Rd, London W11 2AJ, United Kingdom","[""cozy"",""unfussy"",""modern"",""warm"",""polished"",""relaxed""]"
7ba44846-bb3e-432f-ba1b-5d0fd96d7774,The Water House Project,51.5337226,-0.058718,thewaterhouseproject,,"[""tasting"",""british"",""snacks"",""aperitifs"",""seasonal"",""vegetables"",""pairings"",""seafood"",""sustainability"",""gastronomy""]",,"[""dinner""]","[""evening""]",1,$$$$,1,,london,the-water-house-project-ldn,,"[""https://www.instagram.com/thewaterhouseproject/""]","{""Fri"": {""open1"": ""7:00 pm"", ""close1"": ""11:00 pm""}, ""Mon"": null, ""Sat"": {""open1"": ""7:00 pm"", ""close1"": ""11:00 pm""}, ""Sun"": null, ""Thu"": {""open1"": ""7:00 pm"", ""close1"": ""11:00 pm""}, ""Tue"": null, ""Wed"": {""open1"": ""7:00 pm"", ""close1"": ""11:00 pm""}}","1 Corbridge Cres, Cambridge Heath, London E2 9DT, United Kingdom","[""serene"",""minimal"",""refined"",""contemplative"",""intimate"",""polished""]"
63a7045b-856a-48c9-aab7-f562b0d1b007,Third coffee,51.4882659,-0.138694,thirdcoffeeuk,,"[""espresso"",""pourovers"",""beans"",""roasting"",""matcha"",""pastries"",""lattes"",""filtercoffee"",""brewing"",""teas""]",,"[""coffee""]","[""morning"",""midday""]",1,$,1,,london,third-coffee-ldn,,"[""https://www.instagram.com/thirdcoffeeuk/""]","{""Fri"": {""open1"": ""8:00 am"", ""close1"": ""4:00 pm""}, ""Mon"": {""open1"": ""8:30 am"", ""close1"": ""4:00 pm""}, ""Sat"": {""open1"": ""8:30 am"", ""close1"": ""4:00 pm""}, ""Sun"": {""open1"": ""8:30 am"", ""close1"": ""4:00 pm""}, ""Thu"": {""open1"": ""8:00 am"", ""close1"": ""4:00 pm""}, ""Tue"": {""open1"": ""8:00 am"", ""close1"": ""4:00 pm""}, ""Wed"": {""open1"": ""8:00 am"", ""close1"": ""4:00 pm""}}","52 Lupus St, Pimlico, London SW1V 3EE, United Kingdom","[""calm"",""minimal"",""focused"",""serene"",""understated"",""polished""]"
47b81858-5a55-4e1a-a431-d16912ef6f63,Thirst Bar Soho,51.5142616,-0.1311466,thirstbar,,"[""cocktails"",""djs"",""music"",""dancing"",""shots"",""spirits"",""parties"",""crowds"",""late"",""tequila""]",,"[""bar""]","[""evening"",""late""]",1,$$,1,,london,thirst-bar-soho-ldn,,"[""https://www.instagram.com/thirstbar/""]","{""Fri"": {""open1"": ""4:00 pm"", ""close1"": ""3:00 am""}, ""Mon"": {""open1"": ""4:00 pm"", ""close1"": ""3:00 am""}, ""Sat"": {""open1"": ""4:00 pm"", ""close1"": ""3:00 am""}, ""Sun"": {""open1"": ""4:00 pm"", ""close1"": ""12:00 am""}, ""Thu"": {""open1"": ""4:00 pm"", ""close1"": ""3:00 am""}, ""Tue"": {""open1"": ""4:00 pm"", ""close1"": ""3:00 am""}, ""Wed"": {""open1"": ""4:00 pm"", ""close1"": ""3:00 am""}}","53 Greek St, London W1D 3DR, United Kingdom","[""loud"",""electric"",""youthful"",""buzzing"",""nocturnal"",""energetic""]"
b45f4a9e-5845-4ea1-976b-29781b43fdff,Three Sheets Dalston,51.543952,-0.0758636,threesheetsbars,,"[""cocktails"",""martinis"",""highballs"",""aperitifs"",""whisky"",""negronis"",""spirits"",""mixology"",""vermouth"",""ice""]",,"[""cocktail""]","[""evening"",""late""]",1,$$,1,,london,three-sheets-dalston-ldn,,"[""https://www.instagram.com/threesheetsbars/""]","{""Fri"": {""open1"": ""5:00 pm"", ""close1"": ""1:00 am""}, ""Mon"": null, ""Sat"": {""open1"": ""3:00 pm"", ""close1"": ""1:00 am""}, ""Sun"": {""open1"": ""5:00 pm"", ""close1"": ""1:00 am""}, ""Thu"": {""open1"": ""5:00 pm"", ""close1"": ""1:00 am""}, ""Tue"": {""open1"": ""5:00 pm"", ""close1"": ""1:00 am""}, ""Wed"": {""open1"": ""5:00 pm"", ""close1"": ""1:00 am""}}","510b Kingsland Rd, London E8 4AB, United Kingdom","[""restrained"",""minimalist"",""intimate"",""polished"",""meticulous"",""understated""]"
c569a64b-8411-4ffc-a7b0-9363f780df95,Three Sheets Soho,51.5147541,-0.1309626,threesheetsbars,,"[""cocktails"",""french75"",""highballs"",""martinis"",""spirits"",""aperitifs"",""whisky"",""negronis"",""bites"",""mixology""]",,"[""cocktail""]","[""evening"",""late""]",1,$$,1,,london,three-sheets-soho-ldn,,"[""https://www.instagram.com/threesheetsbars/""]","{""Fri"": {""open1"": ""4:00 pm"", ""close1"": ""12:00 am""}, ""Mon"": {""open1"": ""4:00 pm"", ""close1"": ""11:30 pm""}, ""Sat"": {""open1"": ""3:00 pm"", ""close1"": ""12:00 am""}, ""Sun"": {""open1"": ""4:00 pm"", ""close1"": ""10:30 pm""}, ""Thu"": {""open1"": ""4:00 pm"", ""close1"": ""11:30 pm""}, ""Tue"": {""open1"": ""4:00 pm"", ""close1"": ""11:30 pm""}, ""Wed"": {""open1"": ""4:00 pm"", ""close1"": ""11:30 pm""}}","13 Manette St, London W1D 4AP, United Kingdom","[""minimal"",""precise"",""understated"",""intimate"",""balanced"",""polished""]"
3bd0c5dc-5434-452c-acf6-a6cf595a45d3,Tiny Wine Bar & Shop,51.5195017,-0.1400798,wedotinywine,,"[""wine"",""latin"",""ceviche"",""empanadas"",""snacks"",""bottles"",""cocktails"",""sharing"",""seafood"",""pours""]",,"[""wine bar""]","[""afternoon"",""evening""]",1,$$,1,,london,tiny-wine-bar-shop-ldn,,"[""https://www.instagram.com/wedotinywine/""]","{""Fri"": {""open1"": ""1:00 pm"", ""close1"": ""11:30 pm""}, ""Mon"": null, ""Sat"": {""open1"": ""1:00 pm"", ""close1"": ""11:30 pm""}, ""Sun"": null, ""Thu"": {""open1"": ""4:00 pm"", ""close1"": ""11:30 pm""}, ""Tue"": {""open1"": ""4:00 pm"", ""close1"": ""10:30 pm""}, ""Wed"": {""open1"": ""4:00 pm"", ""close1"": ""11:00 pm""}}","21 Foley St, London W1W 6DR, United Kingdom","[""intimate"",""playful"",""relaxed"",""lowlit"",""convivial"",""compact""]"
19f81969-e43b-402c-8aaf-6dfbfb994747,Toconoco,51.5383498,-0.0783027,toconoco,,"[""japanese"",""tea"",""cakes"",""snacks"",""lunchboxes"",""juices"",""rice"",""miso"",""matcha"",""families""]",,"[""cafe""]","[""morning"",""midday""]",1,$,1,,london,toconoco-ldn,,"[""https://www.instagram.com/toconoco/""]","{""Fri"": {""open1"": ""10:30 am"", ""close1"": ""5:00 pm""}, ""Mon"": {""open1"": ""10:30 am"", ""close1"": ""5:00 pm""}, ""Sat"": {""open1"": ""10:30 am"", ""close1"": ""5:00 pm""}, ""Sun"": {""open1"": ""10:30 am"", ""close1"": ""5:00 pm""}, ""Thu"": {""open1"": ""10:30 am"", ""close1"": ""5:00 pm""}, ""Tue"": null, ""Wed"": {""open1"": ""10:30 am"", ""close1"": ""5:00 pm""}}","Unit A, 28 Hertford Rd, London N1 5QT, United Kingdom","[""tranquil"",""homey"",""gentle"",""hidden"",""warm"",""playful""]"
5f8969cd-8436-4216-a90c-8652215fdc35,Tom's Pasta,51.554443,-0.0664175,tomspasta,,"[""pasta"",""lasagne"",""rigatoni"",""burrata"",""tiramisu"",""sourdough"",""parmesan"",""olives"",""ragu"",""wine""]",,"[""dinner""]","[""evening""]",1,$$,1,,london,toms-pasta-ldn,,"[""https://www.instagram.com/tomspasta/?hl=en""]","{""Fri"": {""open1"": ""5:30 pm"", ""close1"": ""10:00 pm""}, ""Mon"": null, ""Sat"": {""open1"": ""5:30 pm"", ""close1"": ""10:00 pm""}, ""Sun"": null, ""Thu"": {""open1"": ""5:30 pm"", ""close1"": ""10:00 pm""}, ""Tue"": {""open1"": ""5:30 pm"", ""close1"": ""10:00 pm""}, ""Wed"": {""open1"": ""5:30 pm"", ""close1"": ""10:00 pm""}}","Hackney Downs Studios, 17 Amhurst Terrace, Lower Clapton, London E8 2BT, United Kingdom","[""cozy"",""nostalgic"",""convivial"",""creamy"",""unfussy"",""warm""]"
913086e4-4a14-44b9-9cc9-3b7f40e9b58e,Top Cuvée Highbury,51.5608088,-0.0982643,topcuvee,,"[""natural wine"",""small plates"",""seasonal"",""bottles"",""beer"",""orange wine"",""tastings"",""snacks"",""dinner"",""pours""]",,"[""lunch"",""dinner""]","[""midday"",""evening""]",1,$$$,1,,london,top-cuvee-highbury-ldn,,"[""https://www.instagram.com/topcuvee/""]","{""Fri"": {""open1"": ""4:00 pm"", ""close1"": ""12:00 am""}, ""Mon"": null, ""Sat"": {""open1"": ""12:00 pm"", ""close1"": ""12:00 am""}, ""Sun"": {""open1"": ""12:00 pm"", ""close1"": ""11:00 pm""}, ""Thu"": {""open1"": ""4:00 pm"", ""close1"": ""12:00 am""}, ""Tue"": null, ""Wed"": {""open1"": ""4:00 pm"", ""close1"": ""12:00 am""}}","177B Blackstock Rd, London N5 2LL, United Kingdom","[""lively"",""relaxed"",""convivial"",""approachable"",""warm"",""stylish""]"
9dff19a4-0748-4fb2-9b91-a91f82c5fdbc,Top Cuvée Shoreditch,51.5261427,-0.0665891,topcuvee,,"[""natural wine"",""bottles"",""tastings"",""beer"",""snacks"",""masterclasses"",""orange wine"",""dinner"",""pours"",""friends""]",,"[""wine bar""]","[""afternoon"",""evening""]",1,$$,1,,london,top-cuvee-shoreditch-ldn,,"[""https://www.instagram.com/topcuvee/""]","{""Fri"": {""open1"": ""3:00 pm"", ""close1"": ""11:00 pm""}, ""Mon"": null, ""Sat"": {""open1"": ""12:00 pm"", ""close1"": ""11:00 pm""}, ""Sun"": {""open1"": ""12:00 pm"", ""close1"": ""9:00 pm""}, ""Thu"": {""open1"": ""5:00 pm"", ""close1"": ""11:00 pm""}, ""Tue"": null, ""Wed"": {""open1"": ""5:00 pm"", ""close1"": ""10:00 pm""}}","250A Bethnal Grn Rd, London E2 0AA, United Kingdom","[""intimate"",""hidden"",""casual"",""sociable"",""lowlit"",""energetic""]"
c4fdd00b-1d15-4bec-8720-ab075f05a1be,Towpath,51.5372063,-0.081233,friendsof_towpathcafe,,"[""breakfast"",""lunch"",""eggs"",""pastries"",""vegetables"",""salads"",""coffee"",""cakes"",""sandwiches"",""seasonal""]",,"[""cafe""]","[""morning"",""midday""]",1,$,1,,london,towpath-ldn,,"[""https://www.instagram.com/friendsof_towpathcafe/""]","{""Fri"": {""open1"": ""9:00 am"", ""close1"": ""11:00 pm""}, ""Mon"": null, ""Sat"": {""open1"": ""9:00 am"", ""close1"": ""11:00 pm""}, ""Sun"": {""open1"": ""9:00 am"", ""close1"": ""5:00 pm""}, ""Thu"": {""open1"": ""9:00 am"", ""close1"": ""11:00 pm""}, ""Tue"": null, ""Wed"": {""open1"": ""9:00 am"", ""close1"": ""5:00 pm""}}","42 De Beauvoir Cres, London N1 5SB, United Kingdom","[""rustic"",""seasonal"",""canalside"",""relaxed"",""soulful"",""unfussy""]"
42318713-ccad-4e11-8f5d-e5feb67f1655,Travellers' Tales,51.5167643,-0.1477109,travellerstaleslondon,,"[""travel"",""guides"",""photography"",""novels"",""rare"",""editions"",""gifting"",""planning"",""adventures"",""events""]",,"[""bookstore""]","[""midday"",""afternoon""]",1,$,1,,london,travellers-tales-ldn,,"[""https://www.instagram.com/travellerstaleslondon/""]","{""Fri"": {""open1"": ""10:00 am"", ""close1"": ""6:00 pm""}, ""Mon"": null, ""Sat"": {""open1"": ""10:00 am"", ""close1"": ""6:00 pm""}, ""Sun"": null, ""Thu"": {""open1"": ""10:00 am"", ""close1"": ""6:00 pm""}, ""Tue"": {""open1"": ""10:00 am"", ""close1"": ""6:00 pm""}, ""Wed"": {""open1"": ""10:00 am"", ""close1"": ""6:00 pm""}}","87 Wimpole St, London W1G 9RL, United Kingdom","[""refined"",""wanderlust"",""literary"",""intimate"",""aspirational"",""elegant""]"
39bf43be-e160-4500-bbf2-432c189dfd23,Two Temple Place,51.5116353,-0.1122429,twotempleplace,,"[""exhibitions"",""collections"",""talks"",""installations"",""archives"",""screenings"",""tours"",""lectures"",""commissions"",""performances""]",,"[""museum""]","[""midday"",""afternoon""]",1,$,1,,london,two-temple-place-ldn,,"[""https://www.instagram.com/twotempleplace/""]","{""Fri"": null, ""Mon"": null, ""Sat"": null, ""Sun"": null, ""Thu"": null, ""Tue"": null, ""Wed"": null}","2 Temple Pl, Temple, London WC2R 3BD, United Kingdom","[""gothic"",""ornate"",""cinematic"",""historic"",""contemplative"",""stately""]"
d5d41f49-07f0-4e25-9efb-673ea4f7457b,Uchi Bake,51.5536097,-0.0559858,uchibake,,"[""japanese"",""coffee"",""bakes"",""mochi"",""cookies"",""snacks"",""sandos"",""brunch"",""tea"",""matcha""]",,"[""cafe""]","[""morning"",""midday""]",1,$,1,,london,uchi-bake-ldn,,"[""https://www.instagram.com/uchibake/?hl=en""]","{""Fri"": {""open1"": ""8:00 am"", ""close1"": ""6:00 pm""}, ""Mon"": {""open1"": ""8:00 am"", ""close1"": ""7:00 pm""}, ""Sat"": {""open1"": ""8:00 am"", ""close1"": ""6:00 pm""}, ""Sun"": {""open1"": ""9:00 am"", ""close1"": ""8:00 pm""}, ""Thu"": {""open1"": ""8:00 am"", ""close1"": ""6:00 pm""}, ""Tue"": null, ""Wed"": {""open1"": ""8:00 am"", ""close1"": ""7:00 pm""}}","140 Clarence Rd, Lower Clapton, London E5 8DY, United Kingdom","[""serene"",""delicate"",""minimal"",""gentle"",""warm"",""intimate""]"
5434014d-76df-45c6-bd3d-01fd00d9737c,Vaulty Towers,51.5011347,-0.1119067,vaultytowersuk,,"[""cocktails"",""craftbeer"",""djs"",""quizzes"",""comedy"",""livemusic"",""dancing"",""events"",""pints"",""parties""]",,"[""pub"",""bar""]","[""afternoon"",""evening"",""late""]",1,$$,1,,london,vaulty-towers-ldn,,"[""https://www.instagram.com/vaultytowersuk/?hl=en""]","{""Fri"": {""open1"": ""12:00 pm"", ""close1"": ""1:00 am""}, ""Mon"": {""open1"": ""12:00 pm"", ""close1"": ""11:00 pm""}, ""Sat"": {""open1"": ""12:00 pm"", ""close1"": ""1:00 am""}, ""Sun"": {""open1"": ""12:00 pm"", ""close1"": ""11:00 pm""}, ""Thu"": {""open1"": ""12:00 pm"", ""close1"": ""1:00 am""}, ""Tue"": {""open1"": ""12:00 pm"", ""close1"": ""12:00 am""}, ""Wed"": {""open1"": ""12:00 pm"", ""close1"": ""12:00 am""}}","34 Lower Marsh, London SE1 7RG, United Kingdom","[""quirky"",""theatrical"",""chaotic"",""playful"",""colorful"",""offbeat""]"
05fd76fe-9010-4fc7-8cc8-c0042bec31e8,Veraison Wines,51.4734191,-0.0878615,veraisonwineslondon,,"[""wine"",""bottles"",""tastings"",""cheeses"",""supperclubs"",""producers"",""natural wine"",""classical"",""pours"",""shopping""]",,"[""wine bar""]","[""afternoon"",""evening""]",1,$$,1,,london,veraison-wines-ldn,,"[""https://www.instagram.com/veraisonwineslondon/""]","{""Fri"": {""open1"": ""12:00 pm"", ""close1"": ""10:30 pm""}, ""Mon"": {""open1"": ""5:00 pm"", ""close1"": ""10:30 pm""}, ""Sat"": {""open1"": ""12:00 pm"", ""close1"": ""10:30 pm""}, ""Sun"": {""open1"": ""12:00 pm"", ""close1"": ""7:30 pm""}, ""Thu"": {""open1"": ""5:00 pm"", ""close1"": ""10:30 pm""}, ""Tue"": {""open1"": ""5:00 pm"", ""close1"": ""10:30 pm""}, ""Wed"": {""open1"": ""5:00 pm"", ""close1"": ""10:30 pm""}}","78 Camberwell Church St, London SE5 8QZ, United Kingdom","[""chic"",""intimate"",""lowlit"",""thoughtful"",""relaxed"",""polished""]"
d64952ba-111d-4e63-8c17-359a8273f0f4,Viajante87,51.5087505,-0.1974754,viajantebar,,"[""cocktails"",""mezcal"",""tequila"",""latin"",""spirits"",""signature"",""plates"",""music"",""late"",""mixology""]",,"[""cocktail""]","[""evening"",""late""]",1,$$$,1,,london,viajante87-ldn,,"[""https://www.instagram.com/viajantebar/?hl=en""]","{""Fri"": {""open1"": ""6:00 pm"", ""close1"": ""2:30 am""}, ""Mon"": null, ""Sat"": {""open1"": ""6:00 pm"", ""close1"": ""2:30 am""}, ""Sun"": null, ""Thu"": {""open1"": ""6:00 pm"", ""close1"": ""12:00 am""}, ""Tue"": null, ""Wed"": null}","87 Notting Hill Gate, London W11 3JZ, United Kingdom","[""vibrant"",""intimate"",""elegant"",""highenergy"",""worldly"",""polished""]"
99e5de99-998b-4935-8e72-602dff291325,Victoria Miro,51.5303665,-0.094949,victoriamirogallery,,"[""exhibitions"",""artists"",""installations"",""painting"",""sculpture"",""collectors"",""editions"",""catalogues"",""commissions"",""openings""]",,"[""gallery""]","[""midday"",""afternoon""]",1,$,1,,london,victoria-miro-ldn,,"[""https://www.instagram.com/victoriamirogallery/""]","{""Fri"": null, ""Mon"": null, ""Sat"": null, ""Sun"": null, ""Thu"": null, ""Tue"": null, ""Wed"": null}","16 Wharf Rd, London N1 7RW, United Kingdom","[""polished"",""contemplative"",""expansive"",""cerebral"",""refined"",""contemporary""]"
ae21c506-73dc-461f-ace5-4946d0297b4e,Village Underground,51.5235165,-0.0785259,villageunderground,,"[""concerts"",""clubnights"",""exhibitions"",""theatre"",""performances"",""tickets"",""electronic"",""dancing"",""filming"",""events""]",,"[""club""]","[""late""]",1,$$$,1,,london,village-underground-ldn,,"[""https://www.instagram.com/villageunderground/""]","{""Fri"": null, ""Mon"": null, ""Sat"": null, ""Sun"": null, ""Thu"": null, ""Tue"": null, ""Wed"": null}","54 Holywell Ln, London EC2A 3PQ, United Kingdom","[""industrial"",""creative"",""raw"",""cultural"",""expansive"",""energetic""]"
f8065c45-e406-433a-b4fb-379afcc96726,Vincenzo's Pizza,51.5248524,-0.0713985,original_vincenzos_pizza,,"[""pizza"",""slices"",""newyork"",""burrata"",""cheese"",""takeaway"",""late"",""dough"",""tomato"",""pepperoni""]",,"[""lunch""]","[""midday"",""afternoon""]",1,$,1,,london,vincenzos-pizza-ldn,,"[""https://www.instagram.com/original_vincenzos_pizza/?hl=en""]","{""Fri"": {""open1"": ""12:00 pm"", ""close1"": ""10:00 pm""}, ""Mon"": {""open1"": ""12:00 pm"", ""close1"": ""10:00 pm""}, ""Sat"": {""open1"": ""12:00 pm"", ""close1"": ""10:00 pm""}, ""Sun"": {""open1"": ""12:00 pm"", ""close1"": ""10:00 pm""}, ""Thu"": {""open1"": ""12:00 pm"", ""close1"": ""10:00 pm""}, ""Tue"": {""open1"": ""12:00 pm"", ""close1"": ""10:00 pm""}, ""Wed"": {""open1"": ""12:00 pm"", ""close1"": ""10:00 pm""}}","122 Bethnal Grn Rd, London E2 6DG, United Kingdom","[""casual"",""nostalgic"",""energetic"",""unfussy"",""urban"",""lively""]"
a58a0d80-8e7f-4bd3-9fe6-133895e05a5a,Vine Bermondsey Street,51.5001034,-0.0817479,vineflowersandwine,,"[""wine"",""beer"",""spirits"",""cigars"",""flowers"",""bottles"",""glasses"",""nibbles"",""tastings"",""gatherings""]",,"[""wine bar""]","[""afternoon"",""evening""]",1,$$,1,,london,vine-bermondsey-street-ldn,,"[""https://www.instagram.com/vineflowersandwine/""]","{""Fri"": {""open1"": ""11:00 am"", ""open2"": ""3:30 pm"", ""close1"": ""3:00 pm"", ""close2"": ""10:30 pm""}, ""Mon"": {""open1"": ""11:00 am"", ""open2"": ""3:30 pm"", ""close1"": ""3:00 pm"", ""close2"": ""10:30 pm""}, ""Sat"": {""open1"": ""11:00 am"", ""close1"": ""10:30 pm""}, ""Sun"": {""open1"": ""11:00 am"", ""close1"": ""10:00 pm""}, ""Thu"": {""open1"": ""11:00 am"", ""open2"": ""3:30 pm"", ""close1"": ""3:00 pm"", ""close2"": ""10:30 pm""}, ""Tue"": {""open1"": ""11:00 am"", ""open2"": ""3:30 pm"", ""close1"": ""3:00 pm"", ""close2"": ""10:30 pm""}, ""Wed"": {""open1"": ""11:00 am"", ""open2"": ""3:30 pm"", ""close1"": ""3:00 pm"", ""close2"": ""10:30 pm""}}","126 Bermondsey St, London SE1 3TX, United Kingdom","[""slinky"",""relaxed"",""intimate"",""cozy"",""polished"",""warm""]"
f40e3b1b-9360-4e74-81dd-4da630fb6cc3,Waltz,51.5232303,-0.0828898,waltzbar,,"[""cocktails"",""highballs"",""spirits"",""microseasons"",""whisky"",""aperitifs"",""barseats"",""mixology"",""vessels"",""balance""]",,"[""cocktail""]","[""evening"",""late""]",1,$$$,1,,london,waltz-ldn,,"[""https://www.instagram.com/waltzbar/""]","{""Fri"": {""open1"": ""5:00 pm"", ""close1"": ""12:00 am""}, ""Mon"": {""open1"": ""5:00 pm"", ""close1"": ""11:00 pm""}, ""Sat"": {""open1"": ""5:00 pm"", ""close1"": ""12:00 am""}, ""Sun"": null, ""Thu"": {""open1"": ""5:00 pm"", ""close1"": ""11:00 pm""}, ""Tue"": {""open1"": ""5:00 pm"", ""close1"": ""11:00 pm""}, ""Wed"": {""open1"": ""5:00 pm"", ""close1"": ""11:00 pm""}}","28 Scrutton St, London EC2A 4RP, United Kingdom","[""precise"",""intimate"",""japanese"",""refined"",""contemplative"",""cinematic""]"
67b0afae-d873-4139-bdc2-fc2042fef346,Well & Bucket,51.5253753,-0.0710489,wellandbucket,,"[""oysters"",""seafood"",""lagers"",""craftbeer"",""spirits"",""wine"",""cocktails"",""ales"",""pints"",""shellfish""]",,"[""pub"",""bar""]","[""afternoon"",""evening""]",1,$$,1,,london,well-bucket-ldn,,"[""https://www.instagram.com/wellandbucket/?hl=en""]","{""Fri"": {""open1"": ""12:00 pm"", ""close1"": ""12:30 am""}, ""Mon"": {""open1"": ""12:00 pm"", ""close1"": ""11:00 pm""}, ""Sat"": {""open1"": ""12:00 pm"", ""close1"": ""12:30 am""}, ""Sun"": {""open1"": ""12:00 pm"", ""close1"": ""11:00 pm""}, ""Thu"": {""open1"": ""12:00 pm"", ""close1"": ""12:00 am""}, ""Tue"": {""open1"": ""12:00 pm"", ""close1"": ""11:00 pm""}, ""Wed"": {""open1"": ""12:00 pm"", ""close1"": ""12:00 am""}}","143 Bethnal Grn Rd, London E2 7DG, United Kingdom","[""shabbychic"",""lively"",""historic"",""rakish"",""atmospheric"",""convivial""]"
0c810bb6-aa44-4920-8e06-483c6c4cd509,White Cube Bermondsey,51.4993757,-0.082318,whitecube,,"[""exhibitions"",""installations"",""paintings"",""sculpture"",""collectors"",""commissions"",""catalogues"",""editions"",""screenings"",""archives""]",,"[""museum""]","[""midday"",""afternoon""]",1,$,1,,london,white-cube-bermondsey-ldn,,"[""https://www.instagram.com/whitecube/""]","{""Fri"": {""open1"": ""10:00 am"", ""close1"": ""6:00 pm""}, ""Mon"": null, ""Sat"": {""open1"": ""10:00 am"", ""close1"": ""6:00 pm""}, ""Sun"": {""open1"": ""12:00 pm"", ""close1"": ""6:00 pm""}, ""Thu"": {""open1"": ""10:00 am"", ""close1"": ""6:00 pm""}, ""Tue"": {""open1"": ""10:00 am"", ""close1"": ""6:00 pm""}, ""Wed"": {""open1"": ""10:00 am"", ""close1"": ""6:00 pm""}}","144-152, Bermondsey St, London SE1 3TQ, United Kingdom","[""monumental"",""austere"",""contemplative"",""expansive"",""polished"",""rarefied""]"
8af34d4c-9958-46f4-b65c-c351fb2c3a77,Whitechapel Gallery,51.5160864,-0.0701148,whitechapelgallery,,"[""exhibitions"",""commissions"",""archives"",""editions"",""prints"",""events"",""talks"",""artists"",""screenings"",""collecting""]",,"[""gallery""]","[""midday"",""afternoon""]",1,$,1,,london,whitechapel-gallery-ldn,,"[""https://www.instagram.com/whitechapelgallery""]","{""Fri"": {""open1"": ""11:00 am"", ""close1"": ""6:00 pm""}, ""Mon"": null, ""Sat"": {""open1"": ""11:00 am"", ""close1"": ""6:00 pm""}, ""Sun"": {""open1"": ""11:00 am"", ""close1"": ""6:00 pm""}, ""Thu"": {""open1"": ""11:00 am"", ""close1"": ""9:00 pm""}, ""Tue"": {""open1"": ""11:00 am"", ""close1"": ""6:00 pm""}, ""Wed"": {""open1"": ""11:00 am"", ""close1"": ""6:00 pm""}}","77-82 Whitechapel High St, London E1 7QX, United Kingdom","[""historic"",""ambitious"",""cultural"",""expansive"",""serious"",""contemporary""]"
5bb6da65-89e1-4fb3-8a6f-68308ab55fcc,Wine Bar Mayfair,51.5087858,-0.1515736,winebarmayfair,,"[""wine"",""bottles"",""tastings"",""cheeses"",""charcuterie"",""champagne"",""aperitifs"",""vintages"",""pairings"",""vermouth""]",,"[""wine bar""]","[""afternoon"",""evening""]",1,$$,1,,london,wine-bar-mayfair-ldn,,"[""https://www.instagram.com/winebarmayfair/""]","{""Fri"": {""open1"": ""12:00 pm"", ""close1"": ""10:00 pm""}, ""Mon"": {""open1"": ""12:00 pm"", ""close1"": ""10:00 pm""}, ""Sat"": {""open1"": ""12:00 pm"", ""close1"": ""10:00 pm""}, ""Sun"": {""open1"": ""12:00 pm"", ""close1"": ""4:00 pm""}, ""Thu"": {""open1"": ""12:00 pm"", ""close1"": ""10:00 pm""}, ""Tue"": {""open1"": ""12:00 pm"", ""close1"": ""10:00 pm""}, ""Wed"": {""open1"": ""12:00 pm"", ""close1"": ""10:00 pm""}}","64 S Audley St, London W1K 2QT, United Kingdom","[""polished"",""intimate"",""refined"",""relaxed"",""sophisticated"",""warm""]"
523ceae0-c2a8-4a18-b045-1a580ed5a21d,Wolfox Speciality Coffee - Covent Garden,51.5145466,-0.1267494,wolfoxcoffee,,"[""espresso"",""meetings"",""pastries"",""lattes"",""coffees"",""workspaces"",""brunches"",""matcha"",""memberships"",""networking""]",,"[""coffee""]","[""morning"",""midday""]",1,$,1,,london,wolfox-speciality-coffee-covent-garden-ldn,,"[""https://www.instagram.com/wolfoxcoffee/""]","{""Fri"": {""open1"": ""8:00 am"", ""close1"": ""7:00 pm""}, ""Mon"": {""open1"": ""8:00 am"", ""close1"": ""7:00 pm""}, ""Sat"": {""open1"": ""9:00 am"", ""close1"": ""7:00 pm""}, ""Sun"": {""open1"": ""9:00 am"", ""close1"": ""6:00 pm""}, ""Thu"": {""open1"": ""8:00 am"", ""close1"": ""7:00 pm""}, ""Tue"": {""open1"": ""8:00 am"", ""close1"": ""7:00 pm""}, ""Wed"": {""open1"": ""8:00 am"", ""close1"": ""7:00 pm""}}","19 Monmouth St, London WC2H 9DD, United Kingdom","[""refined"",""minimalist"",""quiet"",""polished"",""exclusive"",""designled""]"
91bf0448-cb05-435a-b24e-2e3db4d09c80,Word On The Water - The London Bookbarge,51.535412,-0.1234795,word.on.the.water,,"[""books"",""barge"",""poetry"",""music"",""fiction"",""readings"",""gifts"",""secondhand"",""events"",""canals""]",,"[""bookstore""]","[""midday"",""afternoon""]",1,$,1,,london,word-on-the-water-the-london-bookbarge-ldn,,"[""https://www.instagram.com/word.on.the.water/?hl=en""]","{""Fri"": {""open1"": ""12:00 pm"", ""close1"": ""7:00 pm""}, ""Mon"": {""open1"": ""12:00 pm"", ""close1"": ""7:00 pm""}, ""Sat"": {""open1"": ""12:00 pm"", ""close1"": ""7:00 pm""}, ""Sun"": {""open1"": ""12:00 pm"", ""close1"": ""7:00 pm""}, ""Thu"": {""open1"": ""12:00 pm"", ""close1"": ""7:00 pm""}, ""Tue"": {""open1"": ""12:00 pm"", ""close1"": ""7:00 pm""}, ""Wed"": {""open1"": ""12:00 pm"", ""close1"": ""7:00 pm""}}","Regent's Canal Towpath, London N1C 4LW, United Kingdom","[""whimsical"",""bohemian"",""nostalgic"",""charming"",""intimate"",""eccentric""]"
f4a5aeb0-03cf-4a6d-a92e-93264421424a,Yasmin,51.5107132,-0.1374015,yasminsoho,,"[""middleeastern"",""cocktails"",""skewers"",""sumac"",""honey"",""sheepcheese"",""terrace"",""sharingplates"",""chermoula"",""revelry""]",,"[""lunch"",""dinner"",""rooftop""]","[""midday"",""afternoon"",""evening""]",1,$$$,1,,london,yasmin-ldn,,"[""https://www.instagram.com/yasminsoho""]","{""Fri"": {""open1"": ""12:00 pm"", ""close1"": ""11:00 pm""}, ""Mon"": null, ""Sat"": {""open1"": ""12:00 pm"", ""close1"": ""11:00 pm""}, ""Sun"": null, ""Thu"": {""open1"": ""12:00 pm"", ""close1"": ""11:00 pm""}, ""Tue"": {""open1"": ""12:00 pm"", ""close1"": ""11:00 pm""}, ""Wed"": {""open1"": ""12:00 pm"", ""close1"": ""11:00 pm""}}","1 Warwick St, London W1B 5LR, United Kingdom","[""breezy"",""lush"",""polished"",""vibrant"",""romantic"",""cinematic""]"
67e40e47-cbaf-40b0-a62f-66ce9f71f690,Ye Olde Cheshire Cheese,51.5143677,-0.1071699,yeoldecheshirecheese_,,"[""ales"",""pints"",""stout"",""pies"",""whisky"",""fireside"",""samuelsmith"",""heritage"",""cellars"",""history""]",,"[""pub""]","[""afternoon"",""evening""]",1,$$,1,,london,ye-olde-cheshire-cheese-ldn,,"[""https://www.instagram.com/yeoldecheshirecheese_/""]","{""Fri"": {""open1"": ""11:00 am"", ""close1"": ""12:00 am""}, ""Mon"": {""open1"": ""12:00 pm"", ""close1"": ""11:00 pm""}, ""Sat"": {""open1"": ""11:00 am"", ""close1"": ""12:00 am""}, ""Sun"": {""open1"": ""12:00 pm"", ""close1"": ""10:00 pm""}, ""Thu"": {""open1"": ""12:00 pm"", ""close1"": ""11:00 pm""}, ""Tue"": {""open1"": ""12:00 pm"", ""close1"": ""11:00 pm""}, ""Wed"": {""open1"": ""12:00 pm"", ""close1"": ""11:00 pm""}}","145 Fleet St, London EC4A 2BP, United Kingdom","[""historic"",""candlelit"",""atmospheric"",""rustic"",""labyrinthine"",""nostalgic""]"
b4c7e755-b00b-4cff-ae0f-bf3471c50416,Yeni,51.5126712,-0.1371098,yenisoho,,"[""turkish"",""scallops"",""muhammara"",""lamb"",""octopus"",""artichokes"",""baklava"",""tasting"",""yufka"",""wines""]",,"[""lunch"",""dinner""]","[""midday"",""evening""]",1,$$$,1,,london,yeni-ldn,,"[""https://www.instagram.com/yenisoho""]","{""Fri"": {""open1"": ""12:00 pm"", ""open2"": ""5:30 pm"", ""close1"": ""2:45 pm"", ""close2"": ""10:00 pm""}, ""Mon"": null, ""Sat"": {""open1"": ""1:00 pm"", ""close1"": ""10:30 pm""}, ""Sun"": {""open1"": ""1:00 pm"", ""close1"": ""9:00 pm""}, ""Thu"": {""open1"": ""12:00 pm"", ""open2"": ""5:30 pm"", ""close1"": ""2:45 pm"", ""close2"": ""10:00 pm""}, ""Tue"": {""open1"": ""12:00 pm"", ""open2"": ""5:30 pm"", ""close1"": ""2:45 pm"", ""close2"": ""10:00 pm""}, ""Wed"": {""open1"": ""12:00 pm"", ""open2"": ""5:30 pm"", ""close1"": ""2:45 pm"", ""close2"": ""10:00 pm""}}","55 Beak St, Carnaby, London W1F 9SH, United Kingdom","[""soulful"",""vibrant"",""refined"",""warm"",""earthy"",""elegant""]"
87fb6295-a101-4795-9458-e410de668b55,YUGU Store,51.5394116,-0.0578098,yugu.store,,"[""apparel"",""korean"",""denim"",""knitwear"",""bags"",""jewelry"",""stationery"",""accessories"",""streetwear"",""gifts""]",,"[""lifestyle""]","[""midday"",""afternoon""]",1,$$,1,,london,yugu-store-ldn,,"[""https://www.instagram.com/yugu.store/?hl=en""]","{""Fri"": {""open1"": ""10:00 am"", ""close1"": ""6:00 pm""}, ""Mon"": {""open1"": ""10:00 am"", ""close1"": ""6:00 pm""}, ""Sat"": {""open1"": ""10:00 am"", ""close1"": ""6:00 pm""}, ""Sun"": {""open1"": ""10:00 am"", ""close1"": ""6:00 pm""}, ""Thu"": {""open1"": ""10:00 am"", ""close1"": ""6:00 pm""}, ""Tue"": {""open1"": ""10:00 am"", ""close1"": ""6:00 pm""}, ""Wed"": {""open1"": ""10:00 am"", ""close1"": ""6:00 pm""}}","376 Mentmore Terrace, London E8 3DQ, United Kingdom","[""playful"",""colorful"",""youthful"",""eclectic"",""creative"",""vibrant""]"
99f84acb-2329-4869-b260-76e764747280,Zephyr Notting Hill,51.5133132,-0.2026129,zephyrnottinghill,,"[""greek"",""seafood"",""lamb"",""fish"",""cocktails"",""sharingplates"",""mezze"",""wine"",""grilledmeats"",""olives""]",,"[""lunch"",""dinner""]","[""midday"",""evening""]",1,$$$,1,,london,zephyr-notting-hill-ldn,,"[""https://www.instagram.com/zephyrnottinghill""]","{""Fri"": {""open1"": ""12:00 pm"", ""open2"": ""6:00 pm"", ""close1"": ""3:30 pm"", ""close2"": ""10:30 pm""}, ""Mon"": {""open1"": ""12:00 pm"", ""open2"": ""6:00 pm"", ""close1"": ""3:30 pm"", ""close2"": ""10:30 pm""}, ""Sat"": {""open1"": ""12:00 pm"", ""open2"": ""6:00 pm"", ""close1"": ""3:30 pm"", ""close2"": ""10:30 pm""}, ""Sun"": {""open1"": ""12:00 pm"", ""open2"": ""6:00 pm"", ""close1"": ""3:30 pm"", ""close2"": ""9:30 pm""}, ""Thu"": {""open1"": ""12:00 pm"", ""open2"": ""6:00 pm"", ""close1"": ""3:30 pm"", ""close2"": ""10:30 pm""}, ""Tue"": {""open1"": ""12:00 pm"", ""open2"": ""6:00 pm"", ""close1"": ""3:30 pm"", ""close2"": ""10:30 pm""}, ""Wed"": {""open1"": ""12:00 pm"", ""open2"": ""6:00 pm"", ""close1"": ""3:30 pm"", ""close2"": ""10:30 pm""}}","100 Portobello Rd, London W11 2QD, United Kingdom","[""breezy"",""coastal"",""stylish"",""relaxed"",""polished"",""vibrant""]"
d800f71c-e4bf-4e72-bb4f-1840f164eda5,Zum Barbarossa,51.5140965,-0.1329194,zumbarbarossa,,"[""cocktails"",""djs"",""dancing"",""spirits"",""seafood"",""bites"",""music"",""late"",""speakeasy"",""groups""]",,"[""cocktail"",""lounge""]","[""evening"",""late""]",1,$$$,1,,london,zum-barbarossa-ldn,,"[""https://www.instagram.com/zumbarbarossa/?__d=1%2F""]","{""Fri"": {""open1"": ""5:00 pm"", ""close1"": ""12:00 am""}, ""Mon"": {""open1"": ""6:00 pm"", ""close1"": ""11:30 pm""}, ""Sat"": {""open1"": ""2:00 pm"", ""close1"": ""12:00 am""}, ""Sun"": {""open1"": ""5:00 pm"", ""close1"": ""10:30 pm""}, ""Thu"": {""open1"": ""6:00 pm"", ""close1"": ""11:30 pm""}, ""Tue"": {""open1"": ""6:00 pm"", ""close1"": ""11:30 pm""}, ""Wed"": {""open1"": ""6:00 pm"", ""close1"": ""11:30 pm""}}","77 Dean St, London W1D 3SH, United Kingdom","[""hidden"",""intimate"",""nocturnal"",""stylish"",""underground"",""playful""]"